{"stats":{"minecraft:mined":{"biomesoplenty:redwood_planks":1,"minecraft:white_bed":2,"minecraft:crafting_table":3,"gravestone:gravestone":4,"minecraft:granite":8,"minecraft:grass_block":2,"minecraft:rose_bush":1,"minecraft:cobblestone":2,"minecraft:spruce_leaves":203,"biomesoplenty:willow_log":16,"minecraft:diorite":1,"minecraft:wall_torch":4,"minecraft:furnace":1,"minecraft:iron_ore":50,"minecraft:sweet_berry_bush":3,"biomesoplenty:lavender":6,"slimier-slimes:brown_slimy_stone":1,"minecraft:spruce_log":29,"minecraft:andesite":10,"treechop:chopped_log":28,"biomesoplenty:willow_vine":1,"minecraft:grass":13,"minecraft:oak_log":1,"minecraft:coal_ore":193,"minecraft:dirt":2,"minecraft:stone":158,"minecraft:mossy_stone_bricks":1,"minecraft:oak_leaves":27,"biomesoplenty:willow_leaves":295},"minecraft:broken":{"minecraft:stone_pickaxe":1,"minecraft:wooden_pickaxe":1},"minecraft:killed_by":{"minecraft:husk":2,"hmag:hornet":1,"minecraft:creeper":1,"hmag:creeper_girl":1},"minecraft:used":{"minecraft:stone_pickaxe":131,"minecraft:baked_potato":8,"minecraft:shield":5,"minecraft:spruce_planks":17,"minecraft:chest":2,"minecraft:wooden_pickaxe":70,"minecraft:iron_sword":18,"biomesoplenty:lavender":2,"minecraft:torch":6,"minecraft:dirt":3,"minecraft:crafting_table":4,"minecraft:wooden_axe":41,"minecraft:bread":14,"minecraft:iron_pickaxe":225,"minecraft:spruce_sapling":10,"minecraft:cobblestone":25,"minecraft:sweet_berries":12,"minecraft:oak_sapling":2,"minecraft:furnace":4,"minecraft:bucket":1,"alexsmobs:animal_dictionary":1,"minecraft:cooked_beef":2},"minecraft:dropped":{"biomesoplenty:jacaranda_sapling":4,"biomesoplenty:lavender":15,"biomesoplenty:redwood_planks":1,"minecraft:granite":8,"biomesoplenty:violet":1,"slimier-slimes:brown_jelly":1,"minecraft:dirt":7,"minecraft:diorite":1,"minecraft:andesite":10,"gravestone:obituary":4},"minecraft:crafted":{"minecraft:oak_planks":4,"minecraft:crafting_table":2,"minecraft:spruce_planks":112,"minecraft:iron_helmet":1,"minecraft:baked_potato":17,"minecraft:wooden_pickaxe":2,"minecraft:iron_sword":1,"minecraft:furnace":3,"minecraft:bucket":1,"minecraft:air":0,"minecraft:iron_boots":1,"minecraft:iron_chestplate":1,"minecraft:shield":1,"minecraft:stick":4,"minecraft:iron_ingot":48,"minecraft:iron_pickaxe":3,"minecraft:stone_pickaxe":1,"minecraft:wooden_axe":2,"minecraft:chest":2,"minecraft:iron_leggings":1},"minecraft:custom":{"minecraft:interact_with_furnace":34,"minecraft:mob_kills":3,"minecraft:interact_with_crafting_table":21,"minecraft:play_one_minute":88963,"minecraft:leave_game":3,"minecraft:time_since_death":3363,"minecraft:sleep_in_bed":5,"minecraft:climb_one_cm":1108,"minecraft:time_since_rest":3434,"minecraft:sprint_one_cm":206496,"minecraft:damage_taken":3432,"minecraft:walk_one_cm":136688,"minecraft:damage_blocked_by_shield":1021,"minecraft:drop":18,"minecraft:damage_dealt":985,"minecraft:swim_one_cm":21164,"minecraft:fly_one_cm":327345,"minecraft:open_chest":33,"minecraft:crouch_one_cm":3498,"minecraft:deaths":5,"minecraft:sneak_time":2541,"minecraft:walk_under_water_one_cm":1742,"minecraft:jump":1483,"minecraft:walk_on_water_one_cm":12551,"minecraft:fall_one_cm":42056},"minecraft:killed":{"minecraft:cave_spider":1,"minecraft:spider":1,"minecraft:skeleton":1},"minecraft:picked_up":{"biomesoplenty:lavender":17,"minecraft:crafting_table":3,"minecraft:cooked_beef":2,"minecraft:andesite":10,"minecraft:lead":2,"biomesoplenty:violet":1,"biomesoplenty:jacaranda_sapling":4,"minecraft:oak_log":1,"minecraft:string":1,"minecraft:dirt":10,"slimier-slimes:brown_jelly":1,"minecraft:bone":2,"minecraft:wheat_seeds":1,"minecraft:iron_ingot":2,"minecraft:iron_ore":50,"minecraft:honeycomb":1,"minecraft:furnace":1,"silentgear:fine_silk":1,"minecraft:stick":16,"minecraft:sweet_berries":12,"minecraft:torch":36,"minecraft:spruce_sapling":10,"minecraft:diorite":1,"minecraft:spruce_log":28,"biomesoplenty:redwood_planks":1,"minecraft:arrow":2,"biomesoplenty:jacaranda_log":1,"biomesoplenty:willow_log":12,"biomesoplenty:willow_sapling":7,"minecraft:granite":8,"minecraft:bread":14,"minecraft:oak_sapling":2,"minecraft:coal":254,"minecraft:cobblestone":161}},"DataVersion":2586}