{"stats":{"minecraft:killed":{"hmag:ghost":2,"farlanders:rebel":1,"minecraft:spider":1,"hmag:kobold":1,"minecraft:skeleton":1,"minecraft:zombie":2,"minecraft:stray":3,"aquaculture:atlantic_herring":1,"minecraft:wither_skeleton":5},"minecraft:picked_up":{"minecraft:wooden_axe":1,"minecraft:lime_bed":1,"iceandfire:sapphire_gem":1,"minecraft:magma_block":3,"minecraft:crafting_table":2,"minecraft:iron_chestplate":3,"hmag:copper_nugget":2,"minecraft:cooked_beef":6,"iceandfire:witherbone":8,"minecraft:andesite":1,"minecraft:diamond_sword":1,"biomesoplenty:fir_sapling":25,"biomesoplenty:fir_log":103,"silentgear:sinew":1,"iceandfire:frozen_cobblestone":8,"gravestone:obituary":10,"minecraft:shield":1,"iceandfire:frozen_stone":12,"iceandfire:frozen_grass":3,"minecraft:dirt":1,"minecraft:red_nether_bricks":4,"minecraft:cooked_salmon":1,"minecraft:iron_leggings":2,"minecraft:bone":11,"minecraft:wheat_seeds":2,"biomesoplenty:fir_planks":5,"minecraft:beef":4,"minecraft:spruce_planks":3,"minecraft:iron_ingot":3,"minecraft:grindstone":1,"minecraft:iron_ore":1,"minecraft:iron_pickaxe":1,"minecraft:diamond_helmet":4,"aquaculture:atlantic_herring":1,"minecraft:tipped_arrow":4,"silentgear:fine_silk":1,"minecraft:stick":11,"minecraft:pumpkin":2,"minecraft:sweet_berries":41,"hmag:soul_powder":2,"minecraft:torch":1,"minecraft:melon":3,"sophisticatedbackpacks:iron_backpack":1,"minecraft:carrot":2,"minecraft:spruce_log":4,"relics:wool_mitten":1,"hmag:kobold_leather":1,"alexsmobs:centipede_leg":1,"iceandfire:frozen_dirt":3,"minecraft:diamond_chestplate":1,"minecraft:arrow":5,"minecraft:rotten_flesh":2,"minecraft:nether_bricks":5,"minecraft:diamond_boots":3,"iceandfire:dragon_ice":1,"minecraft:iron_helmet":1,"minecraft:diamond_axe":1,"minecraft:golden_apple":1,"minecraft:bread":1,"minecraft:baked_potato":4,"evolved_rpg:everice_shard":4,"minecraft:coal":4,"minecraft:cobblestone":26},"minecraft:crafted":{"minecraft:crafting_table":2,"minecraft:spruce_planks":16,"minecraft:wooden_pickaxe":1,"minecraft:iron_sword":1,"biomesoplenty:fir_planks":156,"minecraft:stick":8,"minecraft:iron_pickaxe":1,"minecraft:wooden_axe":1,"minecraft:chest":1},"minecraft:used":{"minecraft:baked_potato":8,"minecraft:wooden_pickaxe":1,"minecraft:spruce_planks":16,"minecraft:chest":1,"minecraft:shield":39,"minecraft:iron_sword":76,"biomesoplenty:fir_planks":48,"minecraft:cooked_chicken":2,"minecraft:cooked_salmon":1,"minecraft:torch":1,"iceandfire:frozen_dirt":3,"minecraft:golden_apple":1,"minecraft:dirt":1,"minecraft:crafting_table":4,"iceandfire:frozen_grass":3,"hmag:bat_stew":2,"minecraft:wooden_axe":32,"minecraft:apple":3,"minecraft:bread":9,"minecraft:iron_pickaxe":36,"iceandfire:dragon_ice":1,"minecraft:rabbit_stew":1,"minecraft:diamond_sword":234,"minecraft:sweet_berries":54,"minecraft:cooked_beef":6,"minecraft:pumpkin":2,"minecraft:beetroot_soup":1},"minecraft:custom":{"minecraft:mob_kills":11,"minecraft:interact_with_crafting_table":15,"minecraft:open_barrel":3,"minecraft:play_one_minute":124744,"minecraft:eat_cake_slice":1,"minecraft:time_since_death":502,"minecraft:sleep_in_bed":1,"minecraft:climb_one_cm":2821,"minecraft:time_since_rest":531,"minecraft:sprint_one_cm":647582,"minecraft:damage_absorbed":40,"minecraft:damage_taken":5891,"minecraft:walk_one_cm":319739,"minecraft:damage_blocked_by_shield":2251,"minecraft:drop":48,"minecraft:damage_dealt":5219,"minecraft:swim_one_cm":10326,"minecraft:fly_one_cm":547256,"minecraft:open_chest":82,"minecraft:crouch_one_cm":16312,"minecraft:deaths":16,"minecraft:sneak_time":4918,"minecraft:walk_under_water_one_cm":4376,"minecraft:jump":2631,"minecraft:walk_on_water_one_cm":23703,"minecraft:fall_one_cm":57390},"minecraft:mined":{"minecraft:spruce_planks":1,"evolved_rpg:everice_ore":1,"minecraft:red_nether_bricks":2,"iceandfire:frozen_stone":1,"minecraft:nether_bricks":2,"minecraft:crafting_table":1,"minecraft:torch":1,"gravestone:gravestone":10,"biomesoplenty:fir_planks":2,"minecraft:grass_block":1,"sophisticatedbackpacks:iron_backpack":1,"iceandfire:sapphire_ore":2,"minecraft:spruce_leaves":4,"minecraft:grindstone":1,"minecraft:lime_bed":1,"minecraft:spawner":4,"minecraft:large_fern":1,"minecraft:magma_block":1,"minecraft:iron_ore":1,"minecraft:fire":2,"minecraft:spruce_log":3,"minecraft:pumpkin":2,"treechop:chopped_log":25,"biomesoplenty:fir_log":117,"minecraft:grass":2,"minecraft:vine":1,"biomesoplenty:fir_leaves":526,"minecraft:stone":22,"minecraft:fern":1},"minecraft:broken":{"minecraft:diamond_boots":1,"minecraft:shield":1,"minecraft:iron_chestplate":1},"minecraft:dropped":{"minecraft:bowl":4,"minecraft:nether_bricks":5,"minecraft:carrot":2,"minecraft:coal":2,"minecraft:melon":6,"biomesoplenty:fir_planks":61,"hmag:bat_stew":1,"minecraft:andesite":1,"minecraft:wooden_axe":2,"gravestone:obituary":26,"minecraft:red_nether_bricks":4,"minecraft:wooden_pickaxe":1,"minecraft:magma_block":1},"minecraft:killed_by":{"alexsmobs:crocodile":1,"minecraft:wither_skeleton":2,"iceandfire:ice_dragon":3,"evolved_rpg:frozen_crab":3,"minecraft:stray":1,"minecraft:creeper":1,"minecraft:spider":1,"iceandfire:ghost":1,"hmag:necrotic_reaper":1,"iceandfire:sea_serpent":1}},"DataVersion":2586}