{"stats":{"minecraft:mined":{"minecraft:white_bed":2,"minecraft:iron_ore":9,"minecraft:sweet_berry_bush":3,"biomesoplenty:lavender":4,"minecraft:spruce_log":29,"treechop:chopped_log":28,"biomesoplenty:willow_vine":1,"minecraft:crafting_table":2,"gravestone:gravestone":1,"minecraft:grass":12,"minecraft:grass_block":2,"minecraft:oak_log":1,"minecraft:rose_bush":1,"minecraft:dirt":2,"minecraft:stone":91,"minecraft:spruce_leaves":203,"biomesoplenty:willow_log":16,"minecraft:oak_leaves":27,"biomesoplenty:willow_leaves":295},"minecraft:broken":{"minecraft:wooden_pickaxe":1},"minecraft:killed_by":{"hmag:creeper_girl":1},"minecraft:crafted":{"minecraft:oak_planks":4,"minecraft:crafting_table":1,"minecraft:spruce_planks":112,"minecraft:wooden_pickaxe":1,"minecraft:stone_pickaxe":1,"minecraft:wooden_axe":2,"minecraft:chest":2},"minecraft:used":{"minecraft:wooden_axe":41,"minecraft:stone_pickaxe":41,"minecraft:bread":6,"minecraft:chest":2,"minecraft:spruce_planks":17,"minecraft:wooden_pickaxe":59,"minecraft:spruce_sapling":10,"minecraft:dirt":3,"minecraft:sweet_berries":12,"minecraft:crafting_table":3,"minecraft:oak_sapling":2,"alexsmobs:animal_dictionary":1,"minecraft:cooked_beef":2},"minecraft:custom":{"minecraft:time_since_rest":5918,"minecraft:sprint_one_cm":100656,"minecraft:damage_taken":568,"minecraft:walk_one_cm":45524,"minecraft:drop":6,"minecraft:damage_dealt":75,"minecraft:swim_one_cm":21164,"minecraft:interact_with_crafting_table":7,"minecraft:fly_one_cm":205003,"minecraft:open_chest":8,"minecraft:crouch_one_cm":1237,"minecraft:play_one_minute":52963,"minecraft:deaths":1,"minecraft:sneak_time":1167,"minecraft:walk_under_water_one_cm":1742,"minecraft:jump":890,"minecraft:walk_on_water_one_cm":11293,"minecraft:leave_game":3,"minecraft:time_since_death":35986,"minecraft:sleep_in_bed":4,"minecraft:climb_one_cm":1108,"minecraft:fall_one_cm":22798},"minecraft:dropped":{"biomesoplenty:violet":1,"minecraft:dirt":4,"biomesoplenty:jacaranda_sapling":4,"biomesoplenty:lavender":9},"minecraft:picked_up":{"biomesoplenty:lavender":9,"minecraft:stick":16,"minecraft:crafting_table":2,"minecraft:cooked_beef":2,"minecraft:sweet_berries":12,"minecraft:lead":2,"biomesoplenty:violet":1,"biomesoplenty:jacaranda_sapling":4,"minecraft:oak_log":1,"minecraft:spruce_sapling":10,"minecraft:spruce_log":28,"minecraft:dirt":7,"biomesoplenty:willow_log":12,"biomesoplenty:jacaranda_log":1,"minecraft:wheat_seeds":1,"biomesoplenty:willow_sapling":7,"minecraft:iron_ore":9,"minecraft:bread":14,"minecraft:oak_sapling":2,"minecraft:cobblestone":91}},"DataVersion":2586}