{"stats":{"minecraft:mined":{"minecraft:white_bed":2,"gravestone:gravestone":5,"minecraft:granite":8,"minecraft:grass_block":3,"minecraft:spruce_leaves":203,"minecraft:spawner":7,"minecraft:furnace":1,"minecraft:iron_ore":51,"biomesoplenty:lavender":6,"minecraft:andesite":12,"treechop:chopped_log":28,"biomesoplenty:willow_vine":1,"minecraft:vine":10,"minecraft:stone":215,"biomesoplenty:willow_leaves":295,"biomesoplenty:redwood_planks":1,"minecraft:crafting_table":3,"minecraft:rose_bush":1,"minecraft:cobblestone":12,"biomesoplenty:willow_log":16,"minecraft:diorite":4,"minecraft:wall_torch":5,"minecraft:sweet_berry_bush":3,"minecraft:spruce_log":29,"slimier-slimes:brown_slimy_stone":1,"minecraft:grass":13,"minecraft:coal_ore":202,"minecraft:oak_log":1,"minecraft:gravel":4,"minecraft:dirt":6,"minecraft:lodestone":1,"minecraft:stone_bricks":2,"minecraft:mossy_stone_bricks":1,"minecraft:oak_leaves":27,"iceandfire:chared_stone":1},"minecraft:broken":{"minecraft:iron_boots":1,"minecraft:iron_leggings":1,"minecraft:wooden_pickaxe":1,"minecraft:stone_pickaxe":1,"minecraft:iron_sword":1,"minecraft:iron_pickaxe":1},"minecraft:killed_by":{"minecraft:husk":2,"minecraft:creeper":1,"minecraft:spider":1,"hmag:creeper_girl":1,"hmag:hornet":1,"minecraft:cave_spider":1,"iceandfire:fire_dragon":1},"minecraft:used":{"minecraft:chest":2,"minecraft:spruce_planks":17,"minecraft:shield":17,"minecraft:iron_sword":287,"dragonmounts:aether_dragon_egg":1,"minecraft:torch":15,"minecraft:dirt":12,"minecraft:wooden_axe":41,"minecraft:sweet_berries":12,"minecraft:furnace":4,"minecraft:oak_sapling":2,"minecraft:cooked_beef":2,"minecraft:water_bucket":4,"minecraft:stone_pickaxe":131,"minecraft:baked_potato":17,"minecraft:wooden_pickaxe":94,"biomesoplenty:lavender":2,"minecraft:crafting_table":4,"minecraft:enderman_spawn_egg":1,"minecraft:bread":39,"minecraft:iron_pickaxe":306,"minecraft:spruce_sapling":10,"minecraft:cobblestone":76,"minecraft:bucket":5,"alexsmobs:animal_dictionary":1},"minecraft:custom":{"minecraft:mob_kills":51,"minecraft:interact_with_crafting_table":27,"minecraft:open_barrel":1,"minecraft:leave_game":3,"minecraft:time_since_death":0,"minecraft:climb_one_cm":1322,"minecraft:sprint_one_cm":381466,"minecraft:walk_one_cm":250080,"minecraft:damage_blocked_by_shield":1636,"minecraft:drop":43,"minecraft:damage_dealt_absorbed":80,"minecraft:deaths":8,"minecraft:sneak_time":8160,"minecraft:walk_under_water_one_cm":6916,"minecraft:jump":2196,"minecraft:walk_on_water_one_cm":19827,"minecraft:interact_with_furnace":35,"minecraft:play_one_minute":130963,"minecraft:sleep_in_bed":6,"minecraft:time_since_rest":7,"minecraft:damage_taken":5709,"minecraft:damage_dealt":10975,"minecraft:swim_one_cm":31868,"minecraft:fly_one_cm":493391,"minecraft:open_chest":69,"minecraft:crouch_one_cm":12806,"minecraft:fall_one_cm":60334},"minecraft:crafted":{"minecraft:oak_planks":4,"minecraft:furnace":3,"minecraft:iron_boots":1,"minecraft:stone_pickaxe":1,"minecraft:chest":2,"minecraft:crafting_table":2,"minecraft:spruce_planks":112,"minecraft:wooden_pickaxe":3,"minecraft:baked_potato":17,"minecraft:iron_helmet":1,"minecraft:iron_sword":3,"minecraft:bucket":1,"minecraft:air":0,"minecraft:iron_chestplate":1,"minecraft:shield":3,"minecraft:stick":8,"minecraft:iron_ingot":48,"minecraft:iron_pickaxe":3,"minecraft:wooden_axe":2,"minecraft:iron_leggings":1},"minecraft:dropped":{"iceandfire:chared_stone":1,"biomesoplenty:jacaranda_sapling":4,"biomesoplenty:lavender":15,"minecraft:iron_helmet":1,"minecraft:granite":8,"minecraft:flint":1,"biomesoplenty:violet":1,"minecraft:dirt":8,"minecraft:diorite":1,"minecraft:lodestone":1,"artifacts:charm_of_sinking":1,"gravestone:obituary":6,"minecraft:string":3,"minecraft:bone":2,"minecraft:rotten_flesh":5,"biomesoplenty:redwood_planks":1,"slimier-slimes:brown_jelly":1,"minecraft:iron_chestplate":1,"minecraft:andesite":12,"minecraft:stone_bricks":1,"minecraft:spider_eye":3,"minecraft:iron_ore":1,"minecraft:wooden_pickaxe":1},"minecraft:killed":{"minecraft:cave_spider":7,"minecraft:spider":13,"minecraft:skeleton":6,"minecraft:silverfish":13,"artifacts:mimic":3,"minecraft:husk":2,"hmag:ghost":1,"farlanders:looter":1,"minecraft:zombie":5},"minecraft:picked_up":{"minecraft:crafting_table":3,"minecraft:lead":2,"iceandfire:chain":1,"biomesoplenty:violet":1,"biomesoplenty:jacaranda_sapling":4,"minecraft:string":15,"minecraft:diamond_leggings":1,"minecraft:furnace":1,"minecraft:stick":16,"artifacts:charm_of_sinking":2,"minecraft:torch":41,"minecraft:diorite":4,"biomesoplenty:redwood_planks":1,"minecraft:arrow":5,"minecraft:rotten_flesh":7,"biomesoplenty:jacaranda_log":1,"biomesoplenty:willow_sapling":7,"minecraft:diamond_boots":1,"artifacts:running_shoes":2,"minecraft:cobblestone":228,"biomesoplenty:lavender":17,"minecraft:cooked_beef":2,"minecraft:andesite":14,"minecraft:flint":1,"minecraft:oak_log":1,"artifacts:cloud_in_a_bottle":1,"minecraft:dirt":24,"slimier-slimes:brown_jelly":1,"minecraft:bone":6,"minecraft:stone_bricks":1,"minecraft:bow":1,"minecraft:wheat_seeds":1,"minecraft:iron_ingot":2,"minecraft:iron_ore":51,"minecraft:honeycomb":1,"minecraft:iron_sword":1,"silentgear:fine_silk":2,"iceandfire:chared_stone":1,"minecraft:sweet_berries":12,"minecraft:gravel":3,"minecraft:spruce_sapling":10,"minecraft:spruce_log":28,"minecraft:spider_eye":4,"biomesoplenty:willow_log":12,"minecraft:granite":8,"minecraft:bread":78,"minecraft:lodestone":1,"minecraft:oak_sapling":2,"minecraft:coal":263}},"DataVersion":2586}