{"stats":{"minecraft:killed":{"minecraft:spider":1,"hmag:kobold":1,"minecraft:skeleton":1,"minecraft:zombie":2,"minecraft:stray":3,"minecraft:wither_skeleton":3},"minecraft:picked_up":{"minecraft:wooden_axe":1,"minecraft:magma_block":1,"minecraft:crafting_table":1,"minecraft:iron_chestplate":3,"hmag:copper_nugget":2,"minecraft:cooked_beef":6,"iceandfire:witherbone":7,"minecraft:andesite":1,"minecraft:diamond_sword":1,"biomesoplenty:fir_sapling":25,"biomesoplenty:fir_log":103,"gravestone:obituary":9,"minecraft:shield":1,"iceandfire:frozen_grass":3,"minecraft:dirt":1,"minecraft:red_nether_bricks":2,"minecraft:cooked_salmon":1,"minecraft:iron_leggings":2,"minecraft:bone":7,"minecraft:wheat_seeds":2,"biomesoplenty:fir_planks":3,"minecraft:spruce_planks":3,"minecraft:grindstone":1,"minecraft:iron_pickaxe":1,"minecraft:diamond_helmet":4,"minecraft:tipped_arrow":4,"silentgear:fine_silk":1,"minecraft:stick":11,"minecraft:sweet_berries":41,"minecraft:torch":1,"sophisticatedbackpacks:iron_backpack":1,"minecraft:spruce_log":4,"hmag:kobold_leather":1,"iceandfire:frozen_dirt":3,"minecraft:arrow":5,"minecraft:rotten_flesh":2,"minecraft:nether_bricks":3,"minecraft:diamond_boots":2,"iceandfire:dragon_ice":1,"minecraft:iron_helmet":1,"minecraft:diamond_axe":1,"minecraft:golden_apple":1,"minecraft:baked_potato":4,"evolved_rpg:everice_shard":3,"minecraft:coal":2,"minecraft:cobblestone":20},"minecraft:crafted":{"minecraft:crafting_table":2,"minecraft:spruce_planks":16,"minecraft:wooden_pickaxe":1,"minecraft:iron_sword":1,"biomesoplenty:fir_planks":156,"minecraft:stick":4,"minecraft:wooden_axe":1,"minecraft:chest":1},"minecraft:used":{"minecraft:baked_potato":8,"minecraft:wooden_pickaxe":1,"minecraft:spruce_planks":16,"minecraft:chest":1,"minecraft:shield":25,"minecraft:iron_sword":76,"biomesoplenty:fir_planks":48,"minecraft:cooked_chicken":2,"minecraft:cooked_salmon":1,"minecraft:torch":1,"iceandfire:frozen_dirt":3,"minecraft:golden_apple":1,"minecraft:dirt":1,"minecraft:crafting_table":3,"iceandfire:frozen_grass":3,"minecraft:wooden_axe":32,"minecraft:apple":3,"minecraft:bread":2,"minecraft:iron_pickaxe":26,"iceandfire:dragon_ice":1,"minecraft:rabbit_stew":1,"minecraft:diamond_sword":180,"minecraft:sweet_berries":54,"minecraft:cooked_beef":6,"minecraft:beetroot_soup":1},"minecraft:custom":{"minecraft:mob_kills":6,"minecraft:interact_with_crafting_table":13,"minecraft:open_barrel":2,"minecraft:play_one_minute":94744,"minecraft:time_since_death":4410,"minecraft:sleep_in_bed":1,"minecraft:climb_one_cm":1035,"minecraft:time_since_rest":4465,"minecraft:sprint_one_cm":443211,"minecraft:damage_absorbed":40,"minecraft:damage_taken":4198,"minecraft:walk_one_cm":223627,"minecraft:damage_blocked_by_shield":1670,"minecraft:drop":30,"minecraft:damage_dealt":3741,"minecraft:swim_one_cm":1537,"minecraft:fly_one_cm":431286,"minecraft:open_chest":61,"minecraft:crouch_one_cm":8982,"minecraft:deaths":11,"minecraft:sneak_time":3685,"minecraft:walk_under_water_one_cm":2077,"minecraft:jump":2026,"minecraft:walk_on_water_one_cm":13751,"minecraft:fall_one_cm":49433},"minecraft:mined":{"minecraft:spruce_planks":1,"minecraft:red_nether_bricks":2,"minecraft:nether_bricks":2,"minecraft:crafting_table":1,"minecraft:torch":1,"gravestone:gravestone":7,"biomesoplenty:fir_planks":2,"minecraft:grass_block":1,"sophisticatedbackpacks:iron_backpack":1,"minecraft:spruce_leaves":4,"minecraft:grindstone":1,"minecraft:spawner":2,"minecraft:large_fern":1,"minecraft:magma_block":1,"minecraft:fire":2,"minecraft:spruce_log":3,"treechop:chopped_log":25,"biomesoplenty:fir_log":117,"minecraft:grass":2,"biomesoplenty:fir_leaves":526,"minecraft:stone":19,"minecraft:fern":1},"minecraft:broken":{"minecraft:diamond_boots":1},"minecraft:dropped":{"minecraft:bowl":2,"minecraft:nether_bricks":1,"biomesoplenty:fir_planks":61,"minecraft:andesite":1,"minecraft:wooden_axe":2,"gravestone:obituary":20,"minecraft:wooden_pickaxe":1,"minecraft:magma_block":1},"minecraft:killed_by":{"minecraft:wither_skeleton":1,"iceandfire:ice_dragon":2,"evolved_rpg:frozen_crab":3,"minecraft:stray":1,"minecraft:creeper":1,"minecraft:spider":1,"iceandfire:ghost":1}},"DataVersion":2586}