{"stats":{"minecraft:custom":{"minecraft:time_since_rest":3118,"minecraft:interact_with_furnace":1,"minecraft:sprint_one_cm":55483,"minecraft:damage_taken":650,"minecraft:walk_one_cm":23157,"minecraft:drop":17,"minecraft:damage_dealt":259,"minecraft:talked_to_villager":1,"minecraft:fly_one_cm":119280,"minecraft:open_chest":1,"minecraft:play_one_minute":12019,"minecraft:deaths":3,"minecraft:sneak_time":16,"minecraft:jump":421,"minecraft:leave_game":1,"minecraft:walk_on_water_one_cm":4270,"minecraft:time_since_death":3092,"minecraft:fall_one_cm":12738},"minecraft:picked_up":{"minecraft:book":21,"apotheosis:rare_tome":1,"apotheosis:weapon_book":1,"minecraft:potato":12,"minecraft:stone_brick_wall":1,"minecraft:stone_brick_stairs":2,"minecraft:cobblestone_wall":5,"minecraft:trapped_chest":1,"minecraft:dirt":1,"minecraft:item_frame":3,"minecraft:wheat_seeds":1,"apotheosis:scrap_tome":1,"apotheosis:digger_book":1,"minecraft:pink_tulip":1,"minecraft:bread":2,"minecraft:spruce_slab":2,"minecraft:chest":1,"minecraft:iron_bars":1,"minecraft:spruce_trapdoor":1},"minecraft:mined":{"minecraft:spruce_log":1,"treechop:chopped_log":1,"gravestone:gravestone":3,"minecraft:grass":6,"minecraft:chest":1,"minecraft:pink_tulip":2},"minecraft:killed_by":{"alexsmobs:crocodile":2,"dungeonsmod:pitcher":1},"minecraft:dropped":{"minecraft:dirt":6,"apotheosis:common_tome":1,"minecraft:wheat_seeds":1,"apotheosis:epic_tome":1,"minecraft:spruce_trapdoor":1,"apotheosis:digger_book":1,"gravestone:obituary":3,"minecraft:spruce_slab":2,"apotheosis:armor_feet_book":1,"apotheosis:uncommon_tome":1,"minecraft:stone_brick_stairs":2,"apotheosis:scrap_tome":1,"apotheosis:rare_tome":2,"apotheosis:weapon_book":1,"minecraft:pink_tulip":1},"minecraft:used":{"minecraft:stone_sword":21,"minecraft:stone_axe":1,"minecraft:cobblestone":2}},"DataVersion":2586}