{"stats":{"minecraft:killed":{"minecraft:creeper":1},"minecraft:custom":{"minecraft:time_since_rest":520,"minecraft:waystone_activated":1,"minecraft:interact_with_furnace":1,"minecraft:sprint_one_cm":82031,"minecraft:damage_taken":1250,"minecraft:walk_one_cm":58000,"minecraft:mob_kills":1,"minecraft:drop":20,"minecraft:damage_dealt":526,"minecraft:talked_to_villager":1,"minecraft:fly_one_cm":152611,"minecraft:open_chest":2,"minecraft:play_one_minute":19689,"minecraft:deaths":5,"minecraft:sneak_time":16,"minecraft:jump":568,"minecraft:leave_game":2,"minecraft:walk_on_water_one_cm":4270,"minecraft:time_since_death":848,"minecraft:sleep_in_bed":2,"minecraft:fall_one_cm":16477},"minecraft:picked_up":{"minecraft:book":21,"minecraft:pumpkin":5,"apotheosis:rare_tome":1,"apotheosis:weapon_book":1,"minecraft:potato":12,"minecraft:stone_brick_wall":1,"minecraft:stone_brick_stairs":2,"minecraft:spruce_log":1,"minecraft:cobblestone_wall":5,"minecraft:trapped_chest":1,"minecraft:dirt":1,"minecraft:item_frame":3,"minecraft:stone_axe":1,"minecraft:wheat_seeds":1,"waystones:waystone":1,"apotheosis:scrap_tome":1,"apotheosis:digger_book":1,"minecraft:pink_tulip":1,"minecraft:bread":2,"minecraft:spruce_slab":2,"minecraft:chest":1,"minecraft:iron_bars":1,"minecraft:spruce_trapdoor":1},"minecraft:killed_by":{"alexsmobs:crocodile":2,"dungeonsmod:pitcher":1,"hmag:ender_executor":2},"minecraft:dropped":{"minecraft:gravel":1,"minecraft:stone_axe":1,"minecraft:dirt":6,"apotheosis:common_tome":1,"minecraft:wheat_seeds":1,"apotheosis:epic_tome":1,"minecraft:spruce_trapdoor":1,"apotheosis:digger_book":1,"gravestone:obituary":3,"minecraft:spruce_slab":2,"apotheosis:armor_feet_book":1,"apotheosis:uncommon_tome":1,"minecraft:stone_brick_stairs":2,"apotheosis:scrap_tome":1,"apotheosis:rare_tome":2,"apotheosis:weapon_book":1,"minecraft:spruce_sapling":4,"minecraft:pink_tulip":1},"minecraft:mined":{"minecraft:large_fern":1,"minecraft:spruce_log":2,"minecraft:pumpkin":5,"treechop:chopped_log":1,"gravestone:gravestone":4,"minecraft:grass":6,"minecraft:chest":1,"minecraft:pink_tulip":2,"biomesoplenty:sprout":1},"minecraft:used":{"minecraft:stone_sword":26,"minecraft:bread":2,"minecraft:stone_pickaxe":1,"minecraft:stone_axe":6,"minecraft:cobblestone":2}},"DataVersion":2586}