{"stats":{"minecraft:custom":{"minecraft:jump":54,"minecraft:time_since_rest":3429,"minecraft:play_one_minute":3429,"minecraft:sprint_one_cm":10472,"minecraft:time_since_death":3429,"minecraft:walk_one_cm":4858,"minecraft:fall_one_cm":2055,"minecraft:fly_one_cm":16892},"minecraft:mined":{"biomesoplenty:jacaranda_leaves":53,"biomesoplenty:jacaranda_log":6,"treechop:chopped_log":2},"minecraft:picked_up":{"biomesoplenty:jacaranda_sapling":2,"minecraft:stick":2,"biomesoplenty:jacaranda_log":6},"minecraft:crafted":{"biomesoplenty:jacaranda_planks":24}},"DataVersion":2586}