{"stats":{"minecraft:custom":{"minecraft:interact_with_furnace":28,"minecraft:mob_kills":4,"minecraft:interact_with_crafting_table":22,"minecraft:play_one_minute":170589,"minecraft:leave_game":3,"minecraft:time_since_death":68540,"minecraft:sleep_in_bed":7,"minecraft:climb_one_cm":2260,"minecraft:time_since_rest":10064,"minecraft:sprint_one_cm":317008,"minecraft:damage_taken":2586,"minecraft:walk_one_cm":559286,"minecraft:drop":9,"minecraft:damage_dealt":1040,"minecraft:swim_one_cm":43984,"minecraft:fly_one_cm":365634,"minecraft:open_chest":65,"minecraft:crouch_one_cm":6047,"minecraft:deaths":6,"minecraft:sneak_time":3112,"minecraft:walk_under_water_one_cm":16345,"minecraft:jump":2054,"minecraft:walk_on_water_one_cm":24037,"minecraft:fall_one_cm":53376},"minecraft:used":{"minecraft:wheat_seeds":18,"minecraft:water_bucket":2,"minecraft:iron_shovel":587,"minecraft:stone_shovel":395,"minecraft:stone_pickaxe":70,"biomesoplenty:redwood_sapling":10,"minecraft:chest":4,"minecraft:wooden_pickaxe":6,"minecraft:wooden_shovel":128,"minecraft:torch":27,"minecraft:dirt":118,"minecraft:crafting_table":1,"silentgear:netherwood_sapling":1,"minecraft:shears":54,"minecraft:iron_hoe":31,"minecraft:lava_bucket":1,"minecraft:bread":1,"minecraft:iron_axe":189,"minecraft:iron_pickaxe":217,"minecraft:spruce_sapling":12,"minecraft:melon_seeds":1,"biomesoplenty:jacaranda_sapling":9,"minecraft:cobblestone":19,"minecraft:sweet_berries":46,"minecraft:furnace":3,"minecraft:cooked_porkchop":1,"minecraft:bucket":3,"minecraft:bone_meal":12},"minecraft:killed":{"minecraft:husk":2,"minecraft:spider":1,"minecraft:pillager":1},"minecraft:dropped":{"minecraft:sweet_berries":9,"minecraft:cobblestone":4,"minecraft:diorite":2,"gravestone:obituary":6},"minecraft:mined":{"biomesoplenty:jacaranda_leaves":509,"silentgear:netherwood_leaves":77,"minecraft:torch":2,"gravestone:gravestone":6,"minecraft:grass_block":900,"minecraft:rose_bush":1,"biomesoplenty:flowering_oak_leaves":2,"minecraft:cobblestone":6,"minecraft:tall_grass":1,"minecraft:spruce_leaves":156,"minecraft:sugar_cane":7,"minecraft:diorite":2,"biomesoplenty:jacaranda_sapling":2,"minecraft:spawner":1,"biomesoplenty:jacaranda_log":44,"minecraft:spruce_sapling":1,"slimier-slimes:black_slimy_stone":1,"minecraft:iron_ore":91,"minecraft:sweet_berry_bush":18,"biomesoplenty:lavender":436,"minecraft:spruce_log":14,"silentgear:netherwood_log":10,"minecraft:orange_tulip":9,"treechop:chopped_log":135,"minecraft:azure_bluet":2,"minecraft:grass":146,"minecraft:coal_ore":122,"minecraft:vine":1,"biomesoplenty:redwood_log":210,"biomesoplenty:redwood_leaves":1147,"minecraft:gravel":2,"minecraft:sand":125,"minecraft:dirt":13,"minecraft:lodestone":1,"minecraft:pink_tulip":2,"minecraft:white_tulip":4,"minecraft:stone":65,"minecraft:oak_leaves":4},"minecraft:picked_up":{"biomesoplenty:lavender":384,"biomesoplenty:redwood_log":207,"silentgear:flax_seeds":1,"minecraft:azure_bluet":2,"minecraft:lead":1,"biomesoplenty:jacaranda_sapling":27,"gravestone:obituary":2,"minecraft:dirt":891,"hmag:evil_crystal_fragment":1,"minecraft:bone":1,"silentgear:netherwood_sapling":3,"minecraft:orange_tulip":9,"minecraft:wheat_seeds":21,"minecraft:white_tulip":4,"minecraft:iron_ore":91,"minecraft:rose_bush":1,"minecraft:sugar_cane":30,"minecraft:tipped_arrow":2,"minecraft:stick":50,"minecraft:sweet_berries":56,"minecraft:torch":2,"minecraft:sand":125,"biomesoplenty:jacaranda_leaves":54,"minecraft:spruce_sapling":12,"minecraft:diorite":2,"minecraft:spruce_log":14,"biomesoplenty:jacaranda_log":43,"minecraft:pink_tulip":2,"silentgear:netherwood_log":10,"minecraft:lodestone":1,"biomesoplenty:redwood_sapling":62,"minecraft:coal":122,"minecraft:cobblestone":71},"minecraft:crafted":{"minecraft:wooden_shovel":1,"minecraft:stone_shovel":3,"biomesoplenty:jacaranda_planks":40,"minecraft:cooked_porkchop":1,"minecraft:crafting_table":1,"biomesoplenty:redwood_planks":140,"minecraft:wooden_pickaxe":1,"minecraft:iron_helmet":1,"minecraft:furnace":3,"minecraft:bone_meal":12,"minecraft:bucket":1,"minecraft:bread":1,"minecraft:iron_chestplate":1,"inventorypets:nugget_coal":48,"minecraft:iron_axe":1,"minecraft:melon_seeds":1,"minecraft:iron_hoe":1,"minecraft:stick":16,"minecraft:iron_ingot":91,"minecraft:iron_pickaxe":1,"minecraft:stone_pickaxe":1,"minecraft:chest":4,"minecraft:iron_shovel":3,"minecraft:iron_leggings":1,"minecraft:torch":48,"minecraft:shears":1},"minecraft:broken":{"minecraft:iron_shovel":1,"minecraft:stone_shovel":3},"minecraft:killed_by":{"minecraft:husk":2,"minecraft:stray":2,"minecraft:spider":1,"minecraft:zombie":1}},"DataVersion":2586}