{"stats":{"minecraft:killed":{"minecraft:spider":1,"slimier-slimes:cloud_slime":79,"minecraft:pillager":1,"slimier-slimes:rock_slime":1},"minecraft:broken":{"minecraft:golden_axe":1},"minecraft:killed_by":{"minecraft:vindicator":1,"minecraft:skeleton":3,"minecraft:zombie":1,"minecraft:pillager":1},"minecraft:used":{"minecraft:iron_shovel":8,"minecraft:melon":3,"minecraft:baked_potato":9,"minecraft:oak_planks":23,"minecraft:shield":5,"minecraft:wooden_pickaxe":11,"minecraft:iron_sword":230,"minecraft:torch":28,"minecraft:crafting_table":5,"minecraft:red_bed":1,"minecraft:melon_slice":10,"minecraft:iron_pickaxe":35,"minecraft:stone_bricks":21,"minecraft:cobblestone":7,"minecraft:oak_sapling":4,"minecraft:bucket":1,"minecraft:golden_axe":22},"minecraft:crafted":{"minecraft:oak_planks":48,"minecraft:crafting_table":3,"minecraft:wooden_pickaxe":1,"minecraft:iron_sword":1,"minecraft:bucket":1,"minecraft:shield":1,"minecraft:stick":4,"minecraft:iron_ingot":6,"minecraft:iron_pickaxe":1,"minecraft:wooden_axe":1},"minecraft:custom":{"minecraft:mob_kills":82,"minecraft:inspect_hopper":2,"minecraft:interact_with_crafting_table":7,"minecraft:open_barrel":17,"goblintraders:trade_with_goblin":3,"minecraft:play_one_minute":80032,"minecraft:eat_cake_slice":2,"minecraft:leave_game":1,"minecraft:time_since_death":26262,"minecraft:sleep_in_bed":3,"minecraft:climb_one_cm":1804,"minecraft:time_since_rest":1895,"minecraft:sprint_one_cm":324403,"minecraft:damage_taken":2197,"minecraft:walk_one_cm":222668,"minecraft:damage_blocked_by_shield":375,"minecraft:drop":15,"minecraft:damage_dealt":3383,"minecraft:fly_one_cm":107427,"minecraft:open_chest":22,"minecraft:crouch_one_cm":7267,"minecraft:deaths":6,"minecraft:sneak_time":4616,"minecraft:walk_under_water_one_cm":528,"minecraft:jump":601,"minecraft:walk_on_water_one_cm":16683,"minecraft:interact_with_smoker":1,"minecraft:fall_one_cm":12222},"minecraft:dropped":{"minecraft:wheat_seeds":1,"minecraft:rotten_flesh":2,"minecraft:cobweb":5,"minecraft:flower_pot":1,"silentgear:fluffy_seeds":2,"gravestone:obituary":4,"minecraft:iron_bars":11,"minecraft:phantom_membrane":1,"minecraft:fermented_spider_eye":1},"minecraft:picked_up":{"minecraft:crafting_table":2,"slimier-slimes:lime_slime_block":10,"minecraft:flower_pot":1,"minecraft:brown_mushroom":1,"minecraft:crimson_fungus":1,"minecraft:oak_log":12,"gravestone:obituary":1,"silentgear:fluffy_seeds":2,"minecraft:red_bed":2,"minecraft:stone_bricks":7,"minecraft:wheat_seeds":1,"minecraft:iron_ore":12,"minecraft:glass_bottle":7,"minecraft:melon_slice":35,"minecraft:book":3,"minecraft:torch":9,"slimier-slimes:light_gray_jelly":21,"minecraft:rotten_flesh":2,"minecraft:slime_block":1,"minecraft:oak_sapling":4,"minecraft:coal":4,"minecraft:iron_bars":11,"minecraft:cobblestone":7},"minecraft:mined":{"minecraft:dark_oak_planks":5,"minecraft:red_bed":2,"minecraft:potted_crimson_fungus":1,"minecraft:crafting_table":2,"minecraft:torch":4,"silentgear:wild_fluffy_plant":1,"gravestone:gravestone":4,"minecraft:melon":7,"minecraft:tall_grass":6,"minecraft:cobblestone":4,"minecraft:slime_block":1,"slimier-slimes:lime_slime_block":10,"minecraft:wall_torch":1,"minecraft:spawner":2,"minecraft:birch_planks":4,"minecraft:iron_ore":12,"treechop:chopped_log":10,"minecraft:grass":6,"minecraft:bookshelf":1,"minecraft:coal_ore":4,"minecraft:oak_log":12,"minecraft:iron_bars":8,"minecraft:stone":1,"minecraft:stone_bricks":7,"minecraft:gold_ore":1,"slimier-slimes:white_slimy_cobblestone":1,"minecraft:oak_leaves":60}},"DataVersion":2586}