{"stats":{"minecraft:custom":{"minecraft:interact_with_furnace":24,"minecraft:mob_kills":3,"minecraft:interact_with_crafting_table":15,"minecraft:play_one_minute":122589,"minecraft:leave_game":3,"minecraft:time_since_death":20540,"minecraft:sleep_in_bed":4,"minecraft:climb_one_cm":2260,"minecraft:time_since_rest":10833,"minecraft:sprint_one_cm":278188,"minecraft:damage_taken":2463,"minecraft:walk_one_cm":326078,"minecraft:drop":9,"minecraft:damage_dealt":800,"minecraft:swim_one_cm":43984,"minecraft:fly_one_cm":311127,"minecraft:open_chest":42,"minecraft:crouch_one_cm":3410,"minecraft:deaths":6,"minecraft:sneak_time":2248,"minecraft:walk_under_water_one_cm":16345,"minecraft:jump":1658,"minecraft:walk_on_water_one_cm":24037,"minecraft:fall_one_cm":45352},"minecraft:used":{"minecraft:wheat_seeds":17,"minecraft:water_bucket":2,"minecraft:stone_shovel":350,"minecraft:stone_pickaxe":70,"biomesoplenty:redwood_sapling":10,"minecraft:chest":4,"minecraft:wooden_pickaxe":6,"minecraft:wooden_shovel":128,"minecraft:torch":27,"minecraft:dirt":21,"minecraft:crafting_table":1,"silentgear:netherwood_sapling":1,"minecraft:iron_hoe":31,"minecraft:bread":1,"minecraft:iron_axe":94,"minecraft:iron_pickaxe":217,"minecraft:spruce_sapling":2,"minecraft:melon_seeds":1,"biomesoplenty:jacaranda_sapling":7,"minecraft:cobblestone":19,"minecraft:sweet_berries":31,"minecraft:furnace":3,"minecraft:cooked_porkchop":1,"minecraft:bucket":2},"minecraft:killed":{"minecraft:husk":2,"minecraft:spider":1},"minecraft:dropped":{"minecraft:sweet_berries":9,"minecraft:cobblestone":4,"minecraft:diorite":2,"gravestone:obituary":6},"minecraft:mined":{"biomesoplenty:jacaranda_leaves":165,"minecraft:torch":2,"gravestone:gravestone":6,"minecraft:grass_block":382,"minecraft:rose_bush":1,"biomesoplenty:flowering_oak_leaves":2,"minecraft:cobblestone":6,"minecraft:tall_grass":1,"minecraft:spruce_leaves":54,"minecraft:sugar_cane":7,"minecraft:diorite":2,"minecraft:spawner":1,"biomesoplenty:jacaranda_log":15,"slimier-slimes:black_slimy_stone":1,"minecraft:iron_ore":91,"minecraft:sweet_berry_bush":16,"biomesoplenty:lavender":321,"minecraft:spruce_log":7,"minecraft:orange_tulip":9,"treechop:chopped_log":79,"minecraft:azure_bluet":2,"minecraft:grass":117,"minecraft:coal_ore":122,"minecraft:vine":1,"biomesoplenty:redwood_log":144,"biomesoplenty:redwood_leaves":841,"minecraft:gravel":2,"minecraft:sand":13,"minecraft:dirt":4,"minecraft:lodestone":1,"minecraft:pink_tulip":2,"minecraft:white_tulip":4,"minecraft:stone":65,"minecraft:oak_leaves":4},"minecraft:picked_up":{"biomesoplenty:lavender":312,"biomesoplenty:redwood_log":141,"minecraft:azure_bluet":2,"minecraft:lead":1,"biomesoplenty:jacaranda_sapling":8,"gravestone:obituary":2,"minecraft:dirt":375,"hmag:evil_crystal_fragment":1,"minecraft:orange_tulip":9,"minecraft:wheat_seeds":17,"minecraft:white_tulip":4,"minecraft:iron_ore":91,"minecraft:rose_bush":1,"minecraft:sugar_cane":30,"minecraft:tipped_arrow":1,"minecraft:stick":30,"minecraft:sweet_berries":47,"minecraft:torch":2,"minecraft:sand":13,"minecraft:spruce_sapling":2,"minecraft:diorite":2,"minecraft:spruce_log":7,"biomesoplenty:jacaranda_log":15,"minecraft:pink_tulip":2,"minecraft:lodestone":1,"biomesoplenty:redwood_sapling":45,"minecraft:coal":122,"minecraft:cobblestone":71},"minecraft:crafted":{"minecraft:wooden_shovel":1,"minecraft:stone_shovel":3,"biomesoplenty:jacaranda_planks":40,"minecraft:cooked_porkchop":1,"minecraft:crafting_table":1,"biomesoplenty:redwood_planks":140,"minecraft:wooden_pickaxe":1,"minecraft:iron_helmet":1,"minecraft:furnace":3,"minecraft:bucket":1,"minecraft:bread":1,"minecraft:iron_chestplate":1,"inventorypets:nugget_coal":48,"minecraft:iron_axe":1,"minecraft:melon_seeds":1,"minecraft:iron_hoe":1,"minecraft:stick":16,"minecraft:iron_ingot":61,"minecraft:iron_pickaxe":1,"minecraft:stone_pickaxe":1,"minecraft:chest":4,"minecraft:iron_leggings":1,"minecraft:torch":48},"minecraft:broken":{"minecraft:stone_shovel":2},"minecraft:killed_by":{"minecraft:husk":2,"minecraft:stray":2,"minecraft:spider":1,"minecraft:zombie":1}},"DataVersion":2586}