{"stats":{"minecraft:custom":{"minecraft:interact_with_furnace":15,"minecraft:mob_kills":1,"minecraft:interact_with_crafting_table":10,"minecraft:play_one_minute":86589,"minecraft:leave_game":3,"minecraft:time_since_death":2413,"minecraft:sleep_in_bed":3,"minecraft:climb_one_cm":2260,"minecraft:time_since_rest":2453,"minecraft:sprint_one_cm":208243,"minecraft:damage_taken":1151,"minecraft:walk_one_cm":194009,"minecraft:drop":5,"minecraft:damage_dealt":202,"minecraft:swim_one_cm":43984,"minecraft:fly_one_cm":266764,"minecraft:open_chest":17,"minecraft:crouch_one_cm":2077,"minecraft:deaths":4,"minecraft:sneak_time":1303,"minecraft:walk_under_water_one_cm":16345,"minecraft:jump":1281,"minecraft:walk_on_water_one_cm":23440,"minecraft:fall_one_cm":36646},"minecraft:used":{"minecraft:stone_shovel":195,"minecraft:stone_pickaxe":70,"biomesoplenty:redwood_sapling":10,"minecraft:chest":4,"minecraft:wooden_pickaxe":6,"minecraft:wooden_shovel":128,"minecraft:torch":9,"minecraft:dirt":3,"minecraft:crafting_table":1,"minecraft:iron_pickaxe":78,"minecraft:spruce_sapling":2,"biomesoplenty:jacaranda_sapling":3,"minecraft:cobblestone":8,"minecraft:sweet_berries":31,"minecraft:furnace":3,"minecraft:cooked_porkchop":1},"minecraft:killed":{"minecraft:spider":1},"minecraft:dropped":{"minecraft:sweet_berries":9,"gravestone:obituary":4},"minecraft:mined":{"biomesoplenty:jacaranda_leaves":109,"minecraft:torch":1,"gravestone:gravestone":4,"minecraft:grass_block":228,"minecraft:rose_bush":1,"minecraft:tall_grass":1,"minecraft:spruce_leaves":54,"minecraft:sugar_cane":7,"minecraft:diorite":1,"biomesoplenty:jacaranda_log":10,"minecraft:iron_ore":44,"minecraft:sweet_berry_bush":16,"biomesoplenty:lavender":320,"minecraft:spruce_log":7,"minecraft:orange_tulip":9,"treechop:chopped_log":25,"minecraft:azure_bluet":2,"minecraft:grass":114,"minecraft:coal_ore":56,"biomesoplenty:redwood_log":36,"biomesoplenty:redwood_leaves":319,"minecraft:sand":13,"minecraft:dirt":1,"minecraft:pink_tulip":2,"minecraft:white_tulip":4,"minecraft:stone":53,"minecraft:oak_leaves":4},"minecraft:picked_up":{"biomesoplenty:lavender":311,"biomesoplenty:redwood_log":35,"minecraft:azure_bluet":2,"biomesoplenty:jacaranda_sapling":4,"gravestone:obituary":1,"minecraft:dirt":221,"hmag:evil_crystal_fragment":1,"minecraft:orange_tulip":9,"minecraft:wheat_seeds":17,"minecraft:white_tulip":4,"minecraft:iron_ore":44,"minecraft:rose_bush":1,"minecraft:sugar_cane":30,"minecraft:tipped_arrow":1,"minecraft:stick":12,"minecraft:sweet_berries":47,"minecraft:torch":1,"minecraft:sand":13,"minecraft:spruce_sapling":2,"minecraft:diorite":1,"minecraft:spruce_log":7,"biomesoplenty:jacaranda_log":10,"minecraft:pink_tulip":2,"biomesoplenty:redwood_sapling":12,"minecraft:coal":56,"minecraft:cobblestone":53},"minecraft:crafted":{"minecraft:wooden_shovel":1,"minecraft:stone_shovel":3,"biomesoplenty:jacaranda_planks":40,"minecraft:cooked_porkchop":1,"minecraft:crafting_table":1,"biomesoplenty:redwood_planks":140,"minecraft:wooden_pickaxe":1,"minecraft:iron_helmet":1,"minecraft:furnace":3,"minecraft:iron_chestplate":1,"inventorypets:nugget_coal":48,"minecraft:iron_axe":1,"minecraft:stick":16,"minecraft:iron_ingot":19,"minecraft:iron_pickaxe":1,"minecraft:stone_pickaxe":1,"minecraft:chest":4,"minecraft:torch":48},"minecraft:broken":{"minecraft:stone_shovel":1},"minecraft:killed_by":{"minecraft:husk":2,"minecraft:spider":1,"minecraft:zombie":1}},"DataVersion":2586}