{"stats":{"minecraft:custom":{"minecraft:interact_with_furnace":37,"minecraft:mob_kills":6,"minecraft:interact_with_crafting_table":27,"minecraft:play_one_minute":236589,"minecraft:leave_game":3,"minecraft:time_since_death":134540,"minecraft:sleep_in_bed":10,"minecraft:climb_one_cm":2260,"minecraft:time_since_rest":31914,"minecraft:sprint_one_cm":398702,"minecraft:damage_taken":2719,"minecraft:walk_one_cm":720999,"minecraft:drop":11,"minecraft:damage_dealt":1259,"minecraft:swim_one_cm":43984,"minecraft:fly_one_cm":442523,"minecraft:open_chest":87,"minecraft:crouch_one_cm":6191,"minecraft:deaths":6,"minecraft:sneak_time":3826,"minecraft:walk_under_water_one_cm":16345,"minecraft:jump":2380,"minecraft:walk_on_water_one_cm":24037,"minecraft:fall_one_cm":61939},"minecraft:used":{"minecraft:wheat_seeds":37,"minecraft:water_bucket":2,"minecraft:iron_shovel":806,"biomesoplenty:redwood_planks":68,"minecraft:stone_shovel":395,"minecraft:stone_pickaxe":70,"biomesoplenty:redwood_sapling":10,"minecraft:spruce_planks":2,"minecraft:chest":4,"minecraft:wooden_pickaxe":6,"biomesoplenty:lavender":25,"minecraft:wooden_shovel":128,"minecraft:torch":27,"minecraft:dirt":213,"minecraft:crafting_table":1,"silentgear:netherwood_sapling":4,"minecraft:shears":126,"biomesoplenty:redwood_log":1,"minecraft:iron_hoe":37,"minecraft:lava_bucket":1,"minecraft:bread":2,"minecraft:iron_axe":224,"minecraft:iron_pickaxe":217,"minecraft:spruce_sapling":12,"minecraft:melon_seeds":1,"biomesoplenty:jacaranda_sapling":9,"minecraft:cobblestone":19,"minecraft:sweet_berries":80,"minecraft:furnace":3,"minecraft:cooked_porkchop":1,"minecraft:bucket":3,"minecraft:bone_meal":12},"minecraft:killed":{"minecraft:husk":2,"minecraft:spider":1,"minecraft:skeleton":1,"minecraft:pillager":1,"alexsmobs:fly":1},"minecraft:dropped":{"minecraft:sweet_berries":9,"minecraft:cobblestone":6,"minecraft:diorite":2,"gravestone:obituary":6},"minecraft:mined":{"biomesoplenty:jacaranda_leaves":580,"minecraft:spruce_planks":1,"biomesoplenty:redwood_planks":4,"silentgear:netherwood_leaves":77,"minecraft:torch":2,"gravestone:gravestone":6,"minecraft:grass_block":920,"minecraft:rose_bush":1,"biomesoplenty:flowering_oak_leaves":2,"minecraft:cobblestone":6,"minecraft:tall_grass":1,"minecraft:spruce_leaves":493,"minecraft:sugar_cane":7,"minecraft:diorite":2,"biomesoplenty:jacaranda_sapling":2,"minecraft:spawner":1,"biomesoplenty:jacaranda_log":44,"minecraft:spruce_sapling":1,"minecraft:wheat":8,"slimier-slimes:black_slimy_stone":1,"minecraft:iron_ore":91,"minecraft:sweet_berry_bush":22,"biomesoplenty:lavender":501,"minecraft:spruce_log":75,"silentgear:netherwood_log":10,"minecraft:orange_tulip":9,"treechop:chopped_log":155,"minecraft:grass_path":28,"minecraft:azure_bluet":2,"minecraft:grass":161,"minecraft:coal_ore":122,"minecraft:vine":1,"biomesoplenty:redwood_log":210,"biomesoplenty:redwood_leaves":1147,"minecraft:gravel":2,"minecraft:sand":217,"minecraft:dirt":32,"minecraft:lodestone":1,"minecraft:pink_tulip":2,"minecraft:white_tulip":4,"minecraft:stone":65,"minecraft:oak_leaves":4},"minecraft:picked_up":{"biomesoplenty:lavender":506,"biomesoplenty:redwood_log":207,"minecraft:wheat":8,"silentgear:flax_seeds":1,"minecraft:azure_bluet":2,"minecraft:lead":1,"biomesoplenty:jacaranda_sapling":27,"gravestone:obituary":2,"minecraft:dirt":960,"minecraft:white_banner":1,"hmag:evil_crystal_fragment":1,"minecraft:bone":1,"minecraft:stone_bricks":1,"silentgear:netherwood_sapling":3,"minecraft:bow":1,"minecraft:orange_tulip":9,"minecraft:wheat_seeds":46,"minecraft:spruce_planks":2,"minecraft:white_tulip":4,"minecraft:iron_ore":91,"minecraft:rose_bush":1,"minecraft:sugar_cane":30,"minecraft:tipped_arrow":2,"minecraft:stick":59,"minecraft:sweet_berries":83,"minecraft:torch":3,"minecraft:sand":217,"biomesoplenty:jacaranda_leaves":124,"minecraft:spruce_sapling":30,"minecraft:diorite":2,"minecraft:spruce_log":75,"biomesoplenty:redwood_planks":4,"minecraft:arrow":1,"biomesoplenty:jacaranda_log":43,"slimier-slimes:black_jelly":2,"minecraft:pink_tulip":2,"silentgear:netherwood_log":10,"minecraft:lodestone":1,"biomesoplenty:redwood_sapling":62,"alexsmobs:maggot":1,"minecraft:coal":122,"minecraft:cobblestone":73},"minecraft:crafted":{"minecraft:wooden_shovel":1,"minecraft:stone_shovel":3,"sophisticatedbackpacks:backpack":2,"biomesoplenty:jacaranda_planks":40,"minecraft:cooked_porkchop":1,"minecraft:crafting_table":1,"biomesoplenty:redwood_planks":312,"minecraft:wooden_pickaxe":1,"minecraft:iron_helmet":1,"minecraft:furnace":3,"minecraft:bone_meal":12,"minecraft:bucket":1,"minecraft:bread":2,"minecraft:glass":77,"minecraft:purple_dye":1,"minecraft:iron_chestplate":1,"inventorypets:nugget_coal":48,"minecraft:iron_axe":2,"minecraft:melon_seeds":1,"minecraft:iron_hoe":1,"minecraft:stick":16,"minecraft:iron_ingot":91,"minecraft:iron_pickaxe":1,"minecraft:stone_pickaxe":1,"minecraft:chest":5,"minecraft:iron_shovel":3,"minecraft:iron_leggings":1,"minecraft:torch":48,"silentgear:netherwood_planks":40,"minecraft:shears":1},"minecraft:broken":{"minecraft:iron_shovel":3,"minecraft:iron_axe":1,"minecraft:stone_shovel":3},"minecraft:killed_by":{"minecraft:husk":2,"minecraft:stray":2,"minecraft:spider":1,"minecraft:zombie":1}},"DataVersion":2586}