{"stats":{"minecraft:custom":{"minecraft:mob_kills":7,"minecraft:interact_with_crafting_table":31,"minecraft:open_barrel":1,"minecraft:leave_game":3,"minecraft:time_since_death":182540,"minecraft:climb_one_cm":2260,"minecraft:sprint_one_cm":459144,"minecraft:walk_one_cm":833004,"minecraft:drop":81,"minecraft:deaths":6,"minecraft:sneak_time":5068,"minecraft:walk_under_water_one_cm":16595,"minecraft:jump":2699,"minecraft:walk_on_water_one_cm":24911,"minecraft:interact_with_furnace":44,"minecraft:play_one_minute":284589,"minecraft:sleep_in_bed":10,"minecraft:time_since_rest":79914,"minecraft:damage_taken":2932,"minecraft:damage_dealt":1659,"minecraft:fly_one_cm":492360,"minecraft:swim_one_cm":43984,"minecraft:open_chest":98,"minecraft:crouch_one_cm":7518,"minecraft:fall_one_cm":72479},"minecraft:used":{"minecraft:iron_shovel":806,"minecraft:stone_shovel":395,"biomesoplenty:redwood_planks":73,"minecraft:chest":4,"minecraft:spruce_planks":2,"minecraft:wooden_shovel":128,"minecraft:torch":30,"minecraft:dirt":218,"silentgear:netherwood_sapling":4,"biomesoplenty:redwood_log":4,"minecraft:iron_hoe":82,"minecraft:lava_bucket":1,"minecraft:iron_axe":280,"minecraft:barrel":20,"minecraft:melon_seeds":1,"biomesoplenty:jacaranda_sapling":9,"minecraft:sweet_berries":103,"minecraft:furnace":3,"minecraft:wheat_seeds":88,"minecraft:dark_oak_stairs":4,"biomesoplenty:jacaranda_door":3,"minecraft:water_bucket":8,"minecraft:stone_pickaxe":70,"biomesoplenty:redwood_sapling":10,"minecraft:wooden_pickaxe":6,"biomesoplenty:lavender":25,"minecraft:crafting_table":1,"minecraft:white_bed":1,"minecraft:shears":126,"biomesoplenty:jacaranda_planks":68,"sophisticatedbackpacks:backpack":1,"minecraft:bread":6,"minecraft:iron_pickaxe":217,"minecraft:spruce_sapling":12,"minecraft:cobblestone":19,"minecraft:cooked_porkchop":1,"minecraft:bucket":10,"minecraft:bone_meal":12},"minecraft:killed":{"minecraft:spider":1,"minecraft:skeleton":1,"minecraft:husk":2,"minecraft:pillager":1,"alexsmobs:fly":1,"minecraft:enderman":1},"minecraft:dropped":{"minecraft:cobblestone":6,"minecraft:diorite":2,"biomesoplenty:redwood_log":131,"gravestone:obituary":6,"minecraft:sweet_berries":9,"biomesoplenty:redwood_planks":95},"minecraft:mined":{"minecraft:spruce_planks":1,"minecraft:farmland":30,"gravestone:gravestone":6,"minecraft:grass_block":921,"biomesoplenty:flowering_oak_leaves":2,"minecraft:spruce_leaves":493,"biomesoplenty:jacaranda_sapling":2,"minecraft:spawner":1,"biomesoplenty:jacaranda_log":44,"minecraft:spruce_sapling":1,"minecraft:iron_ore":91,"minecraft:barrel":8,"biomesoplenty:lavender":503,"silentgear:netherwood_log":10,"treechop:chopped_log":155,"minecraft:azure_bluet":2,"minecraft:dark_oak_stairs":4,"biomesoplenty:redwood_log":210,"minecraft:vine":1,"biomesoplenty:jacaranda_door":2,"minecraft:pink_tulip":2,"minecraft:stone":65,"minecraft:white_tulip":4,"biomesoplenty:jacaranda_leaves":580,"biomesoplenty:redwood_planks":4,"silentgear:netherwood_leaves":77,"minecraft:torch":2,"minecraft:rose_bush":1,"minecraft:tall_grass":1,"minecraft:cobblestone":6,"minecraft:sugar_cane":7,"minecraft:diorite":2,"minecraft:sweet_berry_bush":28,"slimier-slimes:black_slimy_stone":1,"minecraft:wheat":19,"minecraft:spruce_log":75,"minecraft:orange_tulip":9,"minecraft:grass_path":28,"minecraft:grass":165,"minecraft:coal_ore":122,"biomesoplenty:redwood_leaves":1147,"minecraft:gravel":2,"minecraft:sand":223,"minecraft:dirt":45,"minecraft:lodestone":1,"minecraft:oak_leaves":4},"minecraft:picked_up":{"biomesoplenty:redwood_log":213,"minecraft:wheat":15,"minecraft:azure_bluet":2,"minecraft:lead":1,"biomesoplenty:jacaranda_sapling":27,"gravestone:obituary":2,"minecraft:spruce_planks":2,"minecraft:white_tulip":4,"minecraft:rose_bush":1,"minecraft:sugar_cane":30,"minecraft:tipped_arrow":2,"minecraft:stick":59,"minecraft:torch":4,"minecraft:diorite":2,"minecraft:dark_oak_planks":1,"biomesoplenty:redwood_planks":4,"minecraft:arrow":1,"biomesoplenty:jacaranda_log":43,"slimier-slimes:black_jelly":2,"minecraft:pink_tulip":2,"silentgear:netherwood_log":10,"biomesoplenty:redwood_sapling":62,"minecraft:cobblestone":73,"biomesoplenty:lavender":508,"silentgear:flax_seeds":1,"biomesoplenty:jacaranda_door":2,"minecraft:dirt":1004,"minecraft:white_banner":1,"hmag:evil_crystal_fragment":1,"minecraft:bone":1,"minecraft:stone_bricks":1,"silentgear:netherwood_sapling":3,"minecraft:bow":1,"minecraft:wheat_seeds":95,"minecraft:orange_tulip":9,"minecraft:iron_ore":91,"minecraft:dark_oak_stairs":1,"minecraft:sweet_berries":99,"minecraft:sand":223,"minecraft:spruce_sapling":30,"minecraft:spruce_log":75,"biomesoplenty:jacaranda_leaves":124,"minecraft:barrel":8,"minecraft:lodestone":1,"alexsmobs:maggot":1,"minecraft:coal":122,"minecraft:ender_pearl":1},"minecraft:crafted":{"minecraft:stone_shovel":3,"minecraft:furnace":3,"minecraft:bone_meal":12,"minecraft:glass":223,"minecraft:iron_axe":2,"minecraft:melon_seeds":1,"minecraft:iron_hoe":1,"minecraft:stone_pickaxe":1,"minecraft:chest":5,"biomesoplenty:jacaranda_door":3,"silentgear:netherwood_planks":40,"minecraft:wooden_shovel":1,"sophisticatedbackpacks:backpack":2,"biomesoplenty:jacaranda_planks":172,"minecraft:cooked_porkchop":1,"minecraft:crafting_table":1,"biomesoplenty:redwood_planks":312,"minecraft:wooden_pickaxe":1,"minecraft:iron_helmet":1,"minecraft:bucket":1,"minecraft:bread":6,"minecraft:iron_chestplate":1,"inventorypets:nugget_coal":48,"minecraft:purple_dye":1,"minecraft:stick":16,"minecraft:iron_ingot":91,"minecraft:iron_pickaxe":1,"minecraft:iron_shovel":3,"minecraft:iron_leggings":1,"minecraft:torch":48,"minecraft:shears":1},"minecraft:broken":{"minecraft:iron_shovel":3,"minecraft:iron_axe":1,"minecraft:stone_shovel":3},"minecraft:killed_by":{"minecraft:husk":2,"minecraft:stray":2,"minecraft:spider":1,"minecraft:zombie":1}},"DataVersion":2586}