{"stats":{"minecraft:picked_up":{"minecraft:stick":17,"minecraft:wheat_seeds":5,"biomesoplenty:fir_sapling":38,"biomesoplenty:fir_log":127,"minecraft:oak_log":6,"minecraft:oak_sapling":1},"minecraft:custom":{"minecraft:crouch_one_cm":19,"minecraft:time_since_rest":3701,"minecraft:play_one_minute":12095,"minecraft:sprint_one_cm":38654,"minecraft:walk_one_cm":24320,"minecraft:damage_taken":640,"minecraft:deaths":2,"minecraft:sneak_time":173,"minecraft:drop":40,"minecraft:jump":181,"minecraft:damage_dealt":23,"minecraft:time_since_death":3614,"minecraft:walk_on_water_one_cm":6123,"minecraft:fly_one_cm":44817,"minecraft:fall_one_cm":2717},"minecraft:mined":{"biomesoplenty:orange_autumn_leaves":6,"minecraft:grass":1,"minecraft:oak_log":6,"biomesoplenty:fir_leaves":660,"minecraft:tall_grass":31,"treechop:chopped_log":29,"minecraft:oak_leaves":50,"biomesoplenty:fir_log":132,"minecraft:fern":1},"minecraft:dropped":{"gravestone:obituary":1,"biomesoplenty:fir_sapling":38,"minecraft:stick":1},"minecraft:killed_by":{"minecraft:creeper":2}},"DataVersion":2586}