{"stats":{"minecraft:custom":{"minecraft:interact_with_furnace":8,"minecraft:mob_kills":1,"minecraft:interact_with_crafting_table":8,"minecraft:play_one_minute":63082,"minecraft:leave_game":2,"minecraft:time_since_death":28239,"minecraft:sleep_in_bed":3,"minecraft:climb_one_cm":2260,"minecraft:time_since_rest":11715,"minecraft:sprint_one_cm":179907,"minecraft:damage_taken":576,"minecraft:walk_one_cm":149563,"minecraft:drop":4,"minecraft:damage_dealt":167,"minecraft:swim_one_cm":43984,"minecraft:fly_one_cm":242566,"minecraft:open_chest":12,"minecraft:crouch_one_cm":680,"minecraft:deaths":2,"minecraft:sneak_time":391,"minecraft:walk_under_water_one_cm":16345,"minecraft:jump":1118,"minecraft:walk_on_water_one_cm":23440,"minecraft:fall_one_cm":30200},"minecraft:used":{"minecraft:stone_shovel":132,"minecraft:stone_pickaxe":70,"biomesoplenty:redwood_sapling":10,"minecraft:chest":4,"minecraft:wooden_pickaxe":6,"minecraft:wooden_shovel":128,"minecraft:dirt":3,"minecraft:crafting_table":1,"minecraft:spruce_sapling":2,"biomesoplenty:jacaranda_sapling":2,"minecraft:sweet_berries":31,"minecraft:furnace":3},"minecraft:killed":{"minecraft:spider":1},"minecraft:dropped":{"minecraft:sweet_berries":9,"gravestone:obituary":3},"minecraft:mined":{"biomesoplenty:jacaranda_leaves":109,"minecraft:torch":1,"gravestone:gravestone":2,"minecraft:grass_block":168,"minecraft:rose_bush":1,"minecraft:tall_grass":1,"minecraft:spruce_leaves":54,"minecraft:sugar_cane":7,"minecraft:diorite":1,"biomesoplenty:jacaranda_log":10,"minecraft:iron_ore":21,"minecraft:sweet_berry_bush":16,"biomesoplenty:lavender":318,"minecraft:spruce_log":7,"minecraft:orange_tulip":9,"treechop:chopped_log":25,"minecraft:azure_bluet":2,"minecraft:grass":114,"minecraft:coal_ore":9,"biomesoplenty:redwood_log":36,"biomesoplenty:redwood_leaves":319,"minecraft:sand":13,"minecraft:dirt":1,"minecraft:pink_tulip":2,"minecraft:white_tulip":4,"minecraft:stone":45,"minecraft:oak_leaves":4},"minecraft:picked_up":{"biomesoplenty:lavender":303,"biomesoplenty:redwood_log":35,"minecraft:azure_bluet":2,"biomesoplenty:jacaranda_sapling":4,"gravestone:obituary":1,"minecraft:dirt":156,"minecraft:wheat_seeds":17,"minecraft:orange_tulip":9,"minecraft:white_tulip":4,"minecraft:iron_ore":21,"minecraft:rose_bush":1,"minecraft:sugar_cane":30,"minecraft:stick":12,"minecraft:sweet_berries":47,"minecraft:torch":1,"minecraft:sand":13,"minecraft:spruce_sapling":2,"minecraft:diorite":1,"minecraft:spruce_log":7,"biomesoplenty:jacaranda_log":10,"minecraft:pink_tulip":2,"biomesoplenty:redwood_sapling":12,"minecraft:coal":9,"minecraft:cobblestone":45},"minecraft:crafted":{"minecraft:wooden_shovel":1,"minecraft:stone_shovel":1,"biomesoplenty:jacaranda_planks":40,"minecraft:crafting_table":1,"biomesoplenty:redwood_planks":140,"minecraft:wooden_pickaxe":1,"minecraft:furnace":3,"minecraft:stone_pickaxe":1,"minecraft:chest":4},"minecraft:broken":{"minecraft:stone_shovel":1},"minecraft:killed_by":{"minecraft:spider":1,"minecraft:zombie":1}},"DataVersion":2586}