{"stats":{"minecraft:killed":{"minecraft:pillager":1,"minecraft:spider":1},"minecraft:killed_by":{"minecraft:vindicator":1,"minecraft:skeleton":3,"minecraft:zombie":1,"minecraft:pillager":1},"minecraft:used":{"minecraft:iron_shovel":3,"minecraft:oak_planks":23,"minecraft:melon_slice":4,"minecraft:baked_potato":9,"minecraft:iron_pickaxe":10,"minecraft:wooden_pickaxe":11,"minecraft:shield":5,"minecraft:iron_sword":55,"minecraft:torch":28,"minecraft:cobblestone":5,"minecraft:crafting_table":3,"minecraft:oak_sapling":4,"minecraft:bucket":1},"minecraft:crafted":{"minecraft:oak_planks":48,"minecraft:shield":1,"minecraft:crafting_table":3,"minecraft:stick":4,"minecraft:wooden_pickaxe":1,"minecraft:iron_ingot":6,"minecraft:iron_pickaxe":1,"minecraft:wooden_axe":1,"minecraft:bucket":1},"minecraft:custom":{"minecraft:time_since_rest":2305,"minecraft:sprint_one_cm":293550,"minecraft:damage_taken":2077,"minecraft:walk_one_cm":178117,"minecraft:damage_blocked_by_shield":375,"minecraft:mob_kills":2,"minecraft:drop":10,"minecraft:inspect_hopper":2,"minecraft:damage_dealt":979,"minecraft:interact_with_crafting_table":4,"minecraft:fly_one_cm":102378,"minecraft:open_chest":15,"goblintraders:trade_with_goblin":3,"minecraft:crouch_one_cm":4917,"minecraft:play_one_minute":56032,"minecraft:deaths":6,"minecraft:sneak_time":1825,"minecraft:walk_under_water_one_cm":528,"minecraft:jump":546,"minecraft:eat_cake_slice":2,"minecraft:leave_game":1,"minecraft:time_since_death":2262,"minecraft:walk_on_water_one_cm":16683,"minecraft:climb_one_cm":510,"minecraft:fall_one_cm":10530},"minecraft:dropped":{"minecraft:wheat_seeds":1,"minecraft:rotten_flesh":2,"gravestone:obituary":4,"minecraft:phantom_membrane":1,"minecraft:iron_bars":6,"minecraft:fermented_spider_eye":1},"minecraft:picked_up":{"minecraft:crafting_table":1,"minecraft:brown_mushroom":1,"minecraft:torch":9,"minecraft:oak_log":12,"gravestone:obituary":1,"silentgear:fluffy_seeds":1,"minecraft:rotten_flesh":2,"minecraft:wheat_seeds":1,"minecraft:iron_ore":3,"minecraft:oak_sapling":4,"minecraft:iron_bars":10,"minecraft:coal":4,"minecraft:cobblestone":5},"minecraft:mined":{"minecraft:iron_ore":3,"treechop:chopped_log":10,"minecraft:crafting_table":1,"silentgear:wild_fluffy_plant":1,"minecraft:torch":4,"gravestone:gravestone":3,"minecraft:grass":6,"minecraft:oak_log":12,"minecraft:coal_ore":4,"minecraft:iron_bars":7,"minecraft:tall_grass":6,"minecraft:cobblestone":3,"minecraft:stone":1,"minecraft:oak_leaves":59,"minecraft:wall_torch":1,"minecraft:spawner":2}},"DataVersion":2586}