{"stats":{"minecraft:killed_by":{"minecraft:vindicator":1,"minecraft:pillager":1},"minecraft:used":{"minecraft:crafting_table":2,"minecraft:oak_sapling":4,"minecraft:oak_planks":5,"minecraft:wooden_pickaxe":7},"minecraft:crafted":{"minecraft:oak_planks":40,"minecraft:crafting_table":2,"minecraft:stick":4,"minecraft:wooden_pickaxe":1,"minecraft:wooden_axe":1},"minecraft:custom":{"minecraft:time_since_rest":6912,"minecraft:play_one_minute":10783,"minecraft:crouch_one_cm":770,"minecraft:walk_one_cm":41975,"minecraft:sprint_one_cm":32498,"minecraft:damage_taken":635,"minecraft:deaths":2,"minecraft:sneak_time":265,"minecraft:jump":134,"minecraft:time_since_death":6884,"minecraft:interact_with_crafting_table":1,"minecraft:fall_one_cm":3799,"minecraft:fly_one_cm":29282},"minecraft:picked_up":{"minecraft:oak_log":10,"minecraft:oak_sapling":4,"minecraft:coal":1,"minecraft:iron_bars":2,"minecraft:cobblestone":4},"minecraft:mined":{"gravestone:gravestone":1,"minecraft:grass":3,"minecraft:coal_ore":1,"minecraft:oak_log":10,"minecraft:iron_bars":2,"minecraft:cobblestone":3,"minecraft:tall_grass":1,"minecraft:stone":1,"treechop:chopped_log":10,"minecraft:oak_leaves":55}},"DataVersion":2586}