{"stats":{"minecraft:custom":{"minecraft:time_since_rest":4271,"minecraft:sprint_one_cm":116271,"minecraft:damage_taken":576,"minecraft:walk_one_cm":80075,"minecraft:mob_kills":1,"minecraft:drop":3,"minecraft:damage_dealt":167,"minecraft:swim_one_cm":41895,"minecraft:fly_one_cm":197441,"minecraft:open_chest":3,"minecraft:crouch_one_cm":242,"minecraft:play_one_minute":39082,"minecraft:deaths":2,"minecraft:sneak_time":61,"minecraft:walk_under_water_one_cm":15378,"minecraft:jump":904,"minecraft:leave_game":2,"minecraft:time_since_death":4239,"minecraft:walk_on_water_one_cm":21015,"minecraft:sleep_in_bed":1,"minecraft:climb_one_cm":2260,"minecraft:fall_one_cm":24869},"minecraft:used":{"biomesoplenty:jacaranda_sapling":2,"minecraft:dirt":2,"minecraft:sweet_berries":22},"minecraft:killed":{"minecraft:spider":1},"minecraft:dropped":{"gravestone:obituary":3},"minecraft:mined":{"biomesoplenty:jacaranda_leaves":53,"biomesoplenty:jacaranda_log":6,"minecraft:sweet_berry_bush":16,"biomesoplenty:lavender":223,"minecraft:spruce_log":7,"treechop:chopped_log":23,"minecraft:orange_tulip":9,"minecraft:azure_bluet":2,"minecraft:torch":1,"gravestone:gravestone":2,"minecraft:grass":68,"minecraft:grass_block":2,"biomesoplenty:redwood_log":36,"biomesoplenty:redwood_leaves":319,"minecraft:rose_bush":1,"minecraft:dirt":1,"minecraft:pink_tulip":2,"minecraft:tall_grass":1,"minecraft:spruce_leaves":54,"minecraft:white_tulip":4,"minecraft:sugar_cane":2,"minecraft:oak_leaves":4},"minecraft:picked_up":{"biomesoplenty:redwood_log":35,"biomesoplenty:lavender":173,"minecraft:stick":12,"minecraft:azure_bluet":2,"minecraft:sweet_berries":38,"minecraft:torch":1,"biomesoplenty:jacaranda_sapling":2,"gravestone:obituary":1,"minecraft:spruce_sapling":2,"minecraft:spruce_log":7,"minecraft:dirt":2,"biomesoplenty:jacaranda_log":6,"minecraft:orange_tulip":9,"minecraft:wheat_seeds":9,"minecraft:white_tulip":4,"minecraft:pink_tulip":2,"minecraft:rose_bush":1,"biomesoplenty:redwood_sapling":12,"minecraft:sugar_cane":6},"minecraft:crafted":{"biomesoplenty:jacaranda_planks":24,"minecraft:crafting_table":1,"biomesoplenty:redwood_planks":140},"minecraft:killed_by":{"minecraft:spider":1,"minecraft:zombie":1}},"DataVersion":2586}