{"stats":{"minecraft:killed":{"minecraft:pillager":1,"minecraft:spider":1},"minecraft:killed_by":{"minecraft:vindicator":1,"minecraft:skeleton":1,"minecraft:zombie":1,"minecraft:pillager":1},"minecraft:used":{"minecraft:iron_shovel":3,"minecraft:melon_slice":4,"minecraft:oak_planks":15,"minecraft:baked_potato":9,"minecraft:iron_pickaxe":10,"minecraft:shield":4,"minecraft:wooden_pickaxe":11,"minecraft:iron_sword":53,"minecraft:torch":28,"minecraft:cobblestone":5,"minecraft:crafting_table":3,"minecraft:oak_sapling":4,"minecraft:bucket":1},"minecraft:crafted":{"minecraft:oak_planks":40,"minecraft:shield":1,"minecraft:crafting_table":3,"minecraft:stick":4,"minecraft:iron_ingot":6,"minecraft:wooden_pickaxe":1,"minecraft:iron_pickaxe":1,"minecraft:wooden_axe":1,"minecraft:bucket":1},"minecraft:custom":{"minecraft:time_since_rest":548,"minecraft:sprint_one_cm":228957,"minecraft:damage_taken":1544,"minecraft:walk_one_cm":162962,"minecraft:damage_blocked_by_shield":225,"minecraft:mob_kills":2,"minecraft:drop":6,"minecraft:inspect_hopper":2,"minecraft:damage_dealt":853,"minecraft:interact_with_crafting_table":4,"minecraft:fly_one_cm":63997,"minecraft:open_chest":15,"goblintraders:trade_with_goblin":3,"minecraft:crouch_one_cm":4448,"minecraft:play_one_minute":48529,"minecraft:deaths":4,"minecraft:walk_under_water_one_cm":528,"minecraft:sneak_time":1523,"minecraft:jump":372,"minecraft:eat_cake_slice":2,"minecraft:leave_game":1,"minecraft:walk_on_water_one_cm":16364,"minecraft:time_since_death":0,"minecraft:climb_one_cm":510,"minecraft:fall_one_cm":6413},"minecraft:dropped":{"minecraft:wheat_seeds":1,"minecraft:rotten_flesh":2,"minecraft:phantom_membrane":1,"minecraft:iron_bars":6,"minecraft:fermented_spider_eye":1},"minecraft:picked_up":{"minecraft:crafting_table":1,"minecraft:brown_mushroom":1,"minecraft:torch":9,"minecraft:oak_log":10,"silentgear:fluffy_seeds":1,"minecraft:rotten_flesh":2,"minecraft:wheat_seeds":1,"minecraft:iron_ore":3,"minecraft:oak_sapling":4,"minecraft:iron_bars":10,"minecraft:coal":4,"minecraft:cobblestone":5},"minecraft:mined":{"minecraft:iron_ore":3,"treechop:chopped_log":10,"silentgear:wild_fluffy_plant":1,"minecraft:crafting_table":1,"minecraft:torch":4,"gravestone:gravestone":2,"minecraft:grass":6,"minecraft:oak_log":10,"minecraft:coal_ore":4,"minecraft:iron_bars":7,"minecraft:tall_grass":3,"minecraft:cobblestone":3,"minecraft:stone":1,"minecraft:oak_leaves":59,"minecraft:wall_torch":1,"minecraft:spawner":2}},"DataVersion":2586}