{"stats":{"minecraft:killed":{"minecraft:spider":1,"slimier-slimes:cloud_slime":79,"minecraft:pillager":1,"slimier-slimes:rock_slime":1},"minecraft:broken":{"minecraft:golden_axe":1},"minecraft:killed_by":{"minecraft:vindicator":1,"minecraft:skeleton":3,"minecraft:zombie":1,"minecraft:pillager":1},"minecraft:used":{"minecraft:iron_shovel":8,"minecraft:melon":3,"minecraft:ladder":8,"minecraft:baked_potato":9,"minecraft:oak_planks":28,"minecraft:chest":2,"minecraft:shield":8,"minecraft:wooden_pickaxe":11,"minecraft:iron_sword":231,"minecraft:torch":28,"minecraft:dirt":1,"minecraft:crafting_table":5,"minecraft:red_bed":2,"minecraft:melon_slice":28,"minecraft:iron_pickaxe":37,"minecraft:stone_bricks":21,"minecraft:cobblestone":7,"minecraft:oak_sapling":4,"minecraft:bucket":1,"minecraft:golden_axe":22},"minecraft:crafted":{"minecraft:oak_planks":48,"minecraft:crafting_table":3,"minecraft:wooden_pickaxe":1,"minecraft:iron_sword":1,"minecraft:bucket":1,"minecraft:shield":1,"minecraft:stick":4,"minecraft:iron_ingot":6,"minecraft:iron_pickaxe":1,"minecraft:wooden_axe":1,"minecraft:chest":2},"minecraft:custom":{"minecraft:mob_kills":82,"minecraft:inspect_hopper":2,"minecraft:interact_with_crafting_table":8,"minecraft:open_barrel":18,"goblintraders:trade_with_goblin":3,"minecraft:play_one_minute":102327,"minecraft:eat_cake_slice":2,"minecraft:leave_game":2,"minecraft:time_since_death":8669,"minecraft:sleep_in_bed":5,"minecraft:climb_one_cm":26380,"minecraft:time_since_rest":7991,"minecraft:sprint_one_cm":384043,"minecraft:damage_taken":2848,"minecraft:walk_one_cm":270053,"minecraft:damage_blocked_by_shield":495,"minecraft:drop":19,"minecraft:damage_dealt":3383,"minecraft:swim_one_cm":1470,"minecraft:fly_one_cm":172877,"minecraft:open_chest":27,"minecraft:crouch_one_cm":9366,"minecraft:deaths":7,"minecraft:sneak_time":5090,"minecraft:walk_under_water_one_cm":3499,"minecraft:jump":979,"minecraft:walk_on_water_one_cm":27528,"minecraft:interact_with_smoker":1,"minecraft:fall_one_cm":32509},"minecraft:picked_up":{"minecraft:crafting_table":2,"slimier-slimes:lime_slime_block":10,"minecraft:ladder":8,"minecraft:flower_pot":1,"minecraft:jungle_log":2,"minecraft:brown_mushroom":1,"minecraft:crimson_fungus":1,"minecraft:oak_log":12,"gravestone:obituary":1,"silentgear:fluffy_seeds":2,"minecraft:dirt":1,"relics:leather_belt":1,"relics:midnight_robe":1,"minecraft:red_bed":2,"minecraft:bone":5,"minecraft:stone_bricks":9,"minecraft:wheat_seeds":1,"minecraft:iron_ore":12,"minecraft:glass_bottle":7,"minecraft:melon_slice":60,"minecraft:sugar_cane":2,"minecraft:book":3,"minecraft:stick":1,"minecraft:torch":9,"slimier-slimes:light_gray_jelly":21,"minecraft:gold_ore":1,"minecraft:rotten_flesh":2,"minecraft:slime_block":1,"minecraft:oak_sapling":4,"minecraft:coal":4,"minecraft:iron_bars":11,"minecraft:cobblestone":7},"minecraft:dropped":{"minecraft:gold_ore":1,"minecraft:wheat_seeds":1,"minecraft:rotten_flesh":2,"minecraft:cobweb":5,"minecraft:flower_pot":1,"silentgear:fluffy_seeds":2,"gravestone:obituary":4,"minecraft:spider_eye":7,"minecraft:bone_meal":5,"minecraft:iron_bars":11,"minecraft:phantom_membrane":1,"minecraft:arrow":2,"minecraft:fermented_spider_eye":1},"minecraft:mined":{"minecraft:dark_oak_planks":5,"minecraft:red_bed":2,"minecraft:jungle_leaves":76,"minecraft:potted_crimson_fungus":1,"minecraft:ladder":8,"minecraft:crafting_table":2,"minecraft:torch":4,"silentgear:wild_fluffy_plant":1,"gravestone:gravestone":5,"minecraft:melon":12,"minecraft:jungle_log":2,"minecraft:tall_grass":6,"minecraft:cobblestone":4,"minecraft:slime_block":1,"minecraft:sugar_cane":1,"slimier-slimes:lime_slime_block":10,"minecraft:wall_torch":1,"minecraft:spawner":2,"minecraft:birch_planks":4,"minecraft:iron_ore":12,"treechop:chopped_log":11,"minecraft:grass":9,"minecraft:bookshelf":1,"minecraft:coal_ore":4,"minecraft:oak_log":12,"minecraft:iron_bars":8,"minecraft:dirt":1,"minecraft:stone":1,"minecraft:stone_bricks":9,"minecraft:gold_ore":1,"slimier-slimes:white_slimy_cobblestone":1,"minecraft:oak_leaves":61,"minecraft:fern":1}},"DataVersion":2586}