{"stats":{"minecraft:custom":{"minecraft:open_chest":1,"minecraft:time_since_rest":2131,"minecraft:deaths":1,"minecraft:play_one_minute":14410,"minecraft:sprint_one_cm":34813,"minecraft:damage_taken":241,"minecraft:walk_one_cm":21952,"minecraft:jump":219,"minecraft:leave_game":2,"minecraft:time_since_death":0,"minecraft:fall_one_cm":8485,"minecraft:fly_one_cm":59247},"minecraft:used":{"biomesoplenty:jacaranda_sapling":2,"minecraft:dirt":1},"minecraft:mined":{"minecraft:grass":4,"biomesoplenty:jacaranda_leaves":53,"minecraft:grass_block":1,"biomesoplenty:jacaranda_log":6,"biomesoplenty:redwood_log":36,"biomesoplenty:redwood_leaves":319,"minecraft:dirt":1,"biomesoplenty:lavender":6,"treechop:chopped_log":19},"minecraft:picked_up":{"biomesoplenty:redwood_log":35,"minecraft:stick":10,"biomesoplenty:jacaranda_log":6,"minecraft:wheat_seeds":1,"biomesoplenty:jacaranda_sapling":2,"biomesoplenty:redwood_sapling":12,"minecraft:dirt":1,"biomesoplenty:lavender":6},"minecraft:crafted":{"biomesoplenty:jacaranda_planks":24,"minecraft:crafting_table":1,"biomesoplenty:redwood_planks":140},"minecraft:killed_by":{"minecraft:zombie":1}},"DataVersion":2586}