{"stats":{"minecraft:custom":{"minecraft:mob_kills":8,"minecraft:interact_with_crafting_table":36,"minecraft:open_barrel":1,"minecraft:leave_game":3,"minecraft:time_since_death":23239,"minecraft:climb_one_cm":2260,"minecraft:sprint_one_cm":528790,"minecraft:walk_one_cm":909077,"minecraft:drop":83,"minecraft:deaths":7,"minecraft:sneak_time":6322,"minecraft:walk_under_water_one_cm":16777,"minecraft:jump":2910,"minecraft:walk_on_water_one_cm":25352,"minecraft:interact_with_furnace":44,"minecraft:play_one_minute":308589,"minecraft:sleep_in_bed":10,"minecraft:time_since_rest":23279,"minecraft:damage_taken":3129,"minecraft:damage_dealt":1839,"minecraft:fly_one_cm":542660,"minecraft:swim_one_cm":43984,"minecraft:open_chest":98,"minecraft:crouch_one_cm":10416,"minecraft:fall_one_cm":79000},"minecraft:used":{"minecraft:iron_shovel":806,"minecraft:stone_shovel":395,"biomesoplenty:redwood_planks":73,"minecraft:chest":4,"minecraft:spruce_planks":2,"minecraft:wooden_shovel":128,"minecraft:torch":34,"minecraft:dirt":218,"silentgear:netherwood_sapling":4,"biomesoplenty:redwood_log":4,"minecraft:glass":143,"minecraft:iron_hoe":98,"minecraft:lava_bucket":1,"minecraft:iron_axe":335,"minecraft:barrel":20,"minecraft:melon_seeds":6,"biomesoplenty:jacaranda_stairs":47,"biomesoplenty:jacaranda_sapling":30,"minecraft:red_carpet":21,"minecraft:sweet_berries":122,"minecraft:furnace":3,"minecraft:wheat_seeds":88,"minecraft:dark_oak_stairs":4,"biomesoplenty:jacaranda_door":3,"minecraft:water_bucket":13,"minecraft:stone_pickaxe":70,"biomesoplenty:redwood_sapling":10,"minecraft:wooden_pickaxe":6,"silentgear:netherwood_log":1,"biomesoplenty:lavender":38,"minecraft:crafting_table":3,"minecraft:white_bed":1,"minecraft:shears":126,"biomesoplenty:jacaranda_planks":74,"sophisticatedbackpacks:backpack":1,"minecraft:melon_slice":2,"minecraft:bread":6,"minecraft:iron_pickaxe":217,"minecraft:spruce_sapling":12,"minecraft:cobblestone":19,"minecraft:cooked_porkchop":1,"minecraft:bucket":14,"silentgear:netherwood_planks":4,"minecraft:bone_meal":12},"minecraft:killed":{"minecraft:spider":1,"minecraft:skeleton":1,"minecraft:husk":2,"hmag:ghost":1,"minecraft:pillager":1,"alexsmobs:fly":1,"minecraft:enderman":1},"minecraft:dropped":{"minecraft:cobblestone":6,"minecraft:diorite":2,"biomesoplenty:redwood_log":131,"gravestone:obituary":7,"minecraft:dark_oak_planks":1,"minecraft:sweet_berries":9,"biomesoplenty:redwood_planks":95},"minecraft:mined":{"minecraft:red_carpet":1,"minecraft:spruce_planks":1,"minecraft:farmland":30,"gravestone:gravestone":7,"minecraft:grass_block":926,"biomesoplenty:flowering_oak_leaves":2,"minecraft:spruce_leaves":584,"biomesoplenty:jacaranda_sapling":2,"minecraft:spawner":1,"biomesoplenty:jacaranda_log":73,"minecraft:spruce_sapling":1,"minecraft:iron_ore":91,"minecraft:barrel":8,"biomesoplenty:lavender":514,"silentgear:netherwood_log":20,"treechop:chopped_log":184,"minecraft:azure_bluet":2,"minecraft:dark_oak_stairs":4,"biomesoplenty:redwood_log":210,"minecraft:vine":1,"biomesoplenty:jacaranda_door":2,"minecraft:pink_tulip":2,"minecraft:stone":65,"minecraft:white_tulip":4,"biomesoplenty:jacaranda_leaves":903,"biomesoplenty:redwood_planks":4,"minecraft:melon_stem":1,"silentgear:netherwood_leaves":161,"silentgear:netherwood_sapling":1,"minecraft:crafting_table":2,"minecraft:torch":2,"silentgear:netherwood_planks":2,"minecraft:melon":1,"minecraft:rose_bush":1,"minecraft:glass":1,"minecraft:tall_grass":1,"minecraft:cobblestone":6,"minecraft:sugar_cane":7,"minecraft:diorite":2,"minecraft:sweet_berry_bush":32,"slimier-slimes:black_slimy_stone":1,"minecraft:wheat":19,"minecraft:spruce_log":86,"minecraft:orange_tulip":9,"minecraft:grass_path":28,"minecraft:grass":168,"minecraft:coal_ore":122,"biomesoplenty:redwood_leaves":1147,"minecraft:gravel":2,"minecraft:sand":223,"minecraft:dirt":45,"minecraft:lodestone":1,"minecraft:oak_leaves":4},"minecraft:picked_up":{"biomesoplenty:redwood_log":213,"minecraft:crafting_table":2,"minecraft:wheat":15,"minecraft:azure_bluet":2,"minecraft:lead":1,"biomesoplenty:jacaranda_sapling":47,"gravestone:obituary":2,"minecraft:spruce_planks":2,"minecraft:white_tulip":4,"minecraft:rose_bush":1,"minecraft:melon_slice":4,"minecraft:sugar_cane":30,"silentgear:netherwood_stick":1,"minecraft:tipped_arrow":2,"minecraft:stick":68,"minecraft:torch":4,"minecraft:diorite":2,"minecraft:dark_oak_planks":2,"biomesoplenty:redwood_planks":4,"minecraft:arrow":1,"biomesoplenty:jacaranda_log":72,"slimier-slimes:black_jelly":2,"minecraft:pink_tulip":2,"silentgear:netherwood_log":20,"biomesoplenty:redwood_sapling":62,"minecraft:cobblestone":73,"biomesoplenty:lavender":519,"silentgear:flax_seeds":1,"biomesoplenty:jacaranda_door":2,"minecraft:dirt":1009,"minecraft:white_banner":1,"hmag:evil_crystal_fragment":1,"minecraft:red_carpet":21,"minecraft:bone":1,"minecraft:stone_bricks":1,"silentgear:netherwood_sapling":9,"minecraft:bow":1,"minecraft:wheat_seeds":96,"minecraft:orange_tulip":9,"minecraft:iron_ore":91,"minecraft:dark_oak_stairs":1,"minecraft:sweet_berries":123,"hmag:soul_powder":1,"silentgear:netherwood_planks":2,"minecraft:sand":223,"minecraft:spruce_sapling":34,"minecraft:spruce_log":86,"biomesoplenty:jacaranda_leaves":124,"minecraft:barrel":8,"minecraft:lodestone":1,"alexsmobs:maggot":1,"minecraft:melon_seeds":3,"minecraft:coal":122,"minecraft:ender_pearl":1},"minecraft:crafted":{"minecraft:stone_shovel":3,"minecraft:furnace":3,"minecraft:bone_meal":12,"minecraft:glass":223,"minecraft:iron_axe":2,"minecraft:melon_seeds":3,"minecraft:iron_hoe":1,"minecraft:stone_pickaxe":1,"minecraft:chest":5,"biomesoplenty:jacaranda_door":3,"silentgear:netherwood_planks":76,"biomesoplenty:jacaranda_stairs":68,"minecraft:wooden_shovel":1,"sophisticatedbackpacks:backpack":2,"biomesoplenty:jacaranda_planks":288,"minecraft:cooked_porkchop":1,"minecraft:crafting_table":1,"biomesoplenty:redwood_planks":312,"minecraft:wooden_pickaxe":1,"minecraft:iron_helmet":1,"minecraft:bucket":1,"minecraft:bread":6,"minecraft:iron_chestplate":1,"inventorypets:nugget_coal":48,"minecraft:purple_dye":1,"minecraft:stick":16,"minecraft:iron_ingot":91,"minecraft:iron_pickaxe":1,"minecraft:iron_shovel":3,"minecraft:iron_leggings":1,"minecraft:torch":48,"minecraft:shears":1},"minecraft:broken":{"minecraft:iron_shovel":3,"minecraft:iron_axe":1,"minecraft:stone_shovel":3},"minecraft:killed_by":{"minecraft:husk":2,"minecraft:stray":2,"minecraft:spider":1,"farlanders:rebel":1,"minecraft:zombie":1}},"DataVersion":2586}