{"stats":{"minecraft:custom":{"minecraft:time_since_rest":0,"minecraft:sprint_one_cm":146970,"minecraft:damage_taken":576,"minecraft:walk_one_cm":116040,"minecraft:mob_kills":1,"minecraft:drop":4,"minecraft:damage_dealt":167,"minecraft:swim_one_cm":43984,"minecraft:interact_with_crafting_table":2,"minecraft:fly_one_cm":217416,"minecraft:open_chest":5,"minecraft:crouch_one_cm":242,"minecraft:play_one_minute":51082,"minecraft:deaths":2,"minecraft:sneak_time":61,"minecraft:walk_under_water_one_cm":16345,"minecraft:jump":994,"minecraft:leave_game":2,"minecraft:time_since_death":16239,"minecraft:walk_on_water_one_cm":23440,"minecraft:sleep_in_bed":2,"minecraft:climb_one_cm":2260,"minecraft:fall_one_cm":26736},"minecraft:used":{"minecraft:chest":1,"minecraft:wooden_pickaxe":3,"minecraft:wooden_shovel":128,"biomesoplenty:jacaranda_sapling":2,"minecraft:dirt":2,"minecraft:crafting_table":1,"minecraft:sweet_berries":31},"minecraft:killed":{"minecraft:spider":1},"minecraft:dropped":{"minecraft:sweet_berries":9,"gravestone:obituary":3},"minecraft:mined":{"biomesoplenty:jacaranda_leaves":109,"biomesoplenty:jacaranda_log":10,"minecraft:sweet_berry_bush":16,"biomesoplenty:lavender":305,"minecraft:spruce_log":7,"treechop:chopped_log":25,"minecraft:orange_tulip":9,"minecraft:azure_bluet":2,"minecraft:torch":1,"gravestone:gravestone":2,"minecraft:grass":111,"minecraft:grass_block":35,"minecraft:coal_ore":3,"biomesoplenty:redwood_log":36,"biomesoplenty:redwood_leaves":319,"minecraft:rose_bush":1,"minecraft:sand":13,"minecraft:dirt":1,"minecraft:pink_tulip":2,"minecraft:tall_grass":1,"minecraft:spruce_leaves":54,"minecraft:white_tulip":4,"minecraft:sugar_cane":7,"minecraft:oak_leaves":4},"minecraft:picked_up":{"biomesoplenty:redwood_log":35,"biomesoplenty:lavender":290,"minecraft:stick":12,"minecraft:azure_bluet":2,"minecraft:sweet_berries":47,"minecraft:torch":1,"biomesoplenty:jacaranda_sapling":4,"minecraft:sand":13,"gravestone:obituary":1,"minecraft:spruce_sapling":2,"minecraft:spruce_log":7,"minecraft:dirt":35,"biomesoplenty:jacaranda_log":10,"minecraft:orange_tulip":9,"minecraft:wheat_seeds":17,"minecraft:white_tulip":4,"minecraft:pink_tulip":2,"minecraft:rose_bush":1,"biomesoplenty:redwood_sapling":12,"minecraft:sugar_cane":30,"minecraft:coal":3},"minecraft:crafted":{"minecraft:wooden_shovel":1,"biomesoplenty:jacaranda_planks":24,"minecraft:crafting_table":1,"biomesoplenty:redwood_planks":140,"minecraft:wooden_pickaxe":1,"minecraft:chest":1},"minecraft:killed_by":{"minecraft:spider":1,"minecraft:zombie":1}},"DataVersion":2586}