{"stats":{"minecraft:killed":{"minecraft:spider":1,"slimier-slimes:cloud_slime":19,"minecraft:pillager":1},"minecraft:broken":{"minecraft:golden_axe":1},"minecraft:killed_by":{"minecraft:vindicator":1,"minecraft:skeleton":3,"minecraft:zombie":1,"minecraft:pillager":1},"minecraft:used":{"minecraft:iron_shovel":7,"minecraft:melon":3,"minecraft:baked_potato":9,"minecraft:oak_planks":23,"minecraft:shield":5,"minecraft:wooden_pickaxe":11,"minecraft:iron_sword":94,"minecraft:torch":28,"minecraft:crafting_table":5,"minecraft:melon_slice":10,"minecraft:iron_pickaxe":22,"minecraft:stone_bricks":21,"minecraft:cobblestone":5,"minecraft:oak_sapling":4,"minecraft:bucket":1,"minecraft:golden_axe":22},"minecraft:crafted":{"minecraft:oak_planks":48,"minecraft:crafting_table":3,"minecraft:wooden_pickaxe":1,"minecraft:bucket":1,"minecraft:shield":1,"minecraft:stick":4,"minecraft:iron_ingot":6,"minecraft:iron_pickaxe":1,"minecraft:wooden_axe":1},"minecraft:custom":{"minecraft:mob_kills":21,"minecraft:inspect_hopper":2,"minecraft:interact_with_crafting_table":6,"minecraft:open_barrel":16,"goblintraders:trade_with_goblin":3,"minecraft:play_one_minute":68032,"minecraft:eat_cake_slice":2,"minecraft:leave_game":1,"minecraft:time_since_death":14262,"minecraft:sleep_in_bed":1,"minecraft:climb_one_cm":510,"minecraft:time_since_rest":9360,"minecraft:sprint_one_cm":309076,"minecraft:damage_taken":2077,"minecraft:walk_one_cm":195556,"minecraft:damage_blocked_by_shield":375,"minecraft:drop":13,"minecraft:damage_dealt":1714,"minecraft:fly_one_cm":103809,"minecraft:open_chest":16,"minecraft:crouch_one_cm":6162,"minecraft:deaths":6,"minecraft:sneak_time":4353,"minecraft:walk_under_water_one_cm":528,"minecraft:jump":573,"minecraft:walk_on_water_one_cm":16683,"minecraft:interact_with_smoker":1,"minecraft:fall_one_cm":11621},"minecraft:dropped":{"minecraft:wheat_seeds":1,"minecraft:rotten_flesh":2,"silentgear:fluffy_seeds":2,"gravestone:obituary":4,"minecraft:iron_bars":11,"minecraft:phantom_membrane":1,"minecraft:fermented_spider_eye":1},"minecraft:picked_up":{"minecraft:crafting_table":2,"minecraft:brown_mushroom":1,"minecraft:oak_log":12,"gravestone:obituary":1,"silentgear:fluffy_seeds":2,"minecraft:red_bed":1,"minecraft:stone_bricks":7,"minecraft:wheat_seeds":1,"minecraft:iron_ore":3,"minecraft:glass_bottle":7,"minecraft:melon_slice":35,"minecraft:book":3,"minecraft:torch":9,"minecraft:rotten_flesh":2,"minecraft:slime_block":1,"minecraft:oak_sapling":4,"minecraft:coal":4,"minecraft:iron_bars":11,"minecraft:cobblestone":5},"minecraft:mined":{"minecraft:dark_oak_planks":5,"minecraft:red_bed":1,"minecraft:crafting_table":2,"minecraft:torch":4,"silentgear:wild_fluffy_plant":1,"gravestone:gravestone":4,"minecraft:melon":7,"minecraft:tall_grass":6,"minecraft:cobblestone":3,"minecraft:slime_block":1,"minecraft:wall_torch":1,"minecraft:spawner":2,"minecraft:birch_planks":4,"minecraft:iron_ore":3,"treechop:chopped_log":10,"minecraft:grass":6,"minecraft:bookshelf":1,"minecraft:coal_ore":4,"minecraft:oak_log":12,"minecraft:iron_bars":8,"minecraft:stone":1,"minecraft:stone_bricks":7,"minecraft:oak_leaves":59}},"DataVersion":2586}