{"stats":{"minecraft:custom":{"minecraft:interact_with_crafting_table":69,"minecraft:open_barrel":40,"minecraft:leave_game":9,"minecraft:time_since_death":26274,"minecraft:sprint_one_cm":1773960,"minecraft:damage_blocked_by_shield":8478,"minecraft:drop":231,"minecraft:talked_to_villager":3,"minecraft:deaths":41,"minecraft:jump":6265,"minecraft:walk_on_water_one_cm":100191,"minecraft:interact_with_furnace":48,"minecraft:play_one_minute":517404,"minecraft:sleep_in_bed":9,"minecraft:waystone_activated":9,"minecraft:damage_dealt":44725,"minecraft:player_kills":1,"minecraft:crouch_one_cm":32719,"minecraft:interact_with_smoker":3,"minecraft:interact_with_anvil":2,"minecraft:mob_kills":178,"minecraft:climb_one_cm":30197,"minecraft:walk_one_cm":1442726,"minecraft:sneak_time":11729,"minecraft:walk_under_water_one_cm":31320,"minecraft:boat_one_cm":128560,"minecraft:tune_noteblock":1,"minecraft:time_since_rest":15281,"minecraft:damage_taken":2147483647,"minecraft:damage_absorbed":130,"minecraft:trigger_trapped_chest":3,"minecraft:swim_one_cm":27279,"minecraft:fly_one_cm":1308196,"minecraft:open_chest":358,"minecraft:fall_one_cm":150979},"minecraft:used":{"minecraft:peony":1,"minecraft:iron_shovel":958,"minecraft:spruce_slab":1,"minecraft:ladder":1,"minecraft:chest":5,"minecraft:shield":172,"minecraft:iron_sword":122,"minecraft:rotten_flesh":1,"minecraft:carrot":50,"hmag:exp_berry":7,"minecraft:stone_bricks":11,"minecraft:bow":14,"minecraft:dark_oak_boat":1,"minecraft:furnace":3,"biomesoplenty:redwood_trapdoor":3,"minecraft:potato":5,"farlanders:mystic_wand_invisible":2,"minecraft:stone_pickaxe":116,"minecraft:oak_planks":6,"minecraft:ender_pearl":2,"minecraft:wooden_pickaxe":10,"biomesoplenty:lavender":35,"minecraft:sugar_cane":1,"minecraft:golden_apple":4,"minecraft:dark_oak_trapdoor":87,"minecraft:crossbow":3,"biomesoplenty:jacaranda_planks":315,"waystones:waystone":3,"hmag:fire_bottle":2,"minecraft:dark_oak_log":1,"minecraft:bread":50,"minecraft:gravel":1,"minecraft:diamond_sword":502,"minecraft:andesite":5,"minecraft:experience_bottle":2,"minecraft:rose_bush":3,"biomesoplenty:redwood_door":2,"biomesoplenty:redwood_planks":75,"minecraft:spruce_planks":1,"minecraft:torch":274,"minecraft:dirt":499,"minecraft:anvil":2,"iceandfire:copper_sword":6,"biomesoplenty:redwood_log":320,"minecraft:dark_oak_planks":13,"minecraft:wooden_axe":23,"minecraft:iron_axe":982,"biomesoplenty:jacaranda_log":7,"silentgear:pickaxe":312,"minecraft:beef":4,"minecraft:dark_oak_pressure_plate":2,"minecraft:cooked_beef":15,"biomesoplenty:redwood_slab":4,"biomesoplenty:jacaranda_door":8,"minecraft:water_bucket":71,"biomesoplenty:stripped_redwood_log":503,"minecraft:iron_ore":1,"minecraft:andesite_slab":1,"minecraft:mossy_cobblestone":1,"minecraft:crafting_table":14,"minecraft:red_bed":1,"minecraft:white_bed":4,"silentgear:shovel":30,"spartanweaponry:greatsword_diamond":44,"minecraft:diamond_pickaxe":223,"minecraft:apple":6,"farlanders:nightfall_sword":193,"minecraft:iron_pickaxe":977,"minecraft:suspicious_stew":1,"minecraft:detector_rail":1,"minecraft:stone_axe":8,"minecraft:cobblestone":296,"minecraft:porkchop":4,"minecraft:cooked_porkchop":1,"minecraft:bucket":71,"biomesoplenty:redwood_stairs":2,"minecraft:dandelion":1},"minecraft:killed":{"minecraft:cave_spider":16,"minecraft:witch":2,"minecraft:spider":10,"farlanders:fanmade_enderman":1,"minecraft:skeleton":31,"minecraft:silverfish":2,"artifacts:mimic":4,"minecraft:pig":4,"farlanders:rebel":2,"slimier-slimes:obsidian_slime":9,"minecraft:creeper":1,"minecraft:sheep":2,"minecraft:pillager":8,"slimier-slimes:lava_slime":1,"minecraft:zombie":30,"minecraft:stray":3,"dungeonsmod:guard":6,"minecraft:cow":16,"alexsmobs:raccoon":2,"hmag:stoneular":1,"minecraft:vindicator":1,"hmag:zombie_girl":3,"iceandfire:siren":1,"aquaculture:brown_trout":1,"minecraft:husk":3,"hmag:ghost":2,"farlanders:looter":2,"dungeonsmod:haunter":1,"farlanders:mystic_enderman":1,"farlanders:ender_golem":3,"lava_monster:lava_monster":5,"alexsmobs:crocodile":1},"minecraft:dropped":{"minecraft:iron_sword":1,"minecraft:porkchop":1,"minecraft:crossbow":1,"relics:ice_skates":1,"minecraft:leather":3,"minecraft:cracked_stone_bricks":4,"silentgear:fine_silk":1,"minecraft:rail":2,"minecraft:emerald":1,"minecraft:flint":4,"minecraft:dirt":4,"biomesoplenty:redwood_log":63,"hmag:spectral_soup":1,"gravestone:obituary":59,"minecraft:sugar":3,"minecraft:iron_pickaxe":1,"apotheosis:scrap_tome":1,"minecraft:bone":17,"minecraft:gravel":4,"minecraft:stone_axe":1,"minecraft:iron_nugget":7,"alexsmobs:animal_dictionary":1,"minecraft:rotten_flesh":18,"artifacts:villager_hat":2,"minecraft:oak_planks":2,"minecraft:glowstone_dust":2,"minecraft:tipped_arrow":2,"apotheosis:digger_book":1,"minecraft:beetroot_seeds":2,"minecraft:leather_boots":1,"minecraft:spruce_slab":4,"apotheosis:armor_feet_book":1,"minecraft:arrow":3,"minecraft:powered_rail":2,"iceandfire:chared_grass":1,"minecraft:iron_ingot":10,"minecraft:bread":17,"minecraft:purple_terracotta":6,"minecraft:wheat_seeds":4,"minecraft:mossy_cobblestone":7,"minecraft:iron_helmet":1,"biomesoplenty:lavender":7,"farlanders:nightfall_sword":1,"minecraft:cobblestone":48,"inventorypets:nugget_obsidian":26,"minecraft:granite":3,"minecraft:coal":2,"slimier-slimes:black_jelly":2,"minecraft:stick":2,"minecraft:diamond_horse_armor":1,"apotheosis:common_tome":1,"minecraft:diorite":1,"minecraft:torch":1,"minecraft:wooden_axe":2,"minecraft:rose_bush":1,"minecraft:iron_leggings":2,"minecraft:pumpkin":3,"minecraft:string":11,"hmag:evil_crystal_fragment":2,"silentgear:bort":2,"minecraft:spruce_sapling":6,"minecraft:redstone":2,"hmag:soul_powder":3,"minecraft:bowl":1,"minecraft:iron_boots":2,"relics:out_runner":2,"apotheosis:weapon_book":1,"minecraft:lily_of_the_valley":1,"minecraft:diamond_sword":1,"minecraft:hay_block":9,"minecraft:shield":1,"iceandfire:copper_sword":1,"minecraft:mossy_stone_bricks":15,"minecraft:iron_chestplate":1,"minecraft:diamond_pickaxe":1,"minecraft:andesite":8,"minecraft:stone_pressure_plate":2,"minecraft:stone_bricks":12,"minecraft:spider_eye":6,"minecraft:diamond_boots":1,"minecraft:stone_pickaxe":1,"minecraft:bell":1,"minecraft:magenta_terracotta":4},"minecraft:mined":{"minecraft:dark_oak_planks":1,"minecraft:stone_pressure_plate":2,"minecraft:spruce_planks":5,"minecraft:white_bed":3,"biomesoplenty:stripped_redwood_log":257,"minecraft:granite":6,"minecraft:grass_block":814,"biomesoplenty:flowering_oak_leaves":82,"minecraft:frosted_ice":2,"minecraft:spawner":39,"minecraft:dark_oak_trapdoor":44,"minecraft:iron_ore":126,"minecraft:fire":4,"minecraft:barrel":2,"biomesoplenty:lavender":236,"minecraft:anvil":1,"biomesoplenty:redwood_door":2,"silentgear:bort_ore":12,"biomesoplenty:redwood_log":65,"minecraft:spruce_slab":2,"biomesoplenty:jacaranda_leaves":1174,"minecraft:red_bed":3,"biomesoplenty:jacaranda_planks":10,"minecraft:torch":6,"minecraft:melon":6,"minecraft:chest":4,"minecraft:cobblestone":42,"minecraft:sugar_cane":1,"minecraft:oak_planks":10,"minecraft:wall_torch":2,"evolved_rpg:shadestone_ore":2,"minecraft:tnt":9,"minecraft:grass":299,"biomesoplenty:clover":1,"minecraft:oak_log":46,"minecraft:dirt":165,"minecraft:red_mushroom_block":3,"minecraft:oak_leaves":709,"biomesoplenty:reed":1,"farlanders:endumium_ore":6,"minecraft:diamond_ore":30,"iceandfire:silver_ore":1,"minecraft:mossy_cobblestone":4,"minecraft:dark_oak_leaves":96,"silentgear:wild_flax_plant":4,"minecraft:dark_oak_log":29,"gravestone:gravestone":35,"minecraft:dark_oak_pressure_plate":2,"minecraft:purple_terracotta":3,"minecraft:spruce_leaves":173,"biomesoplenty:redwood_trapdoor":1,"iceandfire:chared_grass":1,"minecraft:large_fern":3,"minecraft:hay_block":38,"biomesoplenty:jacaranda_log":108,"minecraft:redstone_ore":15,"minecraft:furnace":4,"iceandfire:copper_ore":1,"minecraft:andesite":44,"treechop:chopped_log":144,"minecraft:peony":2,"minecraft:bookshelf":13,"minecraft:cobblestone_slab":1,"minecraft:vine":7,"minecraft:lantern":7,"biomesoplenty:jacaranda_door":4,"slimier-slimes:pink_slimy_stone":2,"minecraft:stone":1011,"biomesoplenty:redwood_planks":20,"minecraft:glass_pane":2,"minecraft:lily_of_the_valley":1,"minecraft:dandelion":1,"minecraft:crafting_table":8,"silentgear:wild_fluffy_plant":1,"minecraft:emerald_ore":20,"minecraft:oak_wood":4,"minecraft:rose_bush":4,"minecraft:andesite_slab":1,"oresabovediamonds:amethyst_ore":2,"minecraft:tall_grass":16,"minecraft:lapis_ore":17,"minecraft:diorite":4,"minecraft:magenta_terracotta":2,"minecraft:spruce_log":22,"minecraft:birch_leaves":3,"minecraft:coal_ore":105,"biomesoplenty:redwood_leaves":288,"minecraft:gravel":7,"minecraft:lodestone":1,"minecraft:cobweb":15,"minecraft:cracked_stone_bricks":10,"minecraft:stone_bricks":17,"minecraft:mossy_stone_bricks":18,"minecraft:gold_ore":33,"minecraft:fern":26},"minecraft:picked_up":{"minecraft:wooden_axe":1,"minecraft:iron_chestplate":2,"minecraft:wheat":20,"minecraft:anvil":1,"iceandfire:copper_sword":2,"iceandfire:copper_ore":1,"minecraft:diamond_sword":1,"evolved_rpg:shadestone_shard":2,"minecraft:lead":2,"minecraft:enchanted_book":1,"minecraft:dark_oak_pressure_plate":2,"silentgear:sinew":7,"minecraft:string":57,"minecraft:dark_oak_trapdoor":44,"minecraft:iron_leggings":4,"minecraft:experience_bottle":1,"biomesoplenty:redwood_slab":8,"minecraft:spruce_planks":4,"minecraft:rose_bush":4,"minecraft:cobblestone_slab":1,"minecraft:iron_pickaxe":2,"alexsmobs:raccoon_tail":1,"minecraft:melon_slice":34,"minecraft:furnace":7,"minecraft:iron_boots":3,"minecraft:tipped_arrow":3,"minecraft:stick":67,"minecraft:torch":71,"iceandfire:silver_ore":1,"minecraft:porkchop":9,"slimier-slimes:pink_jelly":2,"minecraft:diorite":4,"minecraft:rotten_flesh":40,"artifacts:villager_hat":7,"slimier-slimes:black_jelly":4,"biomesoplenty:redwood_trapdoor":1,"minecraft:netherite_chestplate":1,"minecraft:obsidian":3,"minecraft:cobblestone":1159,"biomesoplenty:lavender":370,"minecraft:cooked_beef":3,"minecraft:feather":1,"minecraft:water_bucket":1,"minecraft:andesite":42,"biomesoplenty:stripped_redwood_log":353,"minecraft:potato":5,"biomesoplenty:redwood_door":5,"relics:spider_necklace":3,"minecraft:lapis_lazuli":108,"minecraft:magenta_terracotta":4,"minecraft:dirt":1192,"minecraft:lantern":7,"hmag:evil_crystal_fragment":3,"minecraft:leather_boots":1,"minecraft:bone":36,"minecraft:bow":5,"minecraft:wheat_seeds":107,"minecraft:bell":2,"apotheosis:digger_book":1,"artifacts:antidote_vessel":1,"minecraft:diamond_helmet":1,"minecraft:mossy_stone_bricks":18,"minecraft:glowstone_dust":2,"minecraft:powered_rail":2,"minecraft:oak_planks":22,"silentgear:fine_silk":1,"minecraft:cooked_porkchop":1,"patchouli:guide_book":2,"hmag:soul_powder":6,"slimier-slimes:lime_slime_ball":5,"minecraft:poisonous_potato":2,"alexsmobs:crocodile_egg":1,"minecraft:sand":3,"farlanders:titan_hide":10,"sophisticatedbackpacks:iron_backpack":1,"minecraft:trapped_chest":1,"minecraft:lily_of_the_valley":1,"alexsmobs:animal_dictionary":1,"minecraft:dark_oak_log":27,"minecraft:barrel":2,"minecraft:mossy_cobblestone":8,"minecraft:sugar":3,"minecraft:diamond":30,"waystones:waystone":3,"minecraft:crossbow":6,"minecraft:granite":5,"minecraft:emerald":21,"minecraft:bread":64,"minecraft:oak_sapling":29,"minecraft:andesite_slab":1,"biomesoplenty:redwood_log":58,"minecraft:crafting_table":8,"artifacts:night_vision_goggles":1,"relics:out_runner":12,"minecraft:ladder":1,"apotheosis:weapon_book":1,"minecraft:wooden_pickaxe":1,"minecraft:stone_brick_wall":2,"biomesoplenty:jacaranda_sapling":52,"gravestone:obituary":27,"minecraft:shield":1,"minecraft:red_bed":2,"minecraft:iron_axe":2,"artifacts:feral_claws":9,"minecraft:item_frame":4,"farlanders:ender_horn":8,"minecraft:iron_shovel":1,"minecraft:cracked_stone_bricks":7,"apotheosis:scrap_tome":1,"minecraft:detector_rail":1,"apotheosis:armor_feet_book":1,"minecraft:beef":32,"oresabovediamonds:amethyst":2,"minecraft:iron_nugget":1,"minecraft:spruce_slab":8,"minecraft:sugar_cane":1,"minecraft:chest":4,"minecraft:dark_oak_sapling":4,"dragonmounts:aether_dragon_egg":2,"iceandfire:chared_grass":1,"sophisticatedbackpacks:backpack":1,"minecraft:fire_charge":3,"apotheosis:common_tome":1,"minecraft:carrot":1,"minecraft:redstone":62,"hmag:reinforcing_plate":3,"minecraft:stone_pressure_plate":2,"minecraft:purple_terracotta":6,"minecraft:dark_oak_planks":37,"artifacts:snorkel":1,"minecraft:tnt":9,"biomesoplenty:redwood_planks":22,"minecraft:arrow":32,"biomesoplenty:jacaranda_log":101,"minecraft:peony":1,"aquaculture:brown_trout":1,"minecraft:diamond_boots":2,"minecraft:hay_block":48,"minecraft:mutton":3,"minecraft:white_wool":52,"minecraft:rail":2,"minecraft:netherite_boots":1,"silentgear:flax_seeds":4,"relics:ice_skates":1,"minecraft:leather":26,"biomesoplenty:jacaranda_door":4,"silentgear:blueprint_package":1,"minecraft:oak_log":44,"biomesoplenty:jacaranda_planks":77,"endrem:corrupted_pearl":3,"farlanders:mystic_wand_invisible":1,"minecraft:apple":5,"minecraft:stone_bricks":24,"minecraft:iron_ingot":39,"minecraft:stone_pickaxe":1,"minecraft:iron_ore":125,"slimier-slimes:purple_jelly":4,"farlanders:endumium_crystal":6,"minecraft:glass_bottle":1,"minecraft:iron_sword":2,"minecraft:book":33,"artifacts:obsidian_skull":6,"iceandfire:ash":2,"minecraft:dandelion":1,"minecraft:gravel":9,"minecraft:spruce_sapling":14,"silentgear:bort":12,"minecraft:white_bed":4,"minecraft:spruce_log":21,"minecraft:gold_ore":32,"minecraft:spider_eye":12,"biomesoplenty:flowering_oak_sapling":5,"minecraft:oak_wood":4,"minecraft:stone_axe":1,"minecraft:iron_helmet":3,"minecraft:gray_wool":1,"minecraft:black_wool":1,"minecraft:coal":140},"minecraft:crafted":{"minecraft:oak_planks":84,"minecraft:dark_oak_boat":1,"biomesoplenty:redwood_slab":12,"minecraft:diamond_helmet":1,"minecraft:iron_boots":2,"farlanders:nightfall_sword":1,"minecraft:chest":6,"inventorypets:nugget_obsidian":27,"biomesoplenty:jacaranda_planks":484,"silentgear:pickaxe_head":1,"minecraft:crafting_table":10,"minecraft:iron_helmet":2,"minecraft:wooden_pickaxe":1,"minecraft:gold_block":1,"minecraft:iron_chestplate":2,"minecraft:diamond_pickaxe":1,"minecraft:shield":3,"minecraft:stick":84,"minecraft:iron_ingot":107,"minecraft:iron_pickaxe":4,"minecraft:gold_ingot":32,"silentgear:pickaxe":1,"inventorypets:pet_enderman":1,"minecraft:iron_nugget":36,"silentgear:rod":4,"inventorypets:pet_shield":1,"minecraft:furnace":3,"biomesoplenty:redwood_trapdoor":2,"silentgear:shovel":1,"minecraft:iron_axe":6,"minecraft:stone_pickaxe":1,"biomesoplenty:jacaranda_door":6,"minecraft:diamond_boots":1,"biomesoplenty:redwood_stairs":4,"minecraft:wheat":267,"minecraft:cooked_beef":15,"biomesoplenty:redwood_door":3,"biomesoplenty:redwood_planks":212,"minecraft:iron_sword":1,"minecraft:bucket":1,"minecraft:stone_axe":1,"minecraft:bread":107,"minecraft:air":0,"inventorypets:nugget_coal":16,"minecraft:wooden_axe":1,"minecraft:iron_shovel":4,"minecraft:iron_leggings":1,"inventorypets:pet_anvil":1,"minecraft:torch":264,"minecraft:diamond_chestplate":1},"minecraft:broken":{"minecraft:iron_shovel":3,"minecraft:iron_boots":2,"minecraft:iron_chestplate":1,"farlanders:mystic_wand_invisible":1,"minecraft:shield":3,"minecraft:iron_axe":3,"minecraft:iron_pickaxe":3},"minecraft:killed_by":{"iceandfire:cyclops":5,"iceandfire:siren":1,"hmag:zombie_girl":1,"farlanders:fanmade_enderman":1,"minecraft:vindicator":1,"farlanders:ender_golem":2,"alexsmobs:crocodile":7,"minecraft:cave_spider":3,"artifacts:mimic":1,"minecraft:zombie":4,"iceandfire:fire_dragon":1,"minecraft:stray":1,"iceandfire:gorgon":3,"minecraft:skeleton":5,"slimier-slimes:obsidian_slime":2}},"DataVersion":2586}