{"stats":{"minecraft:mined":{"minecraft:dark_oak_planks":1,"minecraft:spruce_planks":5,"minecraft:white_bed":3,"minecraft:dark_oak_leaves":96,"minecraft:dark_oak_log":28,"gravestone:gravestone":16,"minecraft:purple_terracotta":3,"minecraft:grass_block":584,"biomesoplenty:flowering_oak_leaves":82,"minecraft:spruce_leaves":173,"minecraft:spawner":10,"minecraft:large_fern":3,"minecraft:hay_block":33,"biomesoplenty:jacaranda_log":108,"minecraft:furnace":3,"minecraft:iron_ore":47,"minecraft:barrel":2,"biomesoplenty:lavender":222,"minecraft:andesite":4,"treechop:chopped_log":144,"minecraft:peony":2,"biomesoplenty:redwood_door":2,"minecraft:bookshelf":13,"biomesoplenty:redwood_log":60,"minecraft:stone":69,"minecraft:spruce_slab":2,"biomesoplenty:jacaranda_leaves":1174,"biomesoplenty:redwood_planks":10,"minecraft:glass_pane":2,"minecraft:red_bed":3,"minecraft:lily_of_the_valley":1,"minecraft:dandelion":1,"silentgear:wild_fluffy_plant":1,"minecraft:crafting_table":5,"minecraft:torch":3,"minecraft:melon":6,"minecraft:chest":2,"minecraft:rose_bush":4,"minecraft:andesite_slab":1,"minecraft:tall_grass":9,"minecraft:cobblestone":15,"minecraft:sugar_cane":1,"minecraft:oak_planks":3,"minecraft:magenta_terracotta":2,"minecraft:spruce_log":22,"minecraft:birch_leaves":3,"minecraft:grass":273,"biomesoplenty:clover":1,"minecraft:oak_log":46,"minecraft:coal_ore":37,"biomesoplenty:redwood_leaves":288,"minecraft:dirt":111,"minecraft:red_mushroom_block":3,"minecraft:stone_bricks":3,"minecraft:oak_leaves":709,"minecraft:fern":25},"minecraft:broken":{"minecraft:iron_shovel":2,"minecraft:iron_boots":1,"minecraft:iron_axe":1},"minecraft:killed_by":{"iceandfire:siren":1,"hmag:zombie_girl":1,"minecraft:vindicator":1,"iceandfire:gorgon":3,"farlanders:ender_golem":1,"alexsmobs:crocodile":7,"minecraft:skeleton":4},"minecraft:custom":{"minecraft:mob_kills":44,"minecraft:interact_with_crafting_table":18,"minecraft:open_barrel":16,"minecraft:leave_game":4,"minecraft:time_since_death":43877,"minecraft:climb_one_cm":15011,"minecraft:sprint_one_cm":588297,"minecraft:walk_one_cm":534820,"minecraft:damage_blocked_by_shield":2950,"minecraft:drop":100,"minecraft:talked_to_villager":2,"minecraft:deaths":18,"minecraft:sneak_time":3964,"minecraft:walk_under_water_one_cm":12001,"minecraft:boat_one_cm":128560,"minecraft:jump":2613,"minecraft:walk_on_water_one_cm":33497,"minecraft:interact_with_furnace":12,"minecraft:play_one_minute":209262,"minecraft:sleep_in_bed":5,"minecraft:time_since_rest":29918,"minecraft:waystone_activated":5,"minecraft:damage_taken":2147483647,"minecraft:damage_dealt":11218,"minecraft:player_kills":1,"minecraft:swim_one_cm":10147,"minecraft:fly_one_cm":482677,"minecraft:open_chest":56,"minecraft:crouch_one_cm":10347,"minecraft:interact_with_smoker":2,"minecraft:fall_one_cm":60612},"minecraft:crafted":{"minecraft:oak_planks":52,"minecraft:dark_oak_boat":1,"minecraft:furnace":3,"minecraft:iron_boots":1,"minecraft:iron_axe":3,"minecraft:stone_pickaxe":1,"minecraft:chest":6,"minecraft:wheat":222,"biomesoplenty:jacaranda_planks":228,"biomesoplenty:redwood_door":3,"minecraft:crafting_table":7,"biomesoplenty:redwood_planks":184,"minecraft:iron_helmet":1,"minecraft:wooden_pickaxe":1,"minecraft:stone_axe":1,"minecraft:bread":92,"minecraft:air":0,"minecraft:iron_chestplate":1,"minecraft:shield":1,"minecraft:stick":4,"minecraft:iron_pickaxe":1,"minecraft:iron_ingot":41,"minecraft:wooden_axe":1,"minecraft:iron_shovel":3,"minecraft:iron_leggings":1,"minecraft:torch":28},"minecraft:used":{"minecraft:peony":1,"minecraft:rose_bush":3,"biomesoplenty:redwood_door":2,"minecraft:iron_shovel":742,"minecraft:spruce_slab":1,"biomesoplenty:redwood_planks":70,"minecraft:chest":5,"minecraft:spruce_planks":1,"minecraft:shield":38,"minecraft:torch":41,"minecraft:dirt":307,"iceandfire:copper_sword":6,"minecraft:carrot":12,"minecraft:dark_oak_planks":13,"minecraft:wooden_axe":23,"hmag:exp_berry":1,"minecraft:iron_axe":438,"biomesoplenty:jacaranda_log":7,"minecraft:stone_bricks":3,"minecraft:bow":1,"minecraft:dark_oak_boat":1,"minecraft:furnace":3,"minecraft:water_bucket":10,"minecraft:stone_pickaxe":116,"minecraft:oak_planks":3,"minecraft:andesite_slab":1,"minecraft:wooden_pickaxe":10,"biomesoplenty:lavender":18,"minecraft:sugar_cane":1,"minecraft:crafting_table":9,"minecraft:red_bed":1,"minecraft:crossbow":3,"minecraft:white_bed":4,"waystones:waystone":2,"minecraft:apple":3,"minecraft:bread":39,"minecraft:suspicious_stew":1,"minecraft:iron_pickaxe":87,"minecraft:stone_axe":8,"minecraft:cobblestone":32,"minecraft:cooked_porkchop":1,"minecraft:bucket":10,"minecraft:andesite":3,"minecraft:dandelion":1,"minecraft:experience_bottle":2},"minecraft:dropped":{"minecraft:bread":17,"minecraft:iron_ingot":10,"minecraft:purple_terracotta":6,"minecraft:iron_sword":1,"minecraft:porkchop":1,"minecraft:wheat_seeds":4,"minecraft:crossbow":1,"relics:ice_skates":1,"minecraft:cobblestone":3,"minecraft:leather":3,"minecraft:flint":4,"minecraft:stick":2,"minecraft:dirt":4,"minecraft:wooden_axe":2,"minecraft:rose_bush":1,"gravestone:obituary":23,"minecraft:pumpkin":3,"minecraft:sugar":3,"minecraft:spruce_sapling":6,"minecraft:redstone":1,"minecraft:bone":14,"minecraft:stone_axe":1,"hmag:soul_powder":3,"alexsmobs:animal_dictionary":1,"minecraft:bowl":1,"artifacts:villager_hat":1,"minecraft:oak_planks":1,"minecraft:iron_boots":1,"minecraft:glowstone_dust":2,"relics:out_runner":1,"minecraft:lily_of_the_valley":1,"minecraft:hay_block":9,"minecraft:andesite":1,"minecraft:spider_eye":3,"minecraft:spruce_slab":4,"minecraft:arrow":1,"minecraft:stone_pickaxe":1,"minecraft:magenta_terracotta":4},"minecraft:killed":{"minecraft:cave_spider":5,"minecraft:witch":2,"alexsmobs:raccoon":1,"minecraft:vindicator":1,"minecraft:skeleton":8,"hmag:zombie_girl":2,"iceandfire:siren":1,"aquaculture:brown_trout":1,"minecraft:husk":1,"farlanders:looter":1,"farlanders:ender_golem":2,"minecraft:sheep":2,"minecraft:pillager":4,"minecraft:zombie":3,"alexsmobs:crocodile":1,"dungeonsmod:guard":6,"minecraft:cow":4},"minecraft:picked_up":{"minecraft:wooden_axe":1,"biomesoplenty:redwood_log":54,"minecraft:crafting_table":5,"minecraft:iron_chestplate":1,"minecraft:wheat":20,"relics:out_runner":3,"iceandfire:copper_sword":1,"minecraft:lead":2,"minecraft:wooden_pickaxe":1,"biomesoplenty:jacaranda_sapling":38,"minecraft:enchanted_book":1,"gravestone:obituary":8,"minecraft:shield":1,"silentgear:sinew":3,"minecraft:string":13,"minecraft:red_bed":2,"minecraft:iron_axe":2,"minecraft:iron_leggings":2,"artifacts:feral_claws":3,"farlanders:ender_horn":6,"minecraft:experience_bottle":1,"minecraft:spruce_planks":4,"minecraft:beef":7,"minecraft:rose_bush":4,"minecraft:iron_pickaxe":1,"minecraft:spruce_slab":5,"minecraft:melon_slice":34,"minecraft:sugar_cane":1,"minecraft:chest":2,"minecraft:furnace":6,"minecraft:iron_boots":2,"minecraft:dark_oak_sapling":4,"minecraft:stick":67,"minecraft:torch":43,"minecraft:porkchop":1,"minecraft:carrot":1,"minecraft:redstone":1,"hmag:reinforcing_plate":1,"minecraft:purple_terracotta":6,"minecraft:dark_oak_planks":37,"biomesoplenty:redwood_planks":10,"minecraft:arrow":11,"minecraft:rotten_flesh":13,"biomesoplenty:jacaranda_log":101,"artifacts:villager_hat":4,"minecraft:peony":1,"aquaculture:brown_trout":1,"minecraft:hay_block":43,"minecraft:mutton":3,"minecraft:white_wool":52,"minecraft:cobblestone":82,"biomesoplenty:lavender":330,"relics:ice_skates":1,"minecraft:water_bucket":1,"minecraft:andesite":4,"minecraft:leather":10,"biomesoplenty:redwood_door":2,"minecraft:potato":5,"silentgear:blueprint_package":1,"minecraft:oak_log":44,"minecraft:magenta_terracotta":4,"minecraft:dirt":618,"hmag:evil_crystal_fragment":2,"endrem:corrupted_pearl":3,"minecraft:bone":14,"minecraft:apple":4,"minecraft:stone_bricks":3,"minecraft:bow":1,"minecraft:wheat_seeds":61,"minecraft:bell":1,"minecraft:iron_ingot":12,"minecraft:stone_pickaxe":1,"minecraft:iron_ore":47,"minecraft:glass_bottle":1,"minecraft:glowstone_dust":2,"minecraft:iron_sword":1,"minecraft:oak_planks":4,"minecraft:book":33,"minecraft:cooked_porkchop":1,"patchouli:guide_book":2,"hmag:soul_powder":3,"farlanders:titan_hide":5,"alexsmobs:crocodile_egg":1,"minecraft:dandelion":1,"slimier-slimes:lime_slime_ball":5,"minecraft:poisonous_potato":2,"minecraft:sand":3,"minecraft:spruce_sapling":14,"minecraft:white_bed":4,"minecraft:spruce_log":21,"minecraft:lily_of_the_valley":1,"minecraft:dark_oak_log":26,"minecraft:spider_eye":3,"minecraft:barrel":2,"alexsmobs:animal_dictionary":1,"biomesoplenty:flowering_oak_sapling":5,"minecraft:sugar":3,"minecraft:stone_axe":1,"waystones:waystone":2,"minecraft:crossbow":5,"minecraft:gray_wool":1,"minecraft:bread":64,"minecraft:oak_sapling":29,"minecraft:black_wool":1,"minecraft:coal":53,"minecraft:andesite_slab":1}},"DataVersion":2586}