{"stats":{"minecraft:killed":{"minecraft:vindicator":1,"farlanders:ender_golem":2,"minecraft:sheep":2,"minecraft:skeleton":3,"hmag:zombie_girl":1,"minecraft:pillager":4,"minecraft:zombie":1},"minecraft:custom":{"minecraft:interact_with_furnace":8,"minecraft:mob_kills":14,"minecraft:interact_with_crafting_table":8,"minecraft:open_barrel":16,"minecraft:play_one_minute":36778,"minecraft:leave_game":2,"minecraft:time_since_death":14376,"minecraft:sleep_in_bed":1,"minecraft:climb_one_cm":426,"minecraft:time_since_rest":12176,"minecraft:sprint_one_cm":125887,"minecraft:damage_taken":1333,"minecraft:walk_one_cm":108678,"minecraft:damage_blocked_by_shield":770,"minecraft:drop":10,"minecraft:damage_dealt":4349,"minecraft:swim_one_cm":1086,"minecraft:talked_to_villager":1,"minecraft:fly_one_cm":105907,"minecraft:open_chest":13,"minecraft:crouch_one_cm":2691,"minecraft:deaths":3,"minecraft:sneak_time":1083,"minecraft:walk_under_water_one_cm":522,"minecraft:jump":609,"minecraft:walk_on_water_one_cm":1159,"minecraft:interact_with_smoker":2,"minecraft:fall_one_cm":12625},"minecraft:picked_up":{"minecraft:crafting_table":4,"minecraft:wheat":20,"minecraft:andesite":3,"minecraft:wooden_pickaxe":1,"minecraft:potato":5,"minecraft:oak_log":17,"minecraft:red_bed":1,"minecraft:dirt":18,"endrem:corrupted_pearl":3,"hmag:evil_crystal_fragment":2,"farlanders:ender_horn":3,"minecraft:bone":3,"minecraft:apple":3,"minecraft:stone_bricks":3,"minecraft:wheat_seeds":14,"minecraft:spruce_planks":2,"minecraft:iron_ore":47,"minecraft:rose_bush":3,"minecraft:glass_bottle":1,"minecraft:furnace":3,"minecraft:dark_oak_sapling":4,"minecraft:stick":24,"minecraft:torch":3,"minecraft:poisonous_potato":2,"minecraft:spruce_sapling":8,"minecraft:carrot":1,"minecraft:spruce_log":21,"minecraft:lily_of_the_valley":1,"minecraft:dark_oak_log":26,"minecraft:barrel":2,"minecraft:arrow":1,"minecraft:rotten_flesh":6,"minecraft:hay_block":33,"minecraft:crossbow":1,"minecraft:gray_wool":1,"minecraft:oak_sapling":17,"minecraft:black_wool":1,"minecraft:mutton":3,"minecraft:coal":53,"minecraft:cobblestone":39},"minecraft:crafted":{"minecraft:oak_planks":48,"minecraft:crafting_table":4,"minecraft:wooden_pickaxe":1,"minecraft:iron_helmet":1,"minecraft:furnace":3,"minecraft:stone_axe":1,"minecraft:bread":65,"minecraft:air":0,"minecraft:iron_boots":1,"minecraft:iron_chestplate":1,"minecraft:shield":1,"minecraft:iron_axe":1,"minecraft:stick":4,"minecraft:iron_ingot":41,"minecraft:iron_pickaxe":1,"minecraft:stone_pickaxe":1,"minecraft:wooden_axe":1,"minecraft:iron_leggings":1,"minecraft:torch":12,"minecraft:wheat":132},"minecraft:mined":{"minecraft:spruce_planks":2,"minecraft:glass_pane":2,"minecraft:red_bed":3,"minecraft:dark_oak_leaves":95,"minecraft:lily_of_the_valley":1,"minecraft:dark_oak_log":28,"minecraft:crafting_table":4,"minecraft:torch":3,"gravestone:gravestone":3,"minecraft:grass_block":4,"minecraft:rose_bush":3,"minecraft:tall_grass":1,"minecraft:cobblestone":2,"minecraft:spruce_leaves":173,"minecraft:spawner":5,"minecraft:hay_block":22,"minecraft:furnace":3,"minecraft:iron_ore":47,"minecraft:barrel":2,"minecraft:spruce_log":22,"minecraft:andesite":3,"treechop:chopped_log":27,"minecraft:grass":35,"minecraft:coal_ore":37,"minecraft:oak_log":18,"minecraft:dirt":10,"minecraft:stone_bricks":3,"minecraft:stone":39,"minecraft:oak_leaves":464},"minecraft:killed_by":{"minecraft:vindicator":1,"farlanders:ender_golem":1,"hmag:zombie_girl":1},"minecraft:dropped":{"minecraft:iron_ingot":10,"minecraft:iron_boots":1,"minecraft:lily_of_the_valley":1,"minecraft:hay_block":9,"gravestone:obituary":2,"minecraft:arrow":1,"minecraft:bone":3},"minecraft:used":{"minecraft:rose_bush":3,"minecraft:stone_pickaxe":115,"minecraft:shield":10,"minecraft:wooden_pickaxe":10,"minecraft:torch":13,"minecraft:dirt":17,"minecraft:crafting_table":5,"minecraft:crossbow":1,"minecraft:carrot":4,"minecraft:wooden_axe":23,"minecraft:apple":3,"minecraft:iron_axe":73,"minecraft:bread":6,"minecraft:iron_pickaxe":16,"minecraft:stone_axe":7,"minecraft:cobblestone":9,"minecraft:furnace":3,"minecraft:andesite":3}},"DataVersion":2586}