{"stats":{"minecraft:killed":{"minecraft:sheep":1},"minecraft:picked_up":{"minecraft:gray_wool":1,"minecraft:mutton":1},"minecraft:custom":{"minecraft:jump":23,"minecraft:time_since_rest":1512,"minecraft:damage_dealt":80,"minecraft:play_one_minute":1512,"minecraft:leave_game":1,"minecraft:sprint_one_cm":2936,"minecraft:time_since_death":1512,"minecraft:walk_one_cm":1519,"minecraft:mob_kills":1,"minecraft:fall_one_cm":476,"minecraft:fly_one_cm":2681},"minecraft:mined":{"minecraft:grass":7,"minecraft:oak_leaves":1}},"DataVersion":2586}