{"stats":{"minecraft:killed":{"minecraft:vindicator":1,"farlanders:ender_golem":1,"minecraft:sheep":2,"minecraft:skeleton":1,"hmag:zombie_girl":1,"minecraft:pillager":1,"minecraft:zombie":1},"minecraft:custom":{"minecraft:interact_with_furnace":7,"minecraft:mob_kills":8,"minecraft:interact_with_crafting_table":7,"minecraft:play_one_minute":24778,"minecraft:leave_game":2,"minecraft:time_since_death":2376,"minecraft:sleep_in_bed":1,"minecraft:climb_one_cm":291,"minecraft:time_since_rest":176,"minecraft:sprint_one_cm":62491,"minecraft:damage_taken":1033,"minecraft:walk_one_cm":76974,"minecraft:damage_blocked_by_shield":360,"minecraft:drop":1,"minecraft:damage_dealt":2071,"minecraft:fly_one_cm":60511,"minecraft:open_chest":1,"minecraft:crouch_one_cm":2562,"minecraft:deaths":3,"minecraft:sneak_time":1017,"minecraft:walk_under_water_one_cm":257,"minecraft:jump":384,"minecraft:walk_on_water_one_cm":185,"minecraft:interact_with_smoker":1,"minecraft:fall_one_cm":7673},"minecraft:picked_up":{"minecraft:crafting_table":3,"minecraft:andesite":3,"minecraft:oak_log":17,"minecraft:dirt":14,"hmag:evil_crystal_fragment":2,"farlanders:ender_horn":2,"minecraft:bone":2,"minecraft:apple":3,"minecraft:wheat_seeds":6,"minecraft:iron_ore":47,"minecraft:rose_bush":3,"minecraft:furnace":3,"minecraft:dark_oak_sapling":4,"minecraft:stick":15,"minecraft:torch":3,"minecraft:spruce_sapling":8,"minecraft:spruce_log":21,"minecraft:lily_of_the_valley":1,"minecraft:dark_oak_log":26,"minecraft:rotten_flesh":2,"minecraft:gray_wool":1,"minecraft:oak_sapling":17,"minecraft:black_wool":1,"minecraft:mutton":3,"minecraft:coal":53,"minecraft:cobblestone":39},"minecraft:crafted":{"minecraft:oak_planks":48,"minecraft:crafting_table":4,"minecraft:wooden_pickaxe":1,"minecraft:iron_helmet":1,"minecraft:furnace":3,"minecraft:stone_axe":1,"minecraft:air":0,"minecraft:iron_boots":1,"minecraft:iron_chestplate":1,"minecraft:shield":1,"minecraft:iron_axe":1,"minecraft:stick":4,"minecraft:iron_ingot":41,"minecraft:iron_pickaxe":1,"minecraft:stone_pickaxe":1,"minecraft:wooden_axe":1,"minecraft:iron_leggings":1,"minecraft:torch":12},"minecraft:dropped":{"gravestone:obituary":1},"minecraft:mined":{"minecraft:glass_pane":2,"minecraft:dark_oak_leaves":95,"minecraft:lily_of_the_valley":1,"minecraft:dark_oak_log":28,"minecraft:crafting_table":3,"minecraft:torch":3,"gravestone:gravestone":3,"minecraft:grass_block":4,"minecraft:rose_bush":3,"minecraft:cobblestone":2,"minecraft:spruce_leaves":172,"minecraft:spawner":1,"minecraft:furnace":3,"minecraft:iron_ore":47,"minecraft:spruce_log":22,"minecraft:andesite":3,"treechop:chopped_log":27,"minecraft:grass":31,"minecraft:coal_ore":37,"minecraft:oak_log":18,"minecraft:dirt":10,"minecraft:stone":39,"minecraft:oak_leaves":464},"minecraft:killed_by":{"minecraft:vindicator":1,"farlanders:ender_golem":1,"hmag:zombie_girl":1},"minecraft:used":{"minecraft:rose_bush":3,"minecraft:stone_pickaxe":115,"minecraft:shield":3,"minecraft:wooden_pickaxe":10,"minecraft:torch":13,"minecraft:dirt":10,"minecraft:crafting_table":4,"minecraft:wooden_axe":23,"minecraft:apple":3,"minecraft:iron_axe":44,"minecraft:iron_pickaxe":9,"minecraft:stone_axe":7,"minecraft:cobblestone":9,"minecraft:furnace":3,"minecraft:andesite":3}},"DataVersion":2586}