{"stats":{"minecraft:dropped":{"iceandfire:chared_stone":6,"minecraft:iron_sword":2,"minecraft:porkchop":1,"silentgear:blaze_gold_nugget":7,"minecraft:crossbow":1,"relics:ice_skates":1,"minecraft:leather":3,"minecraft:red_wool":1,"minecraft:cracked_stone_bricks":6,"silentgear:fine_silk":1,"minecraft:rail":2,"minecraft:flint":4,"minecraft:emerald":1,"minecraft:dirt":13,"minecraft:red_bed":1,"minecraft:polished_blackstone_brick_stairs":1,"biomesoplenty:redwood_log":64,"hmag:spectral_soup":1,"minecraft:chain":4,"gravestone:obituary":75,"silentgear:nether_banana":1,"minecraft:bone_meal":4,"minecraft:sugar":3,"minecraft:iron_pickaxe":1,"minecraft:black_stained_glass":1,"apotheosis:scrap_tome":1,"minecraft:bone":29,"minecraft:gravel":4,"minecraft:stone_axe":1,"minecraft:iron_nugget":11,"alexsmobs:animal_dictionary":1,"minecraft:obsidian":2,"minecraft:rotten_flesh":23,"artifacts:villager_hat":2,"minecraft:oak_planks":2,"minecraft:glowstone_dust":2,"minecraft:poppy":1,"minecraft:tipped_arrow":3,"apotheosis:digger_book":1,"minecraft:beetroot_seeds":2,"minecraft:leather_boots":1,"minecraft:iron_ore":1,"minecraft:spruce_slab":4,"apotheosis:armor_feet_book":1,"minecraft:arrow":5,"minecraft:powered_rail":2,"iceandfire:chared_grass":1,"minecraft:iron_ingot":10,"minecraft:bread":20,"minecraft:purple_terracotta":6,"biomesoplenty:jacaranda_sapling":4,"minecraft:wheat_seeds":13,"minecraft:mossy_cobblestone":7,"minecraft:poisonous_potato":2,"biomesoplenty:redwood_slab":1,"biomesoplenty:lavender":337,"minecraft:cobblestone":54,"minecraft:iron_helmet":1,"farlanders:nightfall_sword":1,"inventorypets:nugget_obsidian":26,"minecraft:granite":8,"biomesoplenty:jacaranda_planks":5,"minecraft:coal":2,"slimier-slimes:black_jelly":4,"minecraft:stick":4,"minecraft:diamond_horse_armor":1,"apotheosis:common_tome":1,"minecraft:golden_carrot":1,"minecraft:diorite":1,"minecraft:torch":13,"minecraft:wooden_axe":2,"minecraft:rose_bush":1,"minecraft:fire_charge":1,"minecraft:iron_leggings":2,"minecraft:pumpkin":3,"minecraft:white_banner":1,"minecraft:iron_axe":1,"minecraft:string":11,"hmag:evil_crystal_fragment":2,"silentgear:bort":2,"minecraft:spruce_sapling":6,"minecraft:redstone":2,"alexsmobs:maggot":2,"hmag:soul_powder":3,"minecraft:oak_trapdoor":1,"minecraft:bowl":1,"biomesoplenty:redwood_planks":2,"minecraft:iron_boots":2,"relics:out_runner":2,"minecraft:spruce_fence":1,"apotheosis:weapon_book":1,"minecraft:lily_of_the_valley":4,"minecraft:filled_map":1,"minecraft:diamond_sword":1,"minecraft:potato":1,"minecraft:hay_block":9,"minecraft:stone":1,"minecraft:shield":1,"iceandfire:copper_sword":1,"minecraft:peony":12,"minecraft:spruce_planks":2,"iceandfire:chared_cobblestone":1,"minecraft:diamond_pickaxe":1,"minecraft:iron_chestplate":1,"minecraft:andesite":19,"minecraft:mossy_stone_bricks":16,"minecraft:spider_eye":6,"minecraft:stone_pressure_plate":2,"minecraft:stone_bricks":12,"minecraft:diamond_boots":1,"minecraft:stone_pickaxe":1,"minecraft:bell":1,"minecraft:magenta_terracotta":4},"minecraft:picked_up":{"minecraft:iron_chestplate":2,"minecraft:wheat":20,"iceandfire:copper_sword":2,"minecraft:anvil":3,"iceandfire:copper_ore":1,"evolved_rpg:shadestone_shard":2,"minecraft:lead":2,"minecraft:diamond_sword":2,"minecraft:enchanted_book":1,"minecraft:stone_brick_stairs":4,"minecraft:polished_blackstone_brick_stairs":14,"silentgear:sinew":7,"minecraft:string":62,"minecraft:dark_oak_pressure_plate":2,"minecraft:dark_oak_trapdoor":44,"minecraft:iron_leggings":4,"minecraft:experience_bottle":1,"biomesoplenty:redwood_slab":17,"minecraft:spruce_planks":13,"minecraft:rose_bush":4,"minecraft:cobblestone_slab":1,"minecraft:iron_pickaxe":2,"alexsmobs:raccoon_tail":1,"minecraft:melon_slice":34,"minecraft:iron_boots":4,"minecraft:furnace":22,"minecraft:tipped_arrow":3,"minecraft:stick":129,"minecraft:torch":90,"iceandfire:silver_ore":2,"minecraft:porkchop":10,"slimier-slimes:pink_jelly":2,"minecraft:diorite":6,"oresabovediamonds:black_opal":2,"minecraft:rotten_flesh":41,"artifacts:villager_hat":7,"slimier-slimes:black_jelly":6,"biomesoplenty:redwood_trapdoor":2,"minecraft:netherite_chestplate":1,"minecraft:obsidian":3,"minecraft:cobblestone":1518,"biomesoplenty:lavender":601,"hmag:copper_nugget":2,"minecraft:feather":1,"minecraft:cooked_beef":3,"minecraft:water_bucket":1,"minecraft:andesite":44,"biomesoplenty:stripped_redwood_log":1083,"minecraft:potato":65,"biomesoplenty:redwood_door":5,"minecraft:magenta_terracotta":4,"relics:spider_necklace":6,"minecraft:lapis_lazuli":124,"minecraft:dirt":1267,"minecraft:lantern":7,"hmag:evil_crystal_fragment":3,"minecraft:leather_boots":1,"minecraft:bone":48,"minecraft:bow":6,"minecraft:wheat_seeds":121,"minecraft:bell":2,"apotheosis:digger_book":1,"minecraft:mossy_stone_bricks":19,"minecraft:diamond_helmet":1,"artifacts:antidote_vessel":4,"minecraft:glowstone_dust":2,"minecraft:powered_rail":2,"minecraft:oak_planks":22,"silentgear:fine_silk":1,"minecraft:cooked_porkchop":1,"patchouli:guide_book":2,"hmag:soul_powder":8,"minecraft:poisonous_potato":4,"slimier-slimes:lime_slime_ball":5,"alexsmobs:crocodile_egg":1,"minecraft:sand":3,"farlanders:titan_hide":10,"sophisticatedbackpacks:iron_backpack":1,"minecraft:lily_of_the_valley":4,"minecraft:trapped_chest":1,"minecraft:dark_oak_log":445,"minecraft:barrel":25,"alexsmobs:animal_dictionary":1,"minecraft:mossy_cobblestone":8,"iceandfire:chared_cobblestone":1,"minecraft:sugar":3,"minecraft:diamond":37,"waystones:waystone":3,"minecraft:crossbow":7,"minecraft:granite":15,"minecraft:emerald":22,"minecraft:bread":64,"alexsmobs:maggot":2,"minecraft:oak_sapling":29,"minecraft:andesite_slab":1,"biomesoplenty:redwood_log":439,"minecraft:crafting_table":13,"relics:out_runner":16,"artifacts:night_vision_goggles":4,"minecraft:ladder":1,"apotheosis:weapon_book":1,"minecraft:brown_mushroom":9,"minecraft:wooden_pickaxe":1,"minecraft:stone_brick_wall":2,"biomesoplenty:jacaranda_sapling":56,"gravestone:obituary":35,"minecraft:shield":1,"minecraft:oak_trapdoor":1,"minecraft:red_bed":2,"minecraft:iron_axe":3,"artifacts:feral_claws":12,"farlanders:ender_horn":8,"minecraft:item_frame":4,"minecraft:iron_shovel":1,"minecraft:cracked_stone_bricks":10,"apotheosis:scrap_tome":1,"minecraft:detector_rail":1,"apotheosis:armor_feet_book":1,"minecraft:beef":33,"oresabovediamonds:amethyst":6,"minecraft:iron_nugget":3,"minecraft:poppy":1,"minecraft:spruce_slab":8,"minecraft:sugar_cane":1,"minecraft:chest":6,"minecraft:dark_oak_sapling":37,"dragonmounts:aether_dragon_egg":2,"iceandfire:chared_grass":1,"sophisticatedbackpacks:backpack":1,"minecraft:spruce_fence":1,"minecraft:fire_charge":3,"apotheosis:common_tome":1,"alexsmobs:crocodile_scute":2,"minecraft:carrot":1,"minecraft:redstone":71,"hmag:reinforcing_plate":3,"minecraft:stone_pressure_plate":2,"minecraft:purple_terracotta":6,"minecraft:dark_oak_planks":231,"minecraft:tnt":9,"artifacts:snorkel":1,"biomesoplenty:redwood_planks":148,"minecraft:arrow":36,"biomesoplenty:jacaranda_log":111,"minecraft:peony":19,"aquaculture:brown_trout":1,"minecraft:diamond_boots":2,"minecraft:hay_block":55,"biomesoplenty:redwood_sapling":13,"minecraft:mutton":3,"minecraft:white_wool":52,"minecraft:rail":2,"minecraft:netherite_boots":1,"relics:ice_skates":1,"silentgear:flax_seeds":13,"artifacts:digging_claws":3,"minecraft:leather":27,"minecraft:red_mushroom":1,"biomesoplenty:jacaranda_door":4,"silentgear:blueprint_package":1,"minecraft:oak_log":44,"biomesoplenty:jacaranda_planks":78,"rhodonite:item_fluorite_crystal":60,"minecraft:white_banner":2,"farlanders:mystic_wand_invisible":1,"endrem:corrupted_pearl":3,"minecraft:red_carpet":25,"minecraft:apple":13,"minecraft:stone_bricks":96,"minecraft:iron_ingot":39,"minecraft:stone_pickaxe":1,"minecraft:iron_ore":132,"slimier-slimes:purple_jelly":4,"farlanders:endumium_crystal":6,"minecraft:glass_bottle":1,"minecraft:iron_sword":3,"minecraft:dark_oak_stairs":43,"minecraft:book":33,"iceandfire:chared_stone":6,"artifacts:obsidian_skull":6,"iceandfire:ash":2,"minecraft:red_wool":41,"minecraft:dandelion":1,"minecraft:gravel":9,"minecraft:spruce_sapling":65,"silentgear:bort":19,"minecraft:white_bed":8,"minecraft:spruce_log":127,"minecraft:gold_ore":33,"minecraft:spider_eye":13,"biomesoplenty:flowering_oak_sapling":5,"biomesoplenty:redwood_stairs":37,"minecraft:oak_wood":4,"minecraft:stone_axe":1,"minecraft:iron_helmet":3,"minecraft:gray_wool":1,"minecraft:black_wool":1,"minecraft:stripped_dark_oak_log":5,"minecraft:coal":229,"minecraft:wooden_axe":1},"minecraft:killed_by":{"iceandfire:cyclops":5,"iceandfire:siren":1,"hmag:zombie_girl":1,"farlanders:fanmade_enderman":1,"minecraft:vindicator":1,"farlanders:ender_golem":2,"alexsmobs:crocodile":7,"minecraft:cave_spider":3,"artifacts:mimic":1,"minecraft:zombie":4,"iceandfire:fire_dragon":1,"minecraft:husk":1,"minecraft:stray":1,"iceandfire:gorgon":3,"minecraft:skeleton":15,"slimier-slimes:obsidian_slime":2},"minecraft:custom":{"minecraft:interact_with_crafting_table":118,"minecraft:open_barrel":48,"goblintraders:trade_with_goblin":5,"minecraft:leave_game":10,"minecraft:time_since_death":13052,"minecraft:sprint_one_cm":2661595,"minecraft:damage_blocked_by_shield":11375,"minecraft:drop":339,"minecraft:talked_to_villager":3,"minecraft:deaths":53,"minecraft:jump":8848,"minecraft:walk_on_water_one_cm":120127,"minecraft:interact_with_furnace":115,"minecraft:play_one_minute":813801,"minecraft:sleep_in_bed":14,"minecraft:waystone_activated":9,"minecraft:damage_dealt":53172,"minecraft:player_kills":1,"minecraft:crouch_one_cm":87799,"minecraft:interact_with_smoker":3,"minecraft:interact_with_anvil":4,"minecraft:mob_kills":214,"minecraft:climb_one_cm":31303,"minecraft:walk_one_cm":2595175,"minecraft:sneak_time":25010,"minecraft:walk_under_water_one_cm":35993,"minecraft:boat_one_cm":128560,"minecraft:tune_noteblock":1,"minecraft:time_since_rest":13110,"minecraft:damage_taken":2147483647,"minecraft:damage_absorbed":130,"minecraft:trigger_trapped_chest":3,"minecraft:swim_one_cm":33274,"minecraft:fly_one_cm":2064113,"minecraft:open_chest":724,"minecraft:fall_one_cm":247333},"minecraft:broken":{"minecraft:iron_shovel":3,"minecraft:iron_boots":2,"minecraft:iron_chestplate":1,"farlanders:mystic_wand_invisible":1,"minecraft:shield":4,"minecraft:iron_axe":3,"minecraft:iron_pickaxe":3},"minecraft:killed":{"minecraft:cave_spider":22,"minecraft:witch":2,"minecraft:spider":12,"farlanders:fanmade_enderman":1,"minecraft:skeleton":39,"minecraft:silverfish":2,"hmag:catoblepas":1,"artifacts:mimic":5,"minecraft:pig":5,"farlanders:rebel":3,"minecraft:zombie_villager":1,"slimier-slimes:obsidian_slime":9,"minecraft:creeper":2,"minecraft:sheep":2,"minecraft:pillager":13,"slimier-slimes:lava_slime":1,"minecraft:zombie":32,"minecraft:stray":3,"alexsmobs:fly":1,"dungeonsmod:guard":6,"minecraft:cow":16,"minecraft:vindicator":3,"alexsmobs:raccoon":2,"hmag:stoneular":1,"hmag:zombie_girl":3,"iceandfire:siren":1,"aquaculture:brown_trout":1,"minecraft:husk":3,"hmag:ghost":3,"farlanders:looter":3,"dungeonsmod:haunter":1,"farlanders:mystic_enderman":1,"farlanders:ender_golem":3,"lava_monster:lava_monster":5,"alexsmobs:crocodile":3},"minecraft:crafted":{"minecraft:oak_planks":84,"minecraft:barrel":38,"minecraft:dark_oak_boat":1,"silentgear:axe":7,"biomesoplenty:redwood_slab":278,"minecraft:stone":657,"minecraft:diamond_helmet":1,"minecraft:iron_boots":2,"farlanders:nightfall_sword":1,"rhodonite:item_tool_fluorite_pickaxe":1,"minecraft:chest":21,"inventorypets:nugget_obsidian":27,"minecraft:stone_bricks":484,"biomesoplenty:jacaranda_planks":500,"minecraft:cooked_porkchop":3,"silentgear:pickaxe_head":1,"minecraft:crafting_table":11,"minecraft:spruce_planks":360,"minecraft:iron_helmet":2,"minecraft:wooden_pickaxe":1,"minecraft:baked_potato":11,"minecraft:gold_block":1,"silentgear:very_crude_repair_kit":9,"minecraft:stone_brick_stairs":60,"minecraft:iron_chestplate":2,"minecraft:diamond_pickaxe":1,"minecraft:shield":4,"minecraft:stick":112,"minecraft:iron_pickaxe":4,"minecraft:iron_ingot":117,"minecraft:gold_ingot":32,"oresabovediamonds:amethyst_pickaxe":1,"minecraft:shears":1,"silentgear:pickaxe":1,"inventorypets:pet_enderman":1,"minecraft:iron_nugget":72,"silentgear:rod":4,"inventorypets:pet_shield":1,"silentgear:axe_head":1,"minecraft:furnace":11,"minecraft:bone_meal":120,"minecraft:lantern":2,"biomesoplenty:redwood_trapdoor":4,"silentgear:shovel":1,"rhodonite:block_fluorite":1,"minecraft:iron_axe":6,"minecraft:iron_hoe":1,"minecraft:spruce_slab":126,"minecraft:stone_pickaxe":1,"biomesoplenty:jacaranda_door":6,"minecraft:diamond_boots":1,"biomesoplenty:redwood_stairs":60,"minecraft:dark_oak_planks":992,"minecraft:wheat":267,"minecraft:cooked_beef":22,"ironchest:wood_to_iron_chest_upgrade":8,"minecraft:dark_oak_stairs":248,"biomesoplenty:redwood_door":3,"biomesoplenty:redwood_planks":788,"biomesoplenty:redwood_fence":15,"minecraft:iron_sword":1,"minecraft:red_bed":1,"minecraft:bucket":2,"minecraft:red_carpet":54,"minecraft:stone_axe":1,"minecraft:bread":107,"minecraft:air":0,"inventorypets:nugget_coal":16,"minecraft:wooden_axe":1,"minecraft:iron_leggings":1,"minecraft:iron_shovel":4,"inventorypets:pet_anvil":1,"minecraft:torch":264,"minecraft:diamond_chestplate":1},"minecraft:used":{"minecraft:peony":1,"minecraft:iron_shovel":958,"minecraft:spruce_slab":30,"minecraft:ladder":1,"minecraft:shield":189,"minecraft:chest":19,"minecraft:stone":175,"minecraft:iron_sword":122,"minecraft:rotten_flesh":1,"biomesoplenty:redwood_fence":22,"minecraft:carrot":53,"hmag:exp_berry":7,"oresabovediamonds:amethyst_pickaxe":86,"minecraft:black_stained_glass_pane":161,"minecraft:grass_block":1,"minecraft:lantern":2,"minecraft:polished_blackstone_brick_wall":52,"minecraft:dark_oak_slab":28,"minecraft:stone_brick_stairs":35,"minecraft:stone_bricks":616,"minecraft:red_carpet":51,"minecraft:bow":14,"minecraft:dark_oak_boat":1,"minecraft:furnace":27,"biomesoplenty:redwood_trapdoor":6,"minecraft:potato":66,"minecraft:dark_oak_stairs":596,"farlanders:mystic_wand_invisible":2,"minecraft:oak_planks":6,"minecraft:stone_pickaxe":116,"minecraft:ender_pearl":2,"minecraft:wooden_pickaxe":10,"minecraft:sugar_cane":1,"biomesoplenty:lavender":36,"minecraft:golden_apple":4,"minecraft:dark_oak_trapdoor":87,"rhodonite:item_tool_rhodonite_sword":2,"minecraft:crossbow":3,"minecraft:shears":25,"biomesoplenty:jacaranda_planks":349,"waystones:waystone":3,"hmag:fire_bottle":2,"rhodonite:item_tool_fluorite_pickaxe":70,"minecraft:dark_oak_log":65,"minecraft:bread":60,"minecraft:gravel":1,"minecraft:diamond_sword":634,"minecraft:dark_oak_fence":151,"minecraft:andesite":5,"minecraft:chain":30,"minecraft:bone_meal":116,"minecraft:experience_bottle":3,"ironchest:wood_to_iron_chest_upgrade":8,"minecraft:oak_trapdoor":14,"minecraft:polished_blackstone_brick_slab":30,"minecraft:rose_bush":3,"biomesoplenty:redwood_door":2,"biomesoplenty:redwood_planks":88,"minecraft:spruce_planks":301,"minecraft:torch":284,"minecraft:dirt":1154,"minecraft:anvil":3,"iceandfire:copper_sword":6,"biomesoplenty:redwood_log":1671,"minecraft:iron_hoe":37,"minecraft:dark_oak_planks":352,"minecraft:wooden_axe":23,"minecraft:iron_axe":1213,"minecraft:polished_blackstone_brick_stairs":647,"silentgear:pickaxe":761,"minecraft:barrel":45,"minecraft:golden_carrot":3,"biomesoplenty:jacaranda_log":7,"minecraft:beef":4,"minecraft:black_stained_glass":123,"minecraft:dark_oak_pressure_plate":2,"minecraft:cooked_beef":22,"biomesoplenty:redwood_slab":61,"biomesoplenty:jacaranda_door":8,"minecraft:water_bucket":108,"biomesoplenty:stripped_redwood_log":1454,"minecraft:iron_ore":1,"minecraft:baked_potato":11,"minecraft:andesite_slab":1,"minecraft:mossy_cobblestone":1,"minecraft:crafting_table":20,"minecraft:red_bed":1,"silentgear:axe":1663,"minecraft:white_bed":6,"minecraft:campfire":4,"silentgear:shovel":86,"spartanweaponry:greatsword_diamond":44,"minecraft:diamond_pickaxe":223,"minecraft:apple":8,"farlanders:nightfall_sword":193,"minecraft:iron_pickaxe":977,"minecraft:suspicious_stew":1,"minecraft:detector_rail":1,"minecraft:spruce_sapling":15,"minecraft:stone_axe":8,"minecraft:cobblestone":372,"minecraft:porkchop":4,"minecraft:white_banner":1,"minecraft:cooked_porkchop":3,"minecraft:bucket":109,"biomesoplenty:redwood_stairs":48,"minecraft:dandelion":1},"minecraft:mined":{"minecraft:dark_oak_planks":20,"minecraft:spruce_planks":14,"minecraft:white_bed":6,"minecraft:stone_pressure_plate":2,"minecraft:farmland":1,"biomesoplenty:stripped_redwood_log":998,"minecraft:granite":16,"minecraft:grass_block":848,"biomesoplenty:flowering_oak_leaves":82,"minecraft:frosted_ice":5,"minecraft:spawner":45,"minecraft:dark_oak_trapdoor":44,"minecraft:iron_ore":133,"minecraft:barrel":25,"minecraft:fire":4,"biomesoplenty:lavender":372,"minecraft:anvil":3,"minecraft:dark_oak_stairs":44,"biomesoplenty:redwood_door":2,"silentgear:bort_ore":19,"biomesoplenty:redwood_log":260,"minecraft:spruce_slab":2,"iceandfire:chared_cobblestone":1,"biomesoplenty:jacaranda_leaves":1242,"oresabovediamonds:black_opal_ore":2,"minecraft:red_bed":3,"biomesoplenty:jacaranda_planks":11,"minecraft:torch":9,"minecraft:melon":6,"minecraft:chest":6,"minecraft:cobblestone":74,"minecraft:oak_planks":10,"minecraft:sugar_cane":1,"minecraft:wall_torch":2,"slimier-slimes:black_slimy_stone":2,"evolved_rpg:shadestone_ore":2,"minecraft:tnt":9,"minecraft:stone_brick_stairs":4,"minecraft:grass":372,"biomesoplenty:clover":1,"minecraft:oak_log":46,"minecraft:dirt":218,"minecraft:red_mushroom_block":50,"minecraft:oak_leaves":731,"biomesoplenty:reed":1,"iceandfire:chared_stone":6,"farlanders:endumium_ore":6,"minecraft:diamond_ore":38,"minecraft:red_carpet":1,"iceandfire:silver_ore":2,"minecraft:dark_oak_leaves":997,"minecraft:mossy_cobblestone":4,"silentgear:wild_flax_plant":14,"minecraft:dark_oak_log":467,"gravestone:gravestone":46,"minecraft:dark_oak_pressure_plate":2,"minecraft:spruce_fence":1,"minecraft:purple_terracotta":3,"minecraft:brown_mushroom_block":63,"minecraft:spruce_leaves":1151,"biomesoplenty:redwood_trapdoor":2,"iceandfire:chared_grass":1,"minecraft:large_fern":4,"minecraft:hay_block":45,"biomesoplenty:jacaranda_log":121,"minecraft:redstone_ore":17,"minecraft:spruce_sapling":5,"minecraft:furnace":19,"iceandfire:copper_ore":1,"minecraft:potatoes":15,"minecraft:andesite":46,"treechop:chopped_log":360,"biomesoplenty:redwood_stairs":38,"minecraft:peony":2,"minecraft:bookshelf":13,"minecraft:cobblestone_slab":1,"minecraft:vine":9,"minecraft:lantern":7,"biomesoplenty:jacaranda_door":4,"slimier-slimes:pink_slimy_stone":2,"minecraft:stone":1325,"biomesoplenty:redwood_planks":56,"minecraft:red_wool":45,"minecraft:glass_pane":2,"minecraft:lily_of_the_valley":1,"minecraft:stripped_dark_oak_log":5,"minecraft:dandelion":1,"minecraft:crafting_table":13,"silentgear:wild_fluffy_plant":2,"minecraft:emerald_ore":20,"minecraft:oak_wood":4,"minecraft:rose_bush":4,"minecraft:andesite_slab":1,"oresabovediamonds:amethyst_ore":6,"minecraft:tall_grass":25,"minecraft:lapis_ore":19,"minecraft:polished_blackstone_brick_stairs":16,"minecraft:diorite":6,"biomesoplenty:redwood_slab":4,"minecraft:magenta_terracotta":2,"minecraft:birch_leaves":3,"minecraft:spruce_log":112,"rhodonite:block_ore_fluorite":60,"minecraft:coal_ore":108,"biomesoplenty:redwood_leaves":484,"minecraft:gravel":7,"minecraft:cobweb":15,"minecraft:lodestone":1,"minecraft:cracked_stone_bricks":12,"minecraft:stone_bricks":98,"minecraft:mossy_stone_bricks":19,"minecraft:gold_ore":34,"minecraft:fern":27}},"DataVersion":2586}