{"stats":{"minecraft:killed":{"minecraft:zombie_villager":2,"alexsmobs:raccoon":1,"minecraft:sheep":2,"minecraft:pillager":2,"minecraft:cow":1},"minecraft:picked_up":{"minecraft:crafting_table":2,"minecraft:wheat":3,"minecraft:feather":5,"minecraft:andesite":2,"biomesoplenty:fir_sapling":3,"biomesoplenty:fir_log":6,"minecraft:wither_rose":1,"minecraft:dirt":3,"gravestone:obituary":2,"silentgear:fluffy_seeds":7,"minecraft:shield":1,"silentgear:sinew":1,"minecraft:cornflower":11,"minecraft:map":1,"minecraft:string":2,"minecraft:lantern":2,"minecraft:bone":1,"minecraft:apple":7,"minecraft:wheat_seeds":25,"minecraft:gold_nugget":4,"minecraft:spruce_planks":6,"minecraft:iron_ingot":2,"minecraft:beef":2,"alexsmobs:raccoon_tail":1,"minecraft:melon_slice":3,"minecraft:chest":1,"minecraft:oak_planks":3,"minecraft:furnace":2,"minecraft:stick":4,"minecraft:pumpkin":1,"minecraft:sweet_berries":8,"minecraft:spruce_stairs":1,"iceandfire:stymphalian_bird_feather":3,"minecraft:spruce_sapling":5,"minecraft:blast_furnace":4,"minecraft:spruce_log":5,"minecraft:mossy_cobblestone":1,"minecraft:arrow":2,"minecraft:rotten_flesh":2,"minecraft:purple_bed":3,"minecraft:crossbow":2,"minecraft:golden_apple":1,"minecraft:mutton":2,"minecraft:coal":7,"minecraft:white_wool":2,"minecraft:cobblestone":19,"minecraft:ender_pearl":1},"minecraft:crafted":{"minecraft:cooked_beef":2,"biomesoplenty:fir_boat":1,"minecraft:crafting_table":2,"minecraft:wooden_pickaxe":1,"minecraft:air":0,"biomesoplenty:fir_planks":24,"minecraft:stick":8,"minecraft:stone_pickaxe":1,"minecraft:wooden_axe":1},"minecraft:used":{"spartanweaponry:katana_iron":13,"minecraft:stone_pickaxe":38,"minecraft:oak_planks":1,"minecraft:shield":1,"minecraft:iron_sword":3,"minecraft:ender_pearl":2,"minecraft:spruce_planks":1,"minecraft:wooden_pickaxe":3,"biomesoplenty:fir_planks":1,"biomesoplenty:fir_boat":1,"minecraft:dirt":3,"minecraft:crafting_table":3,"minecraft:spruce_stairs":1,"minecraft:wooden_axe":24,"minecraft:apple":5,"minecraft:melon_slice":3,"minecraft:bread":5,"minecraft:cobblestone":16,"minecraft:purple_bed":2,"minecraft:sweet_berries":13,"minecraft:furnace":1,"minecraft:wither_rose":1,"minecraft:cooked_beef":2,"minecraft:pumpkin":1},"minecraft:custom":{"minecraft:interact_with_furnace":4,"minecraft:mob_kills":7,"minecraft:interact_with_crafting_table":4,"minecraft:open_barrel":9,"minecraft:bounties_taken":1,"minecraft:play_one_minute":178235,"minecraft:time_since_death":11851,"minecraft:sleep_in_bed":1,"minecraft:climb_one_cm":10069,"minecraft:time_since_rest":11926,"minecraft:waystone_activated":3,"minecraft:sprint_one_cm":143708,"minecraft:damage_taken":3042,"minecraft:walk_one_cm":71403,"minecraft:trigger_trapped_chest":1,"minecraft:damage_blocked_by_shield":75,"minecraft:drop":44,"minecraft:damage_dealt":1444,"minecraft:swim_one_cm":34473,"minecraft:fly_one_cm":770724,"minecraft:open_chest":20,"minecraft:crouch_one_cm":1792,"minecraft:deaths":9,"minecraft:sneak_time":1410,"minecraft:walk_under_water_one_cm":13060,"minecraft:boat_one_cm":46946,"minecraft:jump":921,"minecraft:walk_on_water_one_cm":32012,"minecraft:fall_one_cm":18415},"minecraft:mined":{"minecraft:spruce_planks":1,"biomesoplenty:watergrass":10,"minecraft:mossy_cobblestone":1,"gravestone:gravestone":5,"minecraft:crafting_table":1,"minecraft:cornflower":11,"silentgear:wild_fluffy_plant":7,"minecraft:blast_furnace":4,"minecraft:grass_block":2,"minecraft:melon":2,"minecraft:chest":1,"minecraft:tall_grass":128,"minecraft:cobblestone":1,"minecraft:spruce_leaves":90,"minecraft:oak_planks":1,"minecraft:spawner":4,"minecraft:seagrass":2,"minecraft:spruce_stairs":1,"minecraft:purple_bed":3,"minecraft:furnace":2,"minecraft:wheat":3,"minecraft:sweet_berry_bush":2,"minecraft:spruce_log":6,"minecraft:andesite":2,"minecraft:pumpkin":1,"treechop:chopped_log":6,"biomesoplenty:fir_log":6,"minecraft:wither_rose":2,"minecraft:grass":78,"minecraft:coal_ore":3,"biomesoplenty:fir_leaves":50,"minecraft:vine":1,"minecraft:lantern":2,"minecraft:dirt":3,"minecraft:stone":20,"minecraft:oak_leaves":3,"biomesoplenty:reed":4,"minecraft:fern":4},"minecraft:dropped":{"bountiful:bounty":1,"minecraft:wheat_seeds":14,"minecraft:crafting_table":1,"minecraft:crossbow":1,"minecraft:rotten_flesh":2,"minecraft:oak_planks":1,"minecraft:coal":2,"biomesoplenty:fir_sapling":2,"minecraft:spruce_planks":4,"minecraft:andesite":2,"gravestone:obituary":8,"minecraft:arrow":2,"minecraft:wooden_pickaxe":1,"alexsmobs:raccoon_tail":1,"minecraft:white_wool":2,"minecraft:bone":1},"minecraft:killed_by":{"dungeonsmod:haunter":1,"minecraft:wither_skeleton":1,"alexsmobs:crocodile":1,"minecraft:skeleton":3,"minecraft:pillager":1,"iceandfire:stymphalian_bird":2}},"DataVersion":2586}