{"stats":{"minecraft:killed":{"minecraft:skeleton":1,"minecraft:zombie":3,"minecraft:pig":4,"minecraft:cow":2},"minecraft:used":{"minecraft:wooden_pickaxe":28,"minecraft:stone_axe":25,"minecraft:dirt":1,"minecraft:cobblestone":3,"minecraft:crafting_table":2,"minecraft:cooked_porkchop":3,"minecraft:cooked_beef":2,"minecraft:dandelion":1},"minecraft:crafted":{"minecraft:cooked_beef":4,"minecraft:oak_planks":28,"minecraft:cooked_porkchop":7,"minecraft:crafting_table":2,"minecraft:stick":4,"minecraft:wooden_pickaxe":1,"minecraft:stone_axe":1,"minecraft:air":0},"minecraft:custom":{"minecraft:time_since_rest":15961,"minecraft:interact_with_furnace":7,"minecraft:sprint_one_cm":63713,"minecraft:damage_taken":490,"minecraft:walk_one_cm":62708,"minecraft:mob_kills":10,"minecraft:drop":2,"minecraft:damage_dealt":1564,"minecraft:talked_to_villager":1,"minecraft:interact_with_crafting_table":2,"minecraft:fly_one_cm":68579,"minecraft:crouch_one_cm":1834,"minecraft:play_one_minute":15961,"minecraft:sneak_time":578,"minecraft:jump":364,"minecraft:leave_game":1,"minecraft:time_since_death":15961,"minecraft:walk_on_water_one_cm":965,"minecraft:fall_one_cm":9100},"minecraft:dropped":{"dungeonsmod:translatable_book":2},"minecraft:picked_up":{"minecraft:crafting_table":1,"minecraft:torch":2,"minecraft:dandelion":1,"minecraft:porkchop":7,"minecraft:oak_log":10,"minecraft:dirt":1,"minecraft:red_bed":1,"minecraft:bone":1,"minecraft:arrow":1,"minecraft:rotten_flesh":3,"minecraft:wheat_seeds":2,"minecraft:beef":4,"dungeonsmod:translatable_book":1,"minecraft:iron_bars":1,"minecraft:coal":6,"minecraft:white_wool":41,"minecraft:cobblestone":21},"minecraft:mined":{"minecraft:red_bed":1,"minecraft:dandelion":1,"minecraft:crafting_table":1,"minecraft:grass":10,"minecraft:coal_ore":6,"minecraft:oak_log":11,"minecraft:vine":3,"minecraft:iron_bars":1,"minecraft:dirt":1,"minecraft:tall_grass":7,"minecraft:cobblestone":2,"minecraft:stone":19,"minecraft:white_wool":41,"minecraft:oak_leaves":5}},"DataVersion":2586}