{"stats":{"minecraft:picked_up":{"minecraft:wooden_axe":1,"biomesoplenty:redwood_log":58,"minecraft:iron_chestplate":1,"minecraft:crafting_table":5,"minecraft:wheat":20,"relics:out_runner":4,"iceandfire:copper_sword":2,"minecraft:lead":2,"minecraft:wooden_pickaxe":1,"minecraft:enchanted_book":1,"biomesoplenty:jacaranda_sapling":52,"gravestone:obituary":10,"minecraft:shield":1,"minecraft:dark_oak_trapdoor":44,"minecraft:dark_oak_pressure_plate":2,"silentgear:sinew":3,"minecraft:string":21,"minecraft:red_bed":2,"minecraft:iron_axe":2,"minecraft:iron_leggings":3,"artifacts:feral_claws":4,"farlanders:ender_horn":6,"minecraft:iron_shovel":1,"minecraft:experience_bottle":1,"minecraft:cracked_stone_bricks":3,"biomesoplenty:redwood_slab":8,"minecraft:spruce_planks":4,"minecraft:beef":7,"minecraft:rose_bush":4,"minecraft:iron_pickaxe":2,"minecraft:spruce_slab":5,"minecraft:melon_slice":34,"minecraft:sugar_cane":1,"minecraft:chest":4,"minecraft:iron_boots":2,"minecraft:furnace":6,"minecraft:dark_oak_sapling":4,"minecraft:stick":67,"dragonmounts:aether_dragon_egg":2,"minecraft:torch":57,"minecraft:porkchop":1,"minecraft:diorite":1,"minecraft:carrot":1,"minecraft:redstone":1,"hmag:reinforcing_plate":3,"minecraft:purple_terracotta":6,"minecraft:dark_oak_planks":37,"biomesoplenty:redwood_planks":13,"minecraft:arrow":11,"minecraft:rotten_flesh":13,"biomesoplenty:jacaranda_log":101,"artifacts:villager_hat":5,"minecraft:peony":1,"aquaculture:brown_trout":1,"biomesoplenty:redwood_trapdoor":1,"minecraft:hay_block":43,"minecraft:mutton":3,"minecraft:white_wool":52,"minecraft:cobblestone":658,"biomesoplenty:lavender":347,"relics:ice_skates":1,"minecraft:feather":1,"minecraft:water_bucket":1,"minecraft:andesite":21,"minecraft:leather":10,"biomesoplenty:stripped_redwood_log":353,"minecraft:potato":5,"silentgear:blueprint_package":1,"biomesoplenty:redwood_door":5,"minecraft:oak_log":44,"biomesoplenty:jacaranda_planks":77,"minecraft:magenta_terracotta":4,"minecraft:dirt":1120,"hmag:evil_crystal_fragment":2,"endrem:corrupted_pearl":3,"minecraft:bone":14,"minecraft:apple":5,"minecraft:stone_bricks":4,"minecraft:bow":3,"minecraft:wheat_seeds":105,"minecraft:bell":2,"minecraft:iron_ingot":28,"minecraft:stone_pickaxe":1,"minecraft:iron_ore":49,"minecraft:mossy_stone_bricks":1,"minecraft:glass_bottle":1,"minecraft:glowstone_dust":2,"minecraft:oak_planks":4,"minecraft:iron_sword":1,"minecraft:book":33,"minecraft:cooked_porkchop":1,"patchouli:guide_book":2,"hmag:soul_powder":3,"minecraft:dandelion":1,"minecraft:poisonous_potato":2,"iceandfire:ash":2,"slimier-slimes:lime_slime_ball":5,"minecraft:gravel":4,"alexsmobs:crocodile_egg":1,"minecraft:sand":3,"farlanders:titan_hide":10,"minecraft:spruce_sapling":14,"minecraft:white_bed":4,"minecraft:spruce_log":21,"minecraft:lily_of_the_valley":1,"minecraft:spider_eye":4,"minecraft:dark_oak_log":26,"minecraft:barrel":2,"alexsmobs:animal_dictionary":1,"biomesoplenty:flowering_oak_sapling":5,"minecraft:sugar":3,"minecraft:stone_axe":1,"waystones:waystone":2,"minecraft:crossbow":6,"minecraft:gray_wool":1,"minecraft:bread":64,"minecraft:oak_sapling":29,"minecraft:black_wool":1,"minecraft:coal":53,"minecraft:andesite_slab":1},"minecraft:killed_by":{"iceandfire:siren":1,"hmag:zombie_girl":1,"minecraft:vindicator":1,"iceandfire:gorgon":3,"farlanders:ender_golem":1,"alexsmobs:crocodile":7,"minecraft:cave_spider":1,"minecraft:skeleton":4,"iceandfire:fire_dragon":1},"minecraft:broken":{"minecraft:iron_shovel":3,"minecraft:iron_boots":2,"minecraft:iron_axe":3,"minecraft:iron_pickaxe":2},"minecraft:killed":{"minecraft:cave_spider":8,"minecraft:witch":2,"alexsmobs:raccoon":1,"minecraft:vindicator":1,"minecraft:skeleton":8,"hmag:zombie_girl":2,"iceandfire:siren":1,"aquaculture:brown_trout":1,"minecraft:husk":1,"farlanders:looter":1,"farlanders:ender_golem":2,"minecraft:sheep":2,"minecraft:pillager":4,"alexsmobs:crocodile":1,"minecraft:zombie":3,"dungeonsmod:guard":6,"minecraft:cow":4},"minecraft:dropped":{"minecraft:iron_ingot":10,"minecraft:bread":17,"minecraft:purple_terracotta":6,"minecraft:iron_sword":1,"minecraft:porkchop":1,"minecraft:wheat_seeds":4,"minecraft:crossbow":1,"biomesoplenty:lavender":1,"relics:ice_skates":1,"minecraft:cobblestone":3,"minecraft:leather":3,"minecraft:flint":4,"minecraft:stick":2,"minecraft:dirt":4,"biomesoplenty:redwood_log":63,"minecraft:wooden_axe":2,"minecraft:rose_bush":1,"minecraft:iron_leggings":1,"gravestone:obituary":25,"minecraft:pumpkin":3,"minecraft:sugar":3,"minecraft:spruce_sapling":6,"minecraft:redstone":1,"minecraft:bone":14,"minecraft:stone_axe":1,"hmag:soul_powder":3,"alexsmobs:animal_dictionary":1,"minecraft:bowl":1,"minecraft:rotten_flesh":7,"artifacts:villager_hat":1,"minecraft:oak_planks":1,"minecraft:iron_boots":1,"minecraft:glowstone_dust":2,"relics:out_runner":1,"minecraft:lily_of_the_valley":1,"minecraft:hay_block":9,"iceandfire:copper_sword":1,"minecraft:andesite":1,"minecraft:spider_eye":3,"minecraft:spruce_slab":4,"minecraft:arrow":1,"minecraft:stone_pickaxe":1,"minecraft:bell":1,"minecraft:magenta_terracotta":4},"minecraft:crafted":{"minecraft:oak_planks":52,"minecraft:dark_oak_boat":1,"minecraft:furnace":3,"biomesoplenty:redwood_slab":12,"biomesoplenty:redwood_trapdoor":2,"minecraft:iron_boots":1,"minecraft:iron_axe":6,"minecraft:stone_pickaxe":1,"minecraft:chest":6,"biomesoplenty:redwood_stairs":4,"minecraft:wheat":222,"biomesoplenty:jacaranda_planks":484,"biomesoplenty:redwood_door":3,"minecraft:crafting_table":9,"biomesoplenty:redwood_planks":212,"minecraft:wooden_pickaxe":1,"minecraft:iron_helmet":1,"minecraft:iron_sword":1,"minecraft:stone_axe":1,"minecraft:bread":92,"minecraft:air":0,"minecraft:iron_chestplate":1,"minecraft:shield":2,"minecraft:stick":12,"minecraft:iron_ingot":41,"minecraft:iron_pickaxe":3,"minecraft:wooden_axe":1,"minecraft:iron_shovel":4,"minecraft:iron_leggings":1,"minecraft:torch":28},"minecraft:mined":{"minecraft:dark_oak_planks":1,"minecraft:spruce_planks":5,"minecraft:white_bed":3,"minecraft:dark_oak_leaves":96,"minecraft:dark_oak_log":28,"biomesoplenty:stripped_redwood_log":257,"minecraft:dark_oak_pressure_plate":2,"gravestone:gravestone":18,"minecraft:purple_terracotta":3,"minecraft:grass_block":782,"biomesoplenty:flowering_oak_leaves":82,"minecraft:spruce_leaves":173,"biomesoplenty:redwood_trapdoor":1,"minecraft:spawner":11,"minecraft:large_fern":3,"minecraft:hay_block":33,"biomesoplenty:jacaranda_log":108,"minecraft:furnace":3,"minecraft:dark_oak_trapdoor":44,"minecraft:iron_ore":48,"minecraft:barrel":2,"biomesoplenty:lavender":229,"minecraft:andesite":21,"treechop:chopped_log":144,"minecraft:peony":2,"biomesoplenty:redwood_door":2,"minecraft:bookshelf":13,"biomesoplenty:redwood_log":65,"minecraft:stone":565,"minecraft:spruce_slab":2,"biomesoplenty:jacaranda_leaves":1174,"biomesoplenty:redwood_planks":11,"minecraft:glass_pane":2,"minecraft:red_bed":3,"minecraft:lily_of_the_valley":1,"biomesoplenty:jacaranda_planks":10,"minecraft:dandelion":1,"silentgear:wild_fluffy_plant":1,"minecraft:crafting_table":5,"minecraft:torch":5,"minecraft:melon":6,"minecraft:chest":4,"minecraft:rose_bush":4,"minecraft:andesite_slab":1,"minecraft:tall_grass":9,"minecraft:cobblestone":19,"minecraft:oak_planks":3,"minecraft:sugar_cane":1,"minecraft:diorite":1,"minecraft:wall_torch":1,"minecraft:magenta_terracotta":2,"minecraft:spruce_log":22,"minecraft:birch_leaves":3,"minecraft:grass":276,"biomesoplenty:clover":1,"minecraft:coal_ore":37,"minecraft:oak_log":46,"biomesoplenty:redwood_leaves":288,"minecraft:gravel":4,"minecraft:dirt":138,"minecraft:cobweb":7,"minecraft:cracked_stone_bricks":4,"minecraft:red_mushroom_block":3,"minecraft:stone_bricks":4,"minecraft:mossy_stone_bricks":1,"minecraft:oak_leaves":709,"minecraft:fern":25},"minecraft:custom":{"minecraft:mob_kills":47,"minecraft:interact_with_crafting_table":30,"minecraft:open_barrel":16,"minecraft:leave_game":7,"minecraft:time_since_death":2287,"minecraft:climb_one_cm":17060,"minecraft:sprint_one_cm":733368,"minecraft:walk_one_cm":927878,"minecraft:damage_blocked_by_shield":3230,"minecraft:drop":108,"minecraft:talked_to_villager":2,"minecraft:deaths":20,"minecraft:sneak_time":7891,"minecraft:walk_under_water_one_cm":14290,"minecraft:boat_one_cm":128560,"minecraft:jump":3556,"minecraft:walk_on_water_one_cm":36049,"minecraft:interact_with_furnace":16,"minecraft:play_one_minute":297530,"minecraft:sleep_in_bed":5,"minecraft:time_since_rest":2317,"minecraft:waystone_activated":5,"minecraft:damage_taken":2147483647,"minecraft:damage_dealt":12900,"minecraft:player_kills":1,"minecraft:swim_one_cm":10147,"minecraft:fly_one_cm":751039,"minecraft:open_chest":117,"minecraft:crouch_one_cm":25192,"minecraft:interact_with_smoker":2,"minecraft:fall_one_cm":81221},"minecraft:used":{"minecraft:peony":1,"minecraft:rose_bush":3,"biomesoplenty:redwood_door":2,"minecraft:iron_shovel":958,"biomesoplenty:redwood_planks":75,"minecraft:spruce_slab":1,"minecraft:chest":5,"minecraft:spruce_planks":1,"minecraft:shield":45,"minecraft:iron_sword":11,"minecraft:torch":50,"minecraft:dirt":457,"iceandfire:copper_sword":6,"minecraft:carrot":41,"biomesoplenty:redwood_log":320,"minecraft:dark_oak_planks":13,"minecraft:wooden_axe":23,"hmag:exp_berry":1,"minecraft:iron_axe":932,"biomesoplenty:jacaranda_log":7,"minecraft:stone_bricks":3,"minecraft:bow":1,"minecraft:dark_oak_boat":1,"minecraft:dark_oak_pressure_plate":2,"minecraft:furnace":3,"biomesoplenty:redwood_trapdoor":3,"biomesoplenty:redwood_slab":4,"minecraft:water_bucket":24,"biomesoplenty:stripped_redwood_log":503,"minecraft:stone_pickaxe":116,"minecraft:oak_planks":3,"minecraft:andesite_slab":1,"minecraft:wooden_pickaxe":10,"biomesoplenty:lavender":18,"minecraft:sugar_cane":1,"minecraft:dark_oak_trapdoor":87,"minecraft:crafting_table":11,"minecraft:red_bed":1,"minecraft:crossbow":3,"minecraft:white_bed":4,"spartanweaponry:greatsword_diamond":44,"biomesoplenty:jacaranda_planks":313,"waystones:waystone":2,"minecraft:apple":3,"minecraft:iron_pickaxe":616,"minecraft:bread":40,"minecraft:suspicious_stew":1,"minecraft:stone_axe":8,"minecraft:cobblestone":118,"minecraft:cooked_porkchop":1,"minecraft:andesite":3,"minecraft:bucket":24,"biomesoplenty:redwood_stairs":2,"minecraft:dandelion":1,"minecraft:experience_bottle":2}},"DataVersion":2586}