{"stats":{"minecraft:killed":{"minecraft:pig":2},"minecraft:crafted":{"minecraft:oak_planks":28,"minecraft:stone_axe":1,"minecraft:crafting_table":2,"minecraft:stick":4,"minecraft:wooden_pickaxe":1},"minecraft:used":{"minecraft:stone_axe":4,"minecraft:crafting_table":2,"minecraft:wooden_pickaxe":25},"minecraft:custom":{"minecraft:time_since_rest":6515,"minecraft:play_one_minute":6515,"minecraft:crouch_one_cm":326,"minecraft:sprint_one_cm":24677,"minecraft:damage_taken":110,"minecraft:walk_one_cm":20942,"minecraft:sneak_time":127,"minecraft:mob_kills":2,"minecraft:jump":126,"minecraft:damage_dealt":229,"minecraft:leave_game":1,"minecraft:time_since_death":6515,"minecraft:talked_to_villager":1,"minecraft:interact_with_crafting_table":2,"minecraft:fall_one_cm":3012,"minecraft:fly_one_cm":24186},"minecraft:picked_up":{"minecraft:wheat_seeds":1,"minecraft:porkchop":4,"minecraft:oak_log":7,"minecraft:coal":6,"minecraft:cobblestone":19},"minecraft:mined":{"minecraft:grass":6,"minecraft:coal_ore":6,"minecraft:oak_log":8,"minecraft:tall_grass":5,"minecraft:stone":19,"minecraft:oak_leaves":5}},"DataVersion":2586}