{"stats":{"minecraft:killed":{"minecraft:zombie_villager":2,"alexsmobs:raccoon":1,"minecraft:sheep":2,"minecraft:pillager":2,"minecraft:cow":1},"minecraft:picked_up":{"minecraft:crafting_table":1,"minecraft:wheat":3,"minecraft:feather":5,"minecraft:andesite":2,"biomesoplenty:fir_sapling":3,"biomesoplenty:fir_log":6,"minecraft:wither_rose":1,"minecraft:dirt":3,"gravestone:obituary":1,"silentgear:fluffy_seeds":7,"minecraft:shield":1,"silentgear:sinew":1,"minecraft:cornflower":11,"minecraft:map":1,"minecraft:string":2,"minecraft:lantern":2,"minecraft:bone":1,"minecraft:apple":7,"minecraft:wheat_seeds":14,"minecraft:gold_nugget":4,"minecraft:spruce_planks":3,"minecraft:iron_ingot":2,"minecraft:beef":2,"alexsmobs:raccoon_tail":1,"minecraft:melon_slice":3,"minecraft:chest":1,"minecraft:oak_planks":3,"minecraft:furnace":2,"minecraft:stick":4,"minecraft:pumpkin":1,"minecraft:sweet_berries":8,"minecraft:spruce_stairs":1,"minecraft:spruce_sapling":5,"minecraft:blast_furnace":4,"minecraft:spruce_log":5,"minecraft:mossy_cobblestone":1,"minecraft:arrow":2,"minecraft:rotten_flesh":2,"minecraft:purple_bed":3,"minecraft:crossbow":2,"minecraft:golden_apple":1,"minecraft:mutton":2,"minecraft:coal":7,"minecraft:white_wool":2,"minecraft:cobblestone":17,"minecraft:ender_pearl":1},"minecraft:crafted":{"minecraft:cooked_beef":2,"biomesoplenty:fir_boat":1,"minecraft:crafting_table":2,"minecraft:wooden_pickaxe":1,"minecraft:air":0,"biomesoplenty:fir_planks":24,"minecraft:stick":8,"minecraft:stone_pickaxe":1,"minecraft:wooden_axe":1},"minecraft:used":{"spartanweaponry:katana_iron":13,"minecraft:stone_pickaxe":36,"minecraft:oak_planks":1,"minecraft:ender_pearl":2,"minecraft:spruce_planks":1,"minecraft:wooden_pickaxe":3,"biomesoplenty:fir_planks":1,"biomesoplenty:fir_boat":1,"minecraft:dirt":3,"minecraft:crafting_table":3,"minecraft:spruce_stairs":1,"minecraft:wooden_axe":24,"minecraft:apple":5,"minecraft:melon_slice":3,"minecraft:bread":5,"minecraft:cobblestone":14,"minecraft:purple_bed":2,"minecraft:sweet_berries":13,"minecraft:furnace":1,"minecraft:wither_rose":1,"minecraft:cooked_beef":2,"minecraft:pumpkin":1},"minecraft:custom":{"minecraft:interact_with_furnace":4,"minecraft:mob_kills":7,"minecraft:interact_with_crafting_table":4,"minecraft:open_barrel":9,"minecraft:bounties_taken":1,"minecraft:play_one_minute":52235,"minecraft:time_since_death":4259,"minecraft:sleep_in_bed":1,"minecraft:climb_one_cm":10069,"minecraft:time_since_rest":4289,"minecraft:waystone_activated":3,"minecraft:sprint_one_cm":120289,"minecraft:damage_taken":2252,"minecraft:walk_one_cm":60189,"minecraft:drop":27,"minecraft:damage_dealt":1395,"minecraft:swim_one_cm":20905,"minecraft:fly_one_cm":164276,"minecraft:open_chest":18,"minecraft:crouch_one_cm":1523,"minecraft:deaths":6,"minecraft:sneak_time":720,"minecraft:walk_under_water_one_cm":10553,"minecraft:boat_one_cm":46946,"minecraft:jump":761,"minecraft:walk_on_water_one_cm":20609,"minecraft:fall_one_cm":16743},"minecraft:mined":{"minecraft:spruce_planks":1,"biomesoplenty:watergrass":6,"minecraft:mossy_cobblestone":1,"gravestone:gravestone":4,"minecraft:crafting_table":1,"minecraft:cornflower":11,"silentgear:wild_fluffy_plant":7,"minecraft:blast_furnace":4,"minecraft:grass_block":1,"minecraft:melon":2,"minecraft:chest":1,"minecraft:tall_grass":45,"minecraft:cobblestone":1,"minecraft:spruce_leaves":90,"minecraft:oak_planks":1,"minecraft:spawner":4,"minecraft:spruce_stairs":1,"minecraft:purple_bed":3,"minecraft:furnace":2,"minecraft:wheat":3,"minecraft:sweet_berry_bush":2,"minecraft:spruce_log":6,"minecraft:andesite":2,"minecraft:pumpkin":1,"treechop:chopped_log":6,"biomesoplenty:fir_log":6,"minecraft:wither_rose":2,"minecraft:grass":12,"minecraft:coal_ore":3,"biomesoplenty:fir_leaves":50,"minecraft:vine":1,"minecraft:lantern":2,"minecraft:dirt":3,"minecraft:stone":18,"minecraft:oak_leaves":3,"biomesoplenty:reed":2,"minecraft:fern":4},"minecraft:dropped":{"bountiful:bounty":1,"minecraft:wheat_seeds":4,"minecraft:crossbow":1,"minecraft:rotten_flesh":2,"minecraft:oak_planks":1,"minecraft:coal":2,"biomesoplenty:fir_sapling":2,"minecraft:spruce_planks":1,"minecraft:andesite":2,"gravestone:obituary":5,"minecraft:arrow":2,"minecraft:wooden_pickaxe":1,"alexsmobs:raccoon_tail":1,"minecraft:white_wool":2,"minecraft:bone":1},"minecraft:killed_by":{"alexsmobs:crocodile":1,"minecraft:skeleton":3,"minecraft:pillager":1,"iceandfire:stymphalian_bird":1}},"DataVersion":2586}