{"stats":{"minecraft:crafted":{"minecraft:oak_planks":68,"minecraft:dark_oak_boat":1,"biomesoplenty:redwood_slab":12,"minecraft:iron_boots":1,"minecraft:chest":6,"biomesoplenty:jacaranda_planks":484,"minecraft:crafting_table":10,"minecraft:iron_helmet":1,"minecraft:wooden_pickaxe":1,"minecraft:iron_chestplate":1,"minecraft:shield":2,"minecraft:stick":32,"minecraft:iron_ingot":41,"minecraft:iron_pickaxe":4,"minecraft:furnace":3,"biomesoplenty:redwood_trapdoor":2,"minecraft:iron_axe":6,"minecraft:stone_pickaxe":1,"biomesoplenty:redwood_stairs":4,"minecraft:wheat":222,"biomesoplenty:redwood_door":3,"biomesoplenty:redwood_planks":212,"minecraft:iron_sword":1,"minecraft:stone_axe":1,"minecraft:bread":92,"minecraft:air":0,"minecraft:wooden_axe":1,"minecraft:iron_shovel":4,"minecraft:iron_leggings":1,"minecraft:torch":96},"minecraft:broken":{"minecraft:iron_shovel":3,"minecraft:iron_boots":2,"minecraft:iron_chestplate":1,"farlanders:mystic_wand_invisible":1,"minecraft:iron_axe":3,"minecraft:iron_pickaxe":3},"minecraft:mined":{"minecraft:dark_oak_planks":1,"minecraft:stone_pressure_plate":1,"minecraft:spruce_planks":5,"minecraft:white_bed":3,"biomesoplenty:stripped_redwood_log":257,"minecraft:granite":2,"minecraft:grass_block":805,"biomesoplenty:flowering_oak_leaves":82,"minecraft:spawner":24,"minecraft:dark_oak_trapdoor":44,"minecraft:iron_ore":75,"minecraft:fire":1,"minecraft:barrel":2,"biomesoplenty:lavender":231,"biomesoplenty:redwood_door":2,"biomesoplenty:redwood_log":65,"minecraft:spruce_slab":2,"biomesoplenty:jacaranda_leaves":1174,"minecraft:red_bed":3,"biomesoplenty:jacaranda_planks":10,"minecraft:torch":6,"minecraft:melon":6,"minecraft:chest":4,"minecraft:cobblestone":19,"minecraft:sugar_cane":1,"minecraft:oak_planks":3,"minecraft:wall_torch":2,"minecraft:tnt":9,"minecraft:grass":291,"biomesoplenty:clover":1,"minecraft:oak_log":46,"minecraft:dirt":139,"minecraft:red_mushroom_block":3,"minecraft:oak_leaves":709,"minecraft:diamond_ore":4,"minecraft:dark_oak_leaves":96,"minecraft:dark_oak_log":29,"gravestone:gravestone":23,"minecraft:dark_oak_pressure_plate":2,"minecraft:purple_terracotta":3,"minecraft:spruce_leaves":173,"biomesoplenty:redwood_trapdoor":1,"minecraft:large_fern":3,"minecraft:hay_block":38,"biomesoplenty:jacaranda_log":108,"minecraft:redstone_ore":7,"minecraft:furnace":3,"minecraft:andesite":28,"treechop:chopped_log":144,"minecraft:peony":2,"minecraft:bookshelf":13,"minecraft:cobblestone_slab":1,"minecraft:lantern":7,"minecraft:stone":635,"biomesoplenty:redwood_planks":11,"minecraft:glass_pane":2,"minecraft:lily_of_the_valley":1,"minecraft:dandelion":1,"minecraft:crafting_table":6,"silentgear:wild_fluffy_plant":1,"minecraft:emerald_ore":7,"minecraft:oak_wood":4,"minecraft:rose_bush":4,"minecraft:andesite_slab":1,"minecraft:tall_grass":12,"minecraft:lapis_ore":8,"minecraft:diorite":1,"minecraft:magenta_terracotta":2,"minecraft:spruce_log":22,"minecraft:birch_leaves":3,"minecraft:coal_ore":40,"biomesoplenty:redwood_leaves":288,"minecraft:gravel":5,"minecraft:cobweb":9,"minecraft:cracked_stone_bricks":5,"minecraft:stone_bricks":12,"minecraft:mossy_stone_bricks":8,"minecraft:gold_ore":7,"minecraft:fern":25},"minecraft:used":{"minecraft:peony":1,"minecraft:iron_shovel":958,"minecraft:spruce_slab":1,"minecraft:chest":5,"minecraft:shield":74,"minecraft:iron_sword":120,"minecraft:carrot":50,"hmag:exp_berry":1,"minecraft:stone_bricks":11,"minecraft:bow":1,"minecraft:dark_oak_boat":1,"minecraft:furnace":3,"biomesoplenty:redwood_trapdoor":3,"farlanders:mystic_wand_invisible":2,"minecraft:stone_pickaxe":116,"minecraft:oak_planks":3,"minecraft:wooden_pickaxe":10,"biomesoplenty:lavender":20,"minecraft:sugar_cane":1,"minecraft:dark_oak_trapdoor":87,"minecraft:crossbow":3,"biomesoplenty:jacaranda_planks":313,"waystones:waystone":3,"minecraft:dark_oak_log":1,"minecraft:bread":43,"minecraft:gravel":1,"minecraft:andesite":3,"minecraft:experience_bottle":2,"minecraft:rose_bush":3,"biomesoplenty:redwood_door":2,"biomesoplenty:redwood_planks":75,"minecraft:spruce_planks":1,"minecraft:torch":101,"minecraft:dirt":460,"iceandfire:copper_sword":6,"biomesoplenty:redwood_log":320,"minecraft:dark_oak_planks":13,"minecraft:wooden_axe":23,"minecraft:iron_axe":941,"biomesoplenty:jacaranda_log":7,"minecraft:dark_oak_pressure_plate":2,"biomesoplenty:redwood_slab":4,"minecraft:water_bucket":25,"biomesoplenty:stripped_redwood_log":503,"minecraft:andesite_slab":1,"minecraft:crafting_table":12,"minecraft:red_bed":1,"minecraft:white_bed":4,"spartanweaponry:greatsword_diamond":44,"minecraft:apple":6,"minecraft:iron_pickaxe":809,"minecraft:suspicious_stew":1,"minecraft:detector_rail":1,"minecraft:stone_axe":8,"minecraft:cobblestone":139,"minecraft:porkchop":2,"minecraft:cooked_porkchop":1,"minecraft:bucket":25,"biomesoplenty:redwood_stairs":2,"minecraft:dandelion":1},"minecraft:dropped":{"minecraft:iron_sword":1,"minecraft:porkchop":1,"minecraft:crossbow":1,"relics:ice_skates":1,"minecraft:leather":3,"minecraft:flint":4,"minecraft:dirt":4,"biomesoplenty:redwood_log":63,"hmag:spectral_soup":1,"gravestone:obituary":33,"minecraft:sugar":3,"apotheosis:scrap_tome":1,"minecraft:bone":17,"minecraft:stone_axe":1,"alexsmobs:animal_dictionary":1,"minecraft:rotten_flesh":11,"artifacts:villager_hat":1,"minecraft:oak_planks":1,"minecraft:glowstone_dust":2,"apotheosis:digger_book":1,"minecraft:beetroot_seeds":2,"minecraft:leather_boots":1,"minecraft:spruce_slab":4,"apotheosis:armor_feet_book":1,"minecraft:arrow":1,"minecraft:iron_ingot":10,"minecraft:bread":17,"minecraft:purple_terracotta":6,"minecraft:wheat_seeds":4,"biomesoplenty:lavender":1,"minecraft:cobblestone":3,"minecraft:coal":2,"minecraft:stick":2,"minecraft:diamond_horse_armor":1,"apotheosis:common_tome":1,"minecraft:wooden_axe":2,"minecraft:rose_bush":1,"minecraft:iron_leggings":1,"minecraft:pumpkin":3,"minecraft:string":1,"minecraft:spruce_sapling":6,"minecraft:redstone":2,"hmag:soul_powder":3,"minecraft:bowl":1,"minecraft:iron_boots":1,"relics:out_runner":1,"apotheosis:weapon_book":1,"minecraft:lily_of_the_valley":1,"minecraft:hay_block":9,"iceandfire:copper_sword":1,"minecraft:andesite":1,"minecraft:spider_eye":3,"minecraft:stone_pickaxe":1,"minecraft:bell":1,"minecraft:magenta_terracotta":4},"minecraft:picked_up":{"minecraft:wooden_axe":1,"minecraft:iron_chestplate":1,"minecraft:wheat":20,"iceandfire:copper_sword":2,"minecraft:lead":2,"minecraft:enchanted_book":1,"minecraft:dark_oak_pressure_plate":2,"silentgear:sinew":5,"minecraft:string":34,"minecraft:dark_oak_trapdoor":44,"minecraft:iron_leggings":3,"minecraft:experience_bottle":1,"biomesoplenty:redwood_slab":8,"minecraft:spruce_planks":4,"minecraft:rose_bush":4,"minecraft:cobblestone_slab":1,"minecraft:iron_pickaxe":2,"alexsmobs:raccoon_tail":1,"minecraft:melon_slice":34,"minecraft:furnace":6,"minecraft:iron_boots":2,"minecraft:stick":67,"minecraft:torch":64,"minecraft:porkchop":4,"minecraft:diorite":1,"minecraft:rotten_flesh":25,"artifacts:villager_hat":5,"biomesoplenty:redwood_trapdoor":1,"minecraft:cobblestone":727,"biomesoplenty:lavender":349,"minecraft:feather":1,"minecraft:water_bucket":1,"minecraft:andesite":27,"biomesoplenty:stripped_redwood_log":353,"minecraft:potato":5,"biomesoplenty:redwood_door":5,"minecraft:lapis_lazuli":51,"minecraft:magenta_terracotta":4,"minecraft:dirt":1144,"minecraft:lantern":7,"hmag:evil_crystal_fragment":2,"minecraft:leather_boots":1,"minecraft:bone":27,"minecraft:bow":3,"minecraft:wheat_seeds":107,"minecraft:bell":2,"apotheosis:digger_book":1,"minecraft:mossy_stone_bricks":8,"minecraft:glowstone_dust":2,"minecraft:oak_planks":14,"minecraft:cooked_porkchop":1,"patchouli:guide_book":2,"hmag:soul_powder":3,"slimier-slimes:lime_slime_ball":5,"minecraft:poisonous_potato":2,"alexsmobs:crocodile_egg":1,"minecraft:sand":3,"farlanders:titan_hide":10,"sophisticatedbackpacks:iron_backpack":1,"minecraft:lily_of_the_valley":1,"alexsmobs:animal_dictionary":1,"minecraft:dark_oak_log":27,"minecraft:barrel":2,"minecraft:sugar":3,"minecraft:diamond":4,"waystones:waystone":3,"minecraft:crossbow":6,"minecraft:granite":2,"minecraft:emerald":8,"minecraft:bread":64,"minecraft:oak_sapling":29,"minecraft:andesite_slab":1,"biomesoplenty:redwood_log":58,"minecraft:crafting_table":6,"relics:out_runner":6,"apotheosis:weapon_book":1,"minecraft:wooden_pickaxe":1,"minecraft:stone_brick_wall":2,"biomesoplenty:jacaranda_sapling":52,"gravestone:obituary":12,"minecraft:shield":1,"minecraft:red_bed":2,"minecraft:iron_axe":2,"artifacts:feral_claws":6,"minecraft:item_frame":4,"farlanders:ender_horn":6,"minecraft:iron_shovel":1,"minecraft:cracked_stone_bricks":4,"apotheosis:scrap_tome":1,"minecraft:detector_rail":1,"apotheosis:armor_feet_book":1,"minecraft:beef":14,"minecraft:spruce_slab":8,"minecraft:sugar_cane":1,"minecraft:chest":4,"minecraft:dark_oak_sapling":4,"dragonmounts:aether_dragon_egg":2,"sophisticatedbackpacks:backpack":1,"apotheosis:common_tome":1,"minecraft:carrot":1,"minecraft:redstone":29,"hmag:reinforcing_plate":3,"minecraft:stone_pressure_plate":1,"minecraft:purple_terracotta":6,"minecraft:dark_oak_planks":37,"minecraft:tnt":9,"biomesoplenty:redwood_planks":13,"minecraft:arrow":17,"biomesoplenty:jacaranda_log":101,"minecraft:peony":1,"aquaculture:brown_trout":1,"minecraft:hay_block":48,"minecraft:mutton":3,"minecraft:white_wool":52,"minecraft:rail":2,"relics:ice_skates":1,"minecraft:leather":12,"silentgear:blueprint_package":1,"minecraft:oak_log":44,"biomesoplenty:jacaranda_planks":77,"endrem:corrupted_pearl":3,"farlanders:mystic_wand_invisible":1,"minecraft:apple":5,"minecraft:stone_bricks":21,"minecraft:iron_ingot":39,"minecraft:stone_pickaxe":1,"minecraft:iron_ore":75,"minecraft:glass_bottle":1,"minecraft:iron_sword":2,"minecraft:book":33,"artifacts:obsidian_skull":2,"iceandfire:ash":2,"minecraft:dandelion":1,"minecraft:gravel":5,"minecraft:spruce_sapling":14,"minecraft:white_bed":4,"minecraft:spruce_log":21,"minecraft:gold_ore":7,"minecraft:spider_eye":5,"biomesoplenty:flowering_oak_sapling":5,"minecraft:oak_wood":4,"minecraft:stone_axe":1,"minecraft:gray_wool":1,"minecraft:black_wool":1,"minecraft:coal":56},"minecraft:killed_by":{"iceandfire:siren":1,"hmag:zombie_girl":1,"minecraft:vindicator":1,"farlanders:ender_golem":1,"alexsmobs:crocodile":7,"minecraft:cave_spider":1,"minecraft:zombie":2,"iceandfire:fire_dragon":1,"iceandfire:gorgon":3,"minecraft:skeleton":5},"minecraft:killed":{"minecraft:cave_spider":9,"minecraft:witch":2,"minecraft:spider":2,"minecraft:skeleton":21,"minecraft:pig":1,"minecraft:sheep":2,"minecraft:pillager":4,"minecraft:zombie":16,"dungeonsmod:guard":6,"minecraft:cow":8,"alexsmobs:raccoon":2,"minecraft:vindicator":1,"hmag:zombie_girl":2,"iceandfire:siren":1,"aquaculture:brown_trout":1,"minecraft:husk":1,"farlanders:looter":2,"farlanders:mystic_enderman":1,"farlanders:ender_golem":2,"lava_monster:lava_monster":1,"alexsmobs:crocodile":1},"minecraft:custom":{"minecraft:interact_with_crafting_table":34,"minecraft:open_barrel":35,"minecraft:leave_game":9,"minecraft:time_since_death":17110,"minecraft:sprint_one_cm":969002,"minecraft:damage_blocked_by_shield":4778,"minecraft:drop":137,"minecraft:talked_to_villager":2,"minecraft:deaths":25,"minecraft:jump":4406,"minecraft:walk_on_water_one_cm":51010,"minecraft:interact_with_furnace":17,"minecraft:play_one_minute":352387,"minecraft:sleep_in_bed":5,"minecraft:waystone_activated":8,"minecraft:damage_dealt":19517,"minecraft:player_kills":1,"minecraft:crouch_one_cm":28432,"minecraft:interact_with_smoker":2,"minecraft:mob_kills":87,"minecraft:climb_one_cm":26605,"minecraft:walk_one_cm":1022854,"minecraft:sneak_time":9182,"minecraft:walk_under_water_one_cm":27164,"minecraft:boat_one_cm":128560,"minecraft:tune_noteblock":1,"minecraft:time_since_rest":17144,"minecraft:damage_taken":2147483647,"minecraft:trigger_trapped_chest":1,"minecraft:swim_one_cm":17901,"minecraft:fly_one_cm":908802,"minecraft:open_chest":131,"minecraft:fall_one_cm":105659}},"DataVersion":2586}