{"stats":{"minecraft:killed":{"minecraft:cave_spider":5,"minecraft:witch":2,"minecraft:vindicator":1,"minecraft:skeleton":8,"hmag:zombie_girl":1,"aquaculture:brown_trout":1,"farlanders:ender_golem":2,"minecraft:sheep":2,"minecraft:pillager":4,"alexsmobs:crocodile":1,"minecraft:zombie":1},"minecraft:custom":{"minecraft:mob_kills":28,"minecraft:interact_with_crafting_table":8,"minecraft:open_barrel":16,"minecraft:leave_game":2,"minecraft:time_since_death":34621,"minecraft:climb_one_cm":6154,"minecraft:sprint_one_cm":233959,"minecraft:walk_one_cm":174499,"minecraft:damage_blocked_by_shield":1660,"minecraft:drop":62,"minecraft:talked_to_villager":2,"minecraft:deaths":12,"minecraft:sneak_time":1766,"minecraft:walk_under_water_one_cm":1507,"minecraft:jump":1068,"minecraft:walk_on_water_one_cm":9301,"minecraft:interact_with_furnace":10,"minecraft:play_one_minute":96778,"minecraft:sleep_in_bed":2,"minecraft:time_since_rest":34650,"minecraft:damage_taken":4813,"minecraft:damage_dealt":6844,"minecraft:player_kills":1,"minecraft:swim_one_cm":3240,"minecraft:fly_one_cm":196964,"minecraft:open_chest":27,"minecraft:crouch_one_cm":4518,"minecraft:interact_with_smoker":2,"minecraft:fall_one_cm":26354},"minecraft:picked_up":{"minecraft:wooden_axe":1,"minecraft:crafting_table":4,"minecraft:iron_chestplate":1,"minecraft:wheat":20,"minecraft:lead":2,"minecraft:wooden_pickaxe":1,"minecraft:enchanted_book":1,"gravestone:obituary":5,"minecraft:shield":1,"minecraft:string":13,"minecraft:red_bed":2,"minecraft:iron_axe":2,"minecraft:iron_leggings":1,"farlanders:ender_horn":6,"minecraft:experience_bottle":1,"minecraft:spruce_planks":2,"minecraft:beef":2,"minecraft:rose_bush":4,"minecraft:iron_pickaxe":1,"minecraft:spruce_slab":5,"minecraft:melon_slice":34,"minecraft:sugar_cane":1,"minecraft:furnace":6,"minecraft:iron_boots":1,"minecraft:dark_oak_sapling":4,"minecraft:stick":26,"minecraft:torch":30,"minecraft:porkchop":1,"minecraft:carrot":1,"minecraft:redstone":1,"hmag:reinforcing_plate":1,"minecraft:purple_terracotta":6,"minecraft:dark_oak_planks":36,"minecraft:arrow":11,"minecraft:rotten_flesh":6,"artifacts:villager_hat":1,"minecraft:peony":1,"aquaculture:brown_trout":1,"minecraft:hay_block":43,"minecraft:mutton":3,"minecraft:cobblestone":39,"minecraft:white_wool":52,"relics:ice_skates":1,"minecraft:andesite":4,"minecraft:leather":6,"minecraft:potato":5,"silentgear:blueprint_package":1,"minecraft:oak_log":17,"minecraft:magenta_terracotta":4,"minecraft:dirt":31,"hmag:evil_crystal_fragment":2,"endrem:corrupted_pearl":3,"minecraft:bone":14,"minecraft:apple":3,"minecraft:stone_bricks":3,"minecraft:bow":1,"minecraft:wheat_seeds":16,"minecraft:iron_ingot":12,"minecraft:stone_pickaxe":1,"minecraft:iron_ore":47,"minecraft:glass_bottle":1,"minecraft:glowstone_dust":2,"minecraft:oak_planks":1,"minecraft:book":33,"patchouli:guide_book":2,"alexsmobs:crocodile_egg":1,"slimier-slimes:lime_slime_ball":5,"minecraft:poisonous_potato":2,"minecraft:spruce_sapling":14,"minecraft:spruce_log":21,"minecraft:lily_of_the_valley":1,"minecraft:spider_eye":3,"minecraft:dark_oak_log":26,"minecraft:barrel":2,"alexsmobs:animal_dictionary":1,"minecraft:sugar":3,"minecraft:stone_axe":1,"minecraft:crossbow":4,"minecraft:gray_wool":1,"minecraft:bread":64,"minecraft:oak_sapling":17,"minecraft:black_wool":1,"minecraft:coal":53,"minecraft:andesite_slab":1},"minecraft:crafted":{"minecraft:oak_planks":48,"minecraft:furnace":3,"minecraft:iron_boots":1,"minecraft:iron_axe":2,"minecraft:stone_pickaxe":1,"minecraft:wheat":132,"minecraft:crafting_table":4,"minecraft:wooden_pickaxe":1,"minecraft:iron_helmet":1,"minecraft:stone_axe":1,"minecraft:bread":65,"minecraft:air":0,"minecraft:iron_chestplate":1,"minecraft:shield":1,"minecraft:stick":4,"minecraft:iron_pickaxe":1,"minecraft:iron_ingot":41,"minecraft:wooden_axe":1,"minecraft:iron_leggings":1,"minecraft:torch":28},"minecraft:killed_by":{"hmag:zombie_girl":1,"minecraft:vindicator":1,"farlanders:ender_golem":1,"alexsmobs:crocodile":5,"minecraft:skeleton":4},"minecraft:mined":{"minecraft:spruce_planks":3,"minecraft:dark_oak_leaves":95,"minecraft:dark_oak_log":28,"gravestone:gravestone":10,"minecraft:purple_terracotta":3,"minecraft:grass_block":11,"minecraft:spruce_leaves":173,"minecraft:spawner":10,"minecraft:hay_block":33,"minecraft:furnace":3,"minecraft:iron_ore":47,"minecraft:barrel":2,"minecraft:andesite":4,"treechop:chopped_log":27,"minecraft:peony":2,"minecraft:bookshelf":13,"minecraft:stone":39,"minecraft:spruce_slab":2,"minecraft:glass_pane":2,"minecraft:red_bed":3,"minecraft:lily_of_the_valley":1,"minecraft:crafting_table":4,"minecraft:torch":3,"minecraft:melon":6,"minecraft:rose_bush":4,"minecraft:andesite_slab":1,"minecraft:cobblestone":2,"minecraft:tall_grass":1,"minecraft:sugar_cane":1,"minecraft:magenta_terracotta":2,"minecraft:spruce_log":22,"minecraft:birch_leaves":2,"minecraft:grass":53,"minecraft:oak_log":18,"minecraft:coal_ore":37,"minecraft:dirt":13,"minecraft:red_mushroom_block":3,"minecraft:stone_bricks":3,"minecraft:oak_leaves":467},"minecraft:dropped":{"minecraft:iron_ingot":10,"minecraft:purple_terracotta":6,"minecraft:porkchop":1,"minecraft:wheat_seeds":1,"relics:ice_skates":1,"minecraft:leather":3,"minecraft:stick":2,"minecraft:dirt":4,"minecraft:wooden_axe":2,"minecraft:rose_bush":1,"gravestone:obituary":15,"minecraft:pumpkin":3,"minecraft:sugar":3,"minecraft:spruce_sapling":6,"minecraft:redstone":1,"minecraft:bone":14,"minecraft:stone_axe":1,"alexsmobs:animal_dictionary":1,"minecraft:bowl":1,"minecraft:iron_boots":1,"minecraft:glowstone_dust":2,"minecraft:lily_of_the_valley":1,"minecraft:hay_block":9,"minecraft:andesite":1,"minecraft:spider_eye":3,"minecraft:spruce_slab":4,"minecraft:arrow":1,"minecraft:stone_pickaxe":1,"minecraft:magenta_terracotta":4},"minecraft:used":{"minecraft:peony":1,"minecraft:rose_bush":3,"minecraft:spruce_slab":1,"minecraft:shield":28,"minecraft:torch":30,"minecraft:dirt":26,"minecraft:carrot":4,"minecraft:dark_oak_planks":3,"minecraft:wooden_axe":23,"minecraft:iron_axe":124,"minecraft:stone_bricks":3,"minecraft:bow":1,"minecraft:furnace":3,"minecraft:stone_pickaxe":116,"minecraft:andesite_slab":1,"minecraft:wooden_pickaxe":10,"minecraft:sugar_cane":1,"minecraft:crafting_table":5,"minecraft:red_bed":1,"minecraft:crossbow":3,"minecraft:apple":3,"minecraft:bread":22,"minecraft:suspicious_stew":1,"minecraft:iron_pickaxe":29,"minecraft:stone_axe":8,"minecraft:cobblestone":9,"minecraft:andesite":3,"minecraft:experience_bottle":2}},"DataVersion":2586}