{"stats":{"minecraft:killed":{"minecraft:sheep":2,"minecraft:skeleton":2,"minecraft:zombie":2,"minecraft:cow":4},"minecraft:picked_up":{"minecraft:crafting_table":5,"minecraft:leather":4,"minecraft:wooden_pickaxe":1,"minecraft:oak_log":2,"gravestone:obituary":1,"silentgear:sinew":2,"minecraft:dirt":4,"minecraft:oak_wood":2,"minecraft:arrow":5,"minecraft:rotten_flesh":1,"biomesoplenty:willow_log":13,"biomesoplenty:willow_planks":77,"biomesoplenty:willow_sapling":1,"minecraft:beef":20,"minecraft:white_wool":1,"minecraft:mutton":4,"minecraft:black_wool":1,"minecraft:egg":1,"minecraft:cobblestone":28,"minecraft:furnace":2},"minecraft:custom":{"minecraft:time_since_rest":25672,"minecraft:interact_with_furnace":6,"minecraft:sprint_one_cm":67234,"minecraft:damage_taken":518,"minecraft:walk_one_cm":76692,"minecraft:mob_kills":10,"minecraft:drop":4,"minecraft:damage_dealt":1359,"minecraft:swim_one_cm":8424,"minecraft:interact_with_crafting_table":7,"minecraft:fly_one_cm":88418,"minecraft:crouch_one_cm":5896,"minecraft:play_one_minute":25672,"minecraft:walk_under_water_one_cm":278,"minecraft:sneak_time":2303,"minecraft:jump":498,"minecraft:time_since_death":25672,"minecraft:walk_on_water_one_cm":2720,"minecraft:climb_one_cm":334,"minecraft:fall_one_cm":11838},"minecraft:crafted":{"minecraft:cooked_beef":8,"minecraft:crafting_table":1,"minecraft:stick":8,"minecraft:wooden_pickaxe":1,"minecraft:stone_pickaxe":1,"minecraft:wooden_axe":1,"minecraft:furnace":1,"minecraft:stone_axe":1,"biomesoplenty:willow_planks":52,"minecraft:air":0},"minecraft:dropped":{"minecraft:cooked_beef":2,"minecraft:wooden_axe":1,"minecraft:wooden_pickaxe":1},"minecraft:mined":{"minecraft:furnace":2,"treechop:chopped_log":4,"minecraft:crafting_table":5,"gravestone:gravestone":1,"minecraft:grass":5,"minecraft:oak_wood":2,"minecraft:grass_block":2,"minecraft:oak_log":2,"minecraft:dirt":2,"minecraft:spruce_leaves":1,"minecraft:stone":28,"biomesoplenty:willow_log":13,"biomesoplenty:willow_leaves":1,"minecraft:fern":1,"biomesoplenty:willow_planks":17},"minecraft:used":{"minecraft:wooden_axe":35,"minecraft:stone_pickaxe":24,"biomesoplenty:willow_planks":17,"minecraft:wooden_pickaxe":6,"minecraft:stone_axe":33,"minecraft:dirt":1,"minecraft:cobblestone":3,"minecraft:crafting_table":5,"minecraft:furnace":2,"minecraft:cooked_beef":6}},"DataVersion":2586}