{"stats":{"minecraft:killed":{"minecraft:skeleton":1,"minecraft:zombie":2,"minecraft:cow":4},"minecraft:picked_up":{"minecraft:crafting_table":5,"minecraft:leather":4,"minecraft:wooden_pickaxe":1,"silentgear:sinew":1,"minecraft:dirt":3,"minecraft:arrow":2,"minecraft:rotten_flesh":1,"biomesoplenty:willow_log":13,"biomesoplenty:willow_planks":71,"biomesoplenty:willow_sapling":1,"minecraft:beef":20,"minecraft:cobblestone":28,"minecraft:furnace":2},"minecraft:custom":{"minecraft:time_since_rest":13672,"minecraft:interact_with_furnace":6,"minecraft:sprint_one_cm":30004,"minecraft:damage_taken":368,"minecraft:walk_one_cm":14772,"minecraft:mob_kills":7,"minecraft:drop":2,"minecraft:damage_dealt":999,"minecraft:interact_with_crafting_table":7,"minecraft:fly_one_cm":30523,"minecraft:crouch_one_cm":4236,"minecraft:play_one_minute":13672,"minecraft:sneak_time":1908,"minecraft:jump":167,"minecraft:time_since_death":13672,"minecraft:walk_on_water_one_cm":386,"minecraft:climb_one_cm":95,"minecraft:fall_one_cm":3500},"minecraft:crafted":{"minecraft:cooked_beef":8,"minecraft:crafting_table":1,"minecraft:stick":8,"minecraft:wooden_pickaxe":1,"minecraft:stone_pickaxe":1,"minecraft:wooden_axe":1,"minecraft:furnace":1,"minecraft:stone_axe":1,"biomesoplenty:willow_planks":52,"minecraft:air":0},"minecraft:dropped":{"minecraft:wooden_axe":1,"minecraft:wooden_pickaxe":1},"minecraft:mined":{"minecraft:furnace":2,"treechop:chopped_log":4,"minecraft:crafting_table":5,"minecraft:grass":4,"minecraft:grass_block":1,"minecraft:dirt":2,"minecraft:spruce_leaves":1,"minecraft:stone":28,"biomesoplenty:willow_log":13,"biomesoplenty:willow_leaves":1,"minecraft:fern":1,"biomesoplenty:willow_planks":10},"minecraft:used":{"minecraft:wooden_axe":35,"minecraft:stone_pickaxe":24,"biomesoplenty:willow_planks":10,"minecraft:wooden_pickaxe":6,"minecraft:stone_axe":15,"minecraft:dirt":1,"minecraft:cobblestone":3,"minecraft:crafting_table":5,"minecraft:furnace":2,"minecraft:cooked_beef":3}},"DataVersion":2586}