{"stats":{"minecraft:killed":{"minecraft:cave_spider":14,"minecraft:witch":2,"dungeonsmod:haunter":1,"minecraft:vindicator":1,"minecraft:wandering_trader":1,"minecraft:sheep":1,"minecraft:skeleton":9,"minecraft:pillager":4,"minecraft:zombie":4},"minecraft:custom":{"minecraft:interact_with_furnace":1,"minecraft:mob_kills":39,"minecraft:interact_with_crafting_table":9,"minecraft:open_barrel":9,"minecraft:play_one_minute":87147,"minecraft:leave_game":2,"minecraft:time_since_death":1890,"minecraft:sleep_in_bed":3,"minecraft:climb_one_cm":13126,"minecraft:time_since_rest":1950,"minecraft:sprint_one_cm":296811,"minecraft:damage_taken":3614,"minecraft:walk_one_cm":188608,"minecraft:damage_blocked_by_shield":1255,"minecraft:drop":62,"minecraft:damage_dealt":6827,"minecraft:swim_one_cm":24368,"minecraft:fly_one_cm":415619,"minecraft:talked_to_villager":1,"minecraft:open_chest":27,"minecraft:crouch_one_cm":6057,"minecraft:deaths":9,"minecraft:sneak_time":2393,"minecraft:walk_under_water_one_cm":1216,"minecraft:jump":1836,"minecraft:walk_on_water_one_cm":6910,"minecraft:interact_with_smoker":1,"minecraft:fall_one_cm":63902},"minecraft:picked_up":{"silentgear:rod_blueprint":2,"minecraft:iron_chestplate":1,"minecraft:crafting_table":1,"relics:ice_skates":3,"minecraft:leather_leggings":1,"minecraft:lead":2,"minecraft:wooden_pickaxe":1,"silentgear:shield_blueprint":1,"silentgear:pickaxe_blueprint":1,"minecraft:oak_log":3,"gravestone:obituary":4,"minecraft:string":46,"minecraft:dirt":8,"minecraft:red_bed":4,"endrem:corrupted_pearl":2,"minecraft:bone":1,"biomesoplenty:willow_planks":1,"minecraft:wheat_seeds":6,"minecraft:spruce_planks":2,"minecraft:iron_ingot":10,"minecraft:iron_ore":7,"minecraft:rose_bush":1,"minecraft:light_gray_wool":1,"minecraft:oak_planks":5,"minecraft:iron_boots":1,"minecraft:book":6,"silentgear:fine_silk":1,"minecraft:stick":10,"minecraft:sweet_berries":14,"minecraft:lime_terracotta":3,"silentgear:katana_blueprint":1,"minecraft:porkchop":1,"minecraft:spruce_sapling":6,"minecraft:white_bed":4,"minecraft:spruce_log":34,"minecraft:lily_of_the_valley":3,"artifacts:scarf_of_invisibility":2,"minecraft:dark_oak_log":2,"minecraft:spider_eye":8,"minecraft:barrel":6,"minecraft:arrow":1,"biomesoplenty:willow_log":4,"minecraft:sugar":1,"biomesoplenty:willow_sapling":3,"silentgear:axe_blueprint":1,"minecraft:hay_block":24,"minecraft:crossbow":1,"silentgear:shovel_blueprint":1,"minecraft:emerald":1,"minecraft:oak_sapling":3,"minecraft:mutton":1,"minecraft:coal":1,"silentgear:knife_blueprint":1,"minecraft:cobblestone":9},"minecraft:crafted":{"minecraft:oak_planks":12,"minecraft:crafting_table":3,"minecraft:spruce_planks":16,"minecraft:wooden_pickaxe":1,"minecraft:iron_sword":1,"minecraft:stone_axe":1,"minecraft:bread":49,"minecraft:iron_chestplate":1,"minecraft:shield":1,"minecraft:stick":16,"minecraft:stone_pickaxe":1,"minecraft:dark_oak_planks":40,"minecraft:torch":28,"minecraft:wheat":135},"minecraft:killed_by":{"minecraft:player":1,"minecraft:cave_spider":1,"minecraft:skeleton":6},"minecraft:mined":{"minecraft:spruce_planks":1,"minecraft:white_bed":4,"minecraft:glass_pane":2,"minecraft:red_bed":3,"minecraft:dark_oak_leaves":2,"minecraft:lily_of_the_valley":2,"minecraft:crafting_table":1,"gravestone:gravestone":9,"minecraft:grass_block":4,"minecraft:spruce_leaves":167,"minecraft:oak_planks":6,"minecraft:spawner":3,"minecraft:hay_block":25,"minecraft:iron_ore":7,"minecraft:sweet_berry_bush":6,"minecraft:birch_leaves":1,"minecraft:spruce_log":33,"treechop:chopped_log":17,"minecraft:grass":9,"minecraft:coal_ore":1,"minecraft:oak_log":2,"minecraft:dirt":1,"minecraft:cobweb":37,"minecraft:stone":9,"minecraft:oak_leaves":63,"biomesoplenty:willow_leaves":1},"minecraft:dropped":{"minecraft:bread":64,"minecraft:iron_ingot":31,"minecraft:furnace":3,"minecraft:porkchop":1,"minecraft:wheat_seeds":6,"minecraft:crafting_table":1,"minecraft:crossbow":2,"relics:ice_skates":1,"minecraft:light_gray_wool":1,"farlanders:ender_horn":3,"minecraft:white_bed":1,"patchouli:guide_book":1,"silentgear:blueprint_package":1,"minecraft:lily_of_the_valley":2,"silentgear:rod_blueprint":2,"minecraft:dirt":8,"minecraft:red_bed":2,"minecraft:hay_block":5,"hmag:reinforcing_plate":1,"minecraft:torch":27,"minecraft:iron_chestplate":2,"minecraft:rose_bush":1,"minecraft:leather_boots":1,"minecraft:oak_sapling":3,"minecraft:leather_leggings":2,"minecraft:iron_leggings":1,"gravestone:obituary":12,"minecraft:spider_eye":3,"minecraft:barrel":6,"endrem:corrupted_pearl":5,"biomesoplenty:willow_planks":1,"minecraft:iron_axe":1,"minecraft:wooden_pickaxe":3,"minecraft:sugar":1,"minecraft:iron_pickaxe":1,"minecraft:bone":1},"minecraft:used":{"minecraft:stone_pickaxe":14,"minecraft:oak_planks":5,"minecraft:wooden_pickaxe":8,"minecraft:spruce_planks":2,"minecraft:shield":18,"minecraft:iron_sword":130,"minecraft:torch":5,"minecraft:crafting_table":5,"minecraft:red_bed":1,"minecraft:white_bed":2,"minecraft:iron_pickaxe":1,"minecraft:bread":23,"minecraft:stone_axe":109,"minecraft:bow":1,"minecraft:cobblestone":1,"minecraft:sweet_berries":19}},"DataVersion":2586}