{"stats":{"minecraft:picked_up":{"silentgear:rod_blueprint":2,"minecraft:crafting_table":2,"minecraft:iron_chestplate":1,"iceandfire:copper_ore":5,"minecraft:leather_leggings":1,"minecraft:lead":4,"minecraft:wooden_pickaxe":1,"silentgear:shield_blueprint":1,"silentgear:pickaxe_blueprint":1,"gravestone:obituary":7,"minecraft:string":54,"minecraft:red_bed":6,"biomesoplenty:willow_planks":1,"minecraft:cracked_stone_bricks":1,"minecraft:spruce_planks":5,"minecraft:beef":3,"minecraft:rose_bush":1,"minecraft:iron_nugget":1,"minecraft:light_gray_wool":1,"minecraft:spruce_slab":2,"minecraft:iron_boots":1,"minecraft:stick":10,"minecraft:end_stone":1,"minecraft:torch":5,"silentgear:katana_blueprint":1,"minecraft:porkchop":1,"minecraft:diorite":2,"minecraft:redstone":15,"minecraft:dark_oak_planks":3,"minecraft:arrow":3,"minecraft:rotten_flesh":6,"biomesoplenty:willow_sapling":3,"silentgear:axe_blueprint":1,"minecraft:hay_block":24,"silentgear:shovel_blueprint":1,"minecraft:mutton":1,"silentgear:knife_blueprint":1,"minecraft:cobblestone":250,"dungeonsmod:soul_bottle":1,"biomesoplenty:lavender":9,"relics:ice_skates":5,"minecraft:leather":4,"minecraft:oak_log":3,"minecraft:lapis_lazuli":14,"minecraft:dirt":10,"endrem:corrupted_pearl":2,"minecraft:bone":3,"minecraft:apple":2,"minecraft:stone_bricks":1,"minecraft:wheat_seeds":6,"minecraft:iron_ingot":10,"minecraft:iron_ore":43,"minecraft:oak_planks":5,"minecraft:book":6,"iceandfire:chared_stone":1,"silentgear:fine_silk":1,"minecraft:sweet_berries":14,"hmag:soul_powder":1,"minecraft:lime_terracotta":4,"minecraft:spruce_sapling":6,"silentgear:bort":2,"minecraft:gold_ore":11,"minecraft:white_bed":4,"minecraft:spruce_log":34,"minecraft:lily_of_the_valley":3,"artifacts:scarf_of_invisibility":4,"minecraft:barrel":6,"minecraft:dark_oak_log":2,"minecraft:spider_eye":8,"iceandfire:chared_cobblestone":1,"minecraft:sugar":1,"biomesoplenty:willow_log":4,"minecraft:diamond":1,"minecraft:crossbow":1,"minecraft:emerald":3,"minecraft:oak_sapling":3,"minecraft:coal":101},"minecraft:killed_by":{"minecraft:player":1,"minecraft:creeper":1,"farlanders:ender_golem":1,"alexsmobs:crocodile":2,"minecraft:cave_spider":2,"minecraft:skeleton":8,"iceandfire:fire_dragon":1},"minecraft:broken":{"minecraft:iron_leggings":1,"minecraft:shield":1,"minecraft:iron_pickaxe":2,"minecraft:iron_helmet":1},"minecraft:killed":{"minecraft:cave_spider":16,"minecraft:witch":2,"hmag:stoneular":1,"minecraft:spider":1,"minecraft:vindicator":1,"minecraft:slime":1,"minecraft:skeleton":10,"goblintraders:goblin_trader":1,"minecraft:husk":3,"hmag:ghost":1,"dungeonsmod:haunter":1,"minecraft:wandering_trader":1,"farlanders:ender_golem":1,"minecraft:sheep":1,"minecraft:trader_llama":2,"minecraft:pillager":6,"minecraft:zombie":9,"minecraft:cow":2},"minecraft:dropped":{"minecraft:iron_ingot":31,"minecraft:bread":64,"minecraft:porkchop":1,"minecraft:wheat_seeds":6,"minecraft:crafting_table":1,"biomesoplenty:lavender":2,"minecraft:lime_terracotta":4,"minecraft:crossbow":2,"relics:ice_skates":1,"silentgear:knife_blueprint":1,"minecraft:rail":2,"silentgear:shovel_blueprint":1,"silentgear:blueprint_package":1,"silentgear:rod_blueprint":3,"minecraft:dirt":8,"minecraft:red_bed":2,"silentgear:machete_blueprint":1,"minecraft:diorite":1,"minecraft:torch":27,"silentgear:shield_blueprint":1,"minecraft:rose_bush":1,"minecraft:iron_leggings":1,"gravestone:obituary":22,"endrem:corrupted_pearl":5,"minecraft:iron_axe":1,"minecraft:sugar":1,"minecraft:iron_pickaxe":1,"minecraft:string":6,"minecraft:dark_oak_planks":2,"minecraft:bone":1,"minecraft:furnace":3,"minecraft:compass":1,"minecraft:detector_rail":1,"minecraft:rotten_flesh":2,"minecraft:light_gray_wool":1,"silentgear:pickaxe_blueprint":1,"minecraft:end_stone":1,"farlanders:ender_horn":3,"minecraft:white_bed":1,"patchouli:guide_book":1,"minecraft:lily_of_the_valley":2,"minecraft:hay_block":5,"hmag:reinforcing_plate":1,"silentgear:axe_blueprint":1,"dungeonsmod:soul_bottle":1,"minecraft:iron_chestplate":2,"minecraft:leather_boots":1,"minecraft:oak_sapling":3,"minecraft:leather_leggings":2,"minecraft:stone_bricks":1,"minecraft:spider_eye":3,"minecraft:barrel":6,"biomesoplenty:willow_planks":1,"minecraft:wooden_pickaxe":3},"minecraft:crafted":{"minecraft:oak_planks":28,"minecraft:stone_pickaxe":1,"minecraft:chest":4,"minecraft:dark_oak_planks":40,"sophisticatedbackpacks:iron_backpack":1,"minecraft:wheat":135,"sophisticatedbackpacks:backpack":1,"minecraft:crafting_table":4,"minecraft:spruce_planks":16,"minecraft:wooden_pickaxe":1,"minecraft:iron_sword":1,"minecraft:stone_axe":1,"minecraft:bread":49,"minecraft:iron_chestplate":1,"minecraft:diamond_pickaxe":1,"minecraft:shield":1,"minecraft:stick":20,"minecraft:wooden_axe":1,"minecraft:torch":128},"minecraft:mined":{"minecraft:dark_oak_planks":2,"minecraft:diamond_ore":1,"minecraft:spruce_planks":4,"minecraft:white_bed":4,"minecraft:dark_oak_leaves":2,"minecraft:end_stone":1,"gravestone:gravestone":19,"minecraft:grass_block":4,"minecraft:spruce_leaves":167,"minecraft:spawner":3,"minecraft:hay_block":25,"minecraft:redstone_ore":2,"iceandfire:copper_ore":5,"minecraft:iron_ore":44,"biomesoplenty:lavender":9,"treechop:chopped_log":17,"silentgear:bort_ore":2,"minecraft:stone":253,"iceandfire:chared_cobblestone":1,"minecraft:spruce_slab":1,"biomesoplenty:willow_leaves":1,"minecraft:glass_pane":2,"minecraft:red_bed":5,"minecraft:lily_of_the_valley":2,"minecraft:crafting_table":2,"minecraft:torch":1,"minecraft:emerald_ore":3,"minecraft:lapis_ore":3,"minecraft:oak_planks":6,"minecraft:diorite":1,"minecraft:wall_torch":1,"minecraft:sweet_berry_bush":6,"minecraft:spruce_log":33,"minecraft:birch_leaves":1,"minecraft:grass":11,"minecraft:oak_log":2,"minecraft:coal_ore":101,"minecraft:dirt":1,"minecraft:cobweb":40,"minecraft:stone_bricks":1,"minecraft:gold_ore":11,"minecraft:oak_leaves":64,"iceandfire:chared_stone":1},"minecraft:custom":{"minecraft:mob_kills":65,"minecraft:interact_with_crafting_table":20,"minecraft:open_barrel":13,"minecraft:leave_game":6,"minecraft:time_since_death":13460,"minecraft:climb_one_cm":20555,"minecraft:sprint_one_cm":594958,"minecraft:walk_one_cm":399383,"minecraft:damage_blocked_by_shield":3920,"minecraft:drop":92,"minecraft:talked_to_villager":4,"minecraft:deaths":17,"minecraft:sneak_time":4510,"minecraft:walk_under_water_one_cm":3619,"minecraft:boat_one_cm":3468,"minecraft:jump":3481,"minecraft:walk_on_water_one_cm":26971,"minecraft:interact_with_furnace":5,"minecraft:play_one_minute":168332,"minecraft:sleep_in_bed":7,"minecraft:time_since_rest":13487,"minecraft:damage_taken":6916,"minecraft:damage_dealt":13083,"minecraft:swim_one_cm":49267,"minecraft:fly_one_cm":807087,"minecraft:open_chest":47,"minecraft:crouch_one_cm":13369,"minecraft:interact_with_smoker":1,"minecraft:fall_one_cm":120748},"minecraft:used":{"minecraft:spruce_slab":1,"minecraft:chest":3,"minecraft:spruce_planks":2,"minecraft:shield":66,"minecraft:iron_sword":264,"minecraft:torch":64,"minecraft:wooden_axe":5,"minecraft:iron_axe":1,"biomesoplenty:redwood_boat":1,"minecraft:bow":3,"minecraft:sweet_berries":19,"minecraft:stone_pickaxe":14,"minecraft:oak_planks":5,"minecraft:wooden_pickaxe":8,"minecraft:crafting_table":8,"minecraft:red_bed":4,"minecraft:white_bed":2,"minecraft:diamond_pickaxe":2,"minecraft:bread":51,"minecraft:iron_pickaxe":416,"minecraft:stone_axe":109,"minecraft:cobblestone":1}},"DataVersion":2586}