{"stats":{"minecraft:picked_up":{"silentgear:rod_blueprint":2,"minecraft:crafting_table":1,"minecraft:iron_chestplate":1,"iceandfire:copper_ore":5,"minecraft:leather_leggings":1,"minecraft:lead":4,"minecraft:wooden_pickaxe":1,"silentgear:shield_blueprint":1,"silentgear:pickaxe_blueprint":1,"gravestone:obituary":7,"minecraft:string":49,"minecraft:red_bed":6,"biomesoplenty:willow_planks":1,"minecraft:cracked_stone_bricks":1,"minecraft:spruce_planks":5,"minecraft:beef":3,"minecraft:rose_bush":1,"minecraft:light_gray_wool":1,"minecraft:spruce_slab":2,"minecraft:iron_boots":1,"minecraft:stick":10,"minecraft:end_stone":1,"minecraft:torch":5,"silentgear:katana_blueprint":1,"minecraft:porkchop":1,"minecraft:diorite":1,"minecraft:dark_oak_planks":3,"minecraft:arrow":3,"minecraft:rotten_flesh":2,"biomesoplenty:willow_sapling":3,"silentgear:axe_blueprint":1,"minecraft:hay_block":24,"silentgear:shovel_blueprint":1,"minecraft:mutton":1,"silentgear:knife_blueprint":1,"minecraft:cobblestone":245,"dungeonsmod:soul_bottle":1,"biomesoplenty:lavender":9,"relics:ice_skates":5,"minecraft:leather":4,"minecraft:oak_log":3,"minecraft:dirt":10,"endrem:corrupted_pearl":2,"minecraft:bone":3,"minecraft:apple":2,"minecraft:wheat_seeds":6,"minecraft:iron_ingot":10,"minecraft:iron_ore":36,"minecraft:oak_planks":5,"minecraft:book":6,"silentgear:fine_silk":1,"minecraft:sweet_berries":14,"minecraft:lime_terracotta":4,"minecraft:spruce_sapling":6,"minecraft:white_bed":4,"minecraft:spruce_log":34,"minecraft:lily_of_the_valley":3,"artifacts:scarf_of_invisibility":4,"minecraft:barrel":6,"minecraft:dark_oak_log":2,"minecraft:spider_eye":8,"minecraft:sugar":1,"biomesoplenty:willow_log":4,"minecraft:crossbow":1,"minecraft:emerald":1,"minecraft:oak_sapling":3,"minecraft:coal":93},"minecraft:killed_by":{"minecraft:player":1,"minecraft:creeper":1,"farlanders:ender_golem":1,"alexsmobs:crocodile":2,"minecraft:cave_spider":1,"minecraft:skeleton":8,"iceandfire:fire_dragon":1},"minecraft:broken":{"minecraft:iron_leggings":1,"minecraft:shield":1,"minecraft:iron_pickaxe":2,"minecraft:iron_helmet":1},"minecraft:killed":{"minecraft:cave_spider":15,"minecraft:witch":2,"minecraft:spider":1,"minecraft:vindicator":1,"minecraft:slime":1,"minecraft:skeleton":10,"goblintraders:goblin_trader":1,"dungeonsmod:haunter":1,"minecraft:wandering_trader":1,"farlanders:ender_golem":1,"minecraft:sheep":1,"minecraft:trader_llama":2,"minecraft:pillager":4,"minecraft:zombie":6,"minecraft:cow":2},"minecraft:dropped":{"minecraft:iron_ingot":31,"minecraft:bread":64,"minecraft:porkchop":1,"minecraft:wheat_seeds":6,"minecraft:crafting_table":1,"biomesoplenty:lavender":2,"minecraft:lime_terracotta":4,"minecraft:crossbow":2,"relics:ice_skates":1,"silentgear:knife_blueprint":1,"silentgear:shovel_blueprint":1,"silentgear:blueprint_package":1,"silentgear:rod_blueprint":3,"minecraft:dirt":8,"minecraft:red_bed":2,"silentgear:machete_blueprint":1,"minecraft:diorite":1,"minecraft:torch":27,"silentgear:shield_blueprint":1,"minecraft:rose_bush":1,"minecraft:iron_leggings":1,"gravestone:obituary":21,"endrem:corrupted_pearl":5,"minecraft:iron_axe":1,"minecraft:sugar":1,"minecraft:iron_pickaxe":1,"minecraft:dark_oak_planks":2,"minecraft:bone":1,"minecraft:furnace":3,"minecraft:compass":1,"minecraft:light_gray_wool":1,"silentgear:pickaxe_blueprint":1,"minecraft:end_stone":1,"farlanders:ender_horn":3,"minecraft:white_bed":1,"patchouli:guide_book":1,"minecraft:lily_of_the_valley":2,"minecraft:hay_block":5,"hmag:reinforcing_plate":1,"silentgear:axe_blueprint":1,"dungeonsmod:soul_bottle":1,"minecraft:iron_chestplate":2,"minecraft:leather_boots":1,"minecraft:oak_sapling":3,"minecraft:leather_leggings":2,"minecraft:spider_eye":3,"minecraft:barrel":6,"biomesoplenty:willow_planks":1,"minecraft:wooden_pickaxe":3},"minecraft:crafted":{"minecraft:oak_planks":28,"minecraft:stone_pickaxe":1,"minecraft:chest":4,"minecraft:dark_oak_planks":40,"sophisticatedbackpacks:iron_backpack":1,"minecraft:wheat":135,"sophisticatedbackpacks:backpack":1,"minecraft:crafting_table":4,"minecraft:spruce_planks":16,"minecraft:wooden_pickaxe":1,"minecraft:iron_sword":1,"minecraft:stone_axe":1,"minecraft:bread":49,"minecraft:iron_chestplate":1,"minecraft:shield":1,"minecraft:stick":20,"minecraft:wooden_axe":1,"minecraft:torch":28},"minecraft:mined":{"minecraft:dark_oak_planks":2,"minecraft:spruce_planks":4,"minecraft:white_bed":4,"minecraft:dark_oak_leaves":2,"minecraft:end_stone":1,"gravestone:gravestone":18,"minecraft:grass_block":4,"minecraft:spruce_leaves":167,"minecraft:spawner":3,"minecraft:hay_block":25,"iceandfire:copper_ore":5,"minecraft:iron_ore":38,"biomesoplenty:lavender":9,"treechop:chopped_log":17,"minecraft:stone":249,"minecraft:spruce_slab":1,"biomesoplenty:willow_leaves":1,"minecraft:glass_pane":2,"minecraft:red_bed":5,"minecraft:lily_of_the_valley":2,"minecraft:crafting_table":1,"minecraft:torch":1,"minecraft:oak_planks":6,"minecraft:diorite":1,"minecraft:wall_torch":1,"minecraft:sweet_berry_bush":6,"minecraft:spruce_log":33,"minecraft:birch_leaves":1,"minecraft:grass":11,"minecraft:oak_log":2,"minecraft:coal_ore":93,"minecraft:dirt":1,"minecraft:cobweb":37,"minecraft:oak_leaves":64},"minecraft:custom":{"minecraft:mob_kills":53,"minecraft:interact_with_crafting_table":17,"minecraft:open_barrel":9,"minecraft:leave_game":5,"minecraft:time_since_death":10993,"minecraft:climb_one_cm":16599,"minecraft:sprint_one_cm":563569,"minecraft:walk_one_cm":349831,"minecraft:damage_blocked_by_shield":3695,"minecraft:drop":86,"minecraft:talked_to_villager":4,"minecraft:deaths":16,"minecraft:sneak_time":3908,"minecraft:walk_under_water_one_cm":3619,"minecraft:boat_one_cm":3468,"minecraft:jump":3361,"minecraft:walk_on_water_one_cm":26049,"minecraft:interact_with_furnace":3,"minecraft:play_one_minute":154423,"minecraft:sleep_in_bed":7,"minecraft:time_since_rest":11219,"minecraft:damage_taken":6301,"minecraft:damage_dealt":9871,"minecraft:swim_one_cm":49267,"minecraft:fly_one_cm":793630,"minecraft:open_chest":47,"minecraft:crouch_one_cm":11533,"minecraft:interact_with_smoker":1,"minecraft:fall_one_cm":117142},"minecraft:used":{"minecraft:spruce_slab":1,"minecraft:chest":3,"minecraft:spruce_planks":2,"minecraft:shield":61,"minecraft:iron_sword":198,"minecraft:torch":51,"minecraft:wooden_axe":5,"biomesoplenty:redwood_boat":1,"minecraft:bow":1,"minecraft:sweet_berries":19,"minecraft:stone_pickaxe":14,"minecraft:oak_planks":5,"minecraft:wooden_pickaxe":8,"minecraft:crafting_table":7,"minecraft:red_bed":4,"minecraft:white_bed":2,"minecraft:bread":43,"minecraft:iron_pickaxe":372,"minecraft:stone_axe":109,"minecraft:cobblestone":1}},"DataVersion":2586}