{"stats":{"minecraft:killed":{"minecraft:sheep":1,"minecraft:wandering_trader":1},"minecraft:picked_up":{"minecraft:stick":4,"minecraft:crafting_table":1,"minecraft:lead":2,"minecraft:oak_log":1,"minecraft:spruce_sapling":6,"minecraft:white_bed":2,"minecraft:spruce_log":34,"minecraft:lily_of_the_valley":2,"minecraft:dirt":1,"minecraft:wheat_seeds":1,"minecraft:light_gray_wool":1,"minecraft:oak_sapling":1,"minecraft:mutton":1,"minecraft:cobblestone":8},"minecraft:custom":{"minecraft:time_since_rest":8926,"minecraft:interact_with_furnace":1,"minecraft:sprint_one_cm":31571,"minecraft:damage_taken":60,"minecraft:walk_one_cm":25205,"minecraft:mob_kills":2,"minecraft:damage_dealt":330,"minecraft:talked_to_villager":1,"minecraft:interact_with_crafting_table":3,"minecraft:fly_one_cm":57936,"minecraft:crouch_one_cm":409,"minecraft:play_one_minute":8926,"minecraft:sneak_time":103,"minecraft:jump":241,"minecraft:time_since_death":8926,"minecraft:fall_one_cm":8383},"minecraft:crafted":{"minecraft:oak_planks":4,"minecraft:crafting_table":1,"minecraft:spruce_planks":16,"minecraft:stick":8,"minecraft:wooden_pickaxe":1,"minecraft:stone_pickaxe":1,"minecraft:stone_axe":1},"minecraft:mined":{"minecraft:white_bed":2,"minecraft:lily_of_the_valley":2,"minecraft:spruce_log":33,"treechop:chopped_log":17,"minecraft:crafting_table":1,"minecraft:grass":2,"minecraft:grass_block":1,"minecraft:oak_log":1,"minecraft:spruce_leaves":166,"minecraft:stone":8,"minecraft:oak_leaves":32},"minecraft:used":{"minecraft:stone_pickaxe":1,"minecraft:wooden_pickaxe":8,"minecraft:stone_axe":31,"minecraft:crafting_table":1}},"DataVersion":2586}