{"stats":{"minecraft:mined":{"minecraft:dark_oak_planks":2,"minecraft:spruce_planks":4,"minecraft:white_bed":4,"minecraft:dark_oak_leaves":2,"minecraft:end_stone":1,"gravestone:gravestone":15,"minecraft:grass_block":4,"minecraft:spruce_leaves":167,"minecraft:spawner":3,"minecraft:hay_block":25,"minecraft:iron_ore":7,"treechop:chopped_log":17,"minecraft:stone":9,"minecraft:spruce_slab":1,"biomesoplenty:willow_leaves":1,"minecraft:glass_pane":2,"minecraft:red_bed":5,"minecraft:lily_of_the_valley":2,"minecraft:crafting_table":1,"minecraft:oak_planks":6,"minecraft:sweet_berry_bush":6,"minecraft:spruce_log":33,"minecraft:birch_leaves":1,"minecraft:grass":9,"minecraft:oak_log":2,"minecraft:coal_ore":1,"minecraft:dirt":1,"minecraft:cobweb":37,"minecraft:oak_leaves":64},"minecraft:broken":{"minecraft:shield":1,"minecraft:iron_helmet":1},"minecraft:killed_by":{"minecraft:player":1,"farlanders:ender_golem":1,"alexsmobs:crocodile":1,"minecraft:cave_spider":1,"minecraft:skeleton":8,"iceandfire:fire_dragon":1},"minecraft:used":{"minecraft:spruce_slab":1,"minecraft:chest":1,"minecraft:spruce_planks":2,"minecraft:shield":33,"minecraft:iron_sword":154,"minecraft:torch":5,"minecraft:wooden_axe":5,"minecraft:bow":1,"minecraft:sweet_berries":19,"minecraft:stone_pickaxe":14,"minecraft:oak_planks":5,"minecraft:wooden_pickaxe":8,"minecraft:crafting_table":6,"minecraft:red_bed":4,"minecraft:white_bed":2,"minecraft:bread":33,"minecraft:iron_pickaxe":3,"minecraft:stone_axe":109,"minecraft:cobblestone":1},"minecraft:custom":{"minecraft:mob_kills":43,"minecraft:interact_with_crafting_table":13,"minecraft:open_barrel":9,"minecraft:leave_game":5,"minecraft:time_since_death":1149,"minecraft:climb_one_cm":14502,"minecraft:sprint_one_cm":442357,"minecraft:walk_one_cm":246361,"minecraft:damage_blocked_by_shield":1970,"minecraft:drop":80,"minecraft:talked_to_villager":4,"minecraft:deaths":14,"minecraft:sneak_time":2703,"minecraft:walk_under_water_one_cm":3619,"minecraft:jump":2690,"minecraft:walk_on_water_one_cm":25772,"minecraft:interact_with_furnace":1,"minecraft:play_one_minute":118375,"minecraft:sleep_in_bed":6,"minecraft:time_since_rest":1467,"minecraft:damage_taken":5226,"minecraft:damage_dealt":7886,"minecraft:swim_one_cm":49267,"minecraft:fly_one_cm":626838,"minecraft:open_chest":30,"minecraft:crouch_one_cm":6732,"minecraft:interact_with_smoker":1,"minecraft:fall_one_cm":91104},"minecraft:crafted":{"minecraft:oak_planks":28,"minecraft:stone_pickaxe":1,"minecraft:chest":1,"minecraft:dark_oak_planks":40,"minecraft:wheat":135,"minecraft:crafting_table":3,"minecraft:spruce_planks":16,"minecraft:wooden_pickaxe":1,"minecraft:iron_sword":1,"minecraft:stone_axe":1,"minecraft:bread":49,"minecraft:iron_chestplate":1,"minecraft:shield":1,"minecraft:stick":20,"minecraft:wooden_axe":1,"minecraft:torch":28},"minecraft:dropped":{"minecraft:iron_ingot":31,"minecraft:bread":64,"minecraft:porkchop":1,"minecraft:wheat_seeds":6,"minecraft:crafting_table":1,"minecraft:lime_terracotta":4,"relics:ice_skates":1,"minecraft:crossbow":2,"silentgear:knife_blueprint":1,"silentgear:shovel_blueprint":1,"silentgear:blueprint_package":1,"silentgear:rod_blueprint":3,"minecraft:dirt":8,"minecraft:red_bed":2,"silentgear:machete_blueprint":1,"minecraft:torch":27,"silentgear:shield_blueprint":1,"minecraft:rose_bush":1,"minecraft:iron_leggings":1,"gravestone:obituary":17,"endrem:corrupted_pearl":5,"minecraft:iron_axe":1,"minecraft:sugar":1,"minecraft:iron_pickaxe":1,"minecraft:dark_oak_planks":2,"minecraft:bone":1,"minecraft:furnace":3,"minecraft:compass":1,"minecraft:light_gray_wool":1,"silentgear:pickaxe_blueprint":1,"minecraft:end_stone":1,"farlanders:ender_horn":3,"minecraft:white_bed":1,"patchouli:guide_book":1,"minecraft:lily_of_the_valley":2,"minecraft:hay_block":5,"hmag:reinforcing_plate":1,"silentgear:axe_blueprint":1,"dungeonsmod:soul_bottle":1,"minecraft:iron_chestplate":2,"minecraft:leather_boots":1,"minecraft:oak_sapling":3,"minecraft:leather_leggings":2,"minecraft:spider_eye":3,"minecraft:barrel":6,"biomesoplenty:willow_planks":1,"minecraft:wooden_pickaxe":3},"minecraft:killed":{"minecraft:cave_spider":14,"minecraft:witch":2,"minecraft:vindicator":1,"minecraft:slime":1,"minecraft:skeleton":9,"dungeonsmod:haunter":1,"minecraft:wandering_trader":1,"farlanders:ender_golem":1,"minecraft:sheep":1,"minecraft:pillager":4,"minecraft:zombie":4,"minecraft:cow":2},"minecraft:picked_up":{"silentgear:rod_blueprint":2,"minecraft:crafting_table":1,"minecraft:iron_chestplate":1,"minecraft:leather_leggings":1,"minecraft:lead":2,"minecraft:wooden_pickaxe":1,"silentgear:shield_blueprint":1,"silentgear:pickaxe_blueprint":1,"gravestone:obituary":6,"minecraft:string":46,"minecraft:red_bed":6,"biomesoplenty:willow_planks":1,"minecraft:spruce_planks":5,"minecraft:beef":3,"minecraft:rose_bush":1,"minecraft:light_gray_wool":1,"minecraft:spruce_slab":2,"minecraft:iron_boots":1,"minecraft:stick":10,"minecraft:end_stone":1,"silentgear:katana_blueprint":1,"minecraft:porkchop":1,"minecraft:dark_oak_planks":3,"minecraft:arrow":1,"biomesoplenty:willow_sapling":3,"silentgear:axe_blueprint":1,"minecraft:hay_block":24,"silentgear:shovel_blueprint":1,"minecraft:mutton":1,"silentgear:knife_blueprint":1,"minecraft:cobblestone":9,"dungeonsmod:soul_bottle":1,"relics:ice_skates":5,"minecraft:oak_log":3,"minecraft:dirt":8,"endrem:corrupted_pearl":2,"minecraft:bone":1,"minecraft:wheat_seeds":6,"minecraft:iron_ingot":10,"minecraft:iron_ore":7,"minecraft:oak_planks":5,"minecraft:book":6,"silentgear:fine_silk":1,"minecraft:sweet_berries":14,"minecraft:lime_terracotta":4,"minecraft:spruce_sapling":6,"minecraft:white_bed":4,"minecraft:spruce_log":34,"minecraft:lily_of_the_valley":3,"minecraft:barrel":6,"artifacts:scarf_of_invisibility":4,"minecraft:dark_oak_log":2,"minecraft:spider_eye":8,"minecraft:sugar":1,"biomesoplenty:willow_log":4,"minecraft:crossbow":1,"minecraft:emerald":1,"minecraft:oak_sapling":3,"minecraft:coal":1}},"DataVersion":2586}