{"stats":{"minecraft:dropped":{"gravestone:obituary":1},"minecraft:picked_up":{"biomesoplenty:lavender":375,"biomesoplenty:redwood_log":21,"minecraft:wheat":27,"minecraft:feather":4,"minecraft:chicken":1,"silentgear:fluffy_seeds":4,"minecraft:map":1,"silentgear:sinew":2,"minecraft:dirt":4,"minecraft:red_bed":3,"minecraft:wheat_seeds":86,"minecraft:gold_nugget":3,"minecraft:iron_ingot":1,"minecraft:chest":1,"minecraft:egg":1,"minecraft:sweet_berries":16,"biomesoplenty:redwood_planks":1,"waystones:waystone":2,"minecraft:bread":3,"silentgear:netherwood_log":1,"minecraft:emerald":1,"biomesoplenty:redwood_sapling":3,"minecraft:mutton":3,"minecraft:white_wool":2,"minecraft:cobblestone":8},"minecraft:killed_by":{"alexsmobs:crocodile":2},"minecraft:custom":{"minecraft:mob_kills":4,"minecraft:interact_with_crafting_table":5,"minecraft:open_barrel":2,"minecraft:play_one_minute":47351,"minecraft:time_since_death":7171,"minecraft:sleep_in_bed":1,"minecraft:climb_one_cm":7598,"minecraft:time_since_rest":7201,"minecraft:waystone_activated":2,"minecraft:sprint_one_cm":159453,"minecraft:damage_taken":661,"minecraft:walk_one_cm":85075,"minecraft:drop":1,"minecraft:damage_dealt":549,"minecraft:swim_one_cm":67051,"minecraft:fly_one_cm":152074,"minecraft:open_chest":50,"minecraft:crouch_one_cm":1703,"minecraft:deaths":2,"minecraft:sneak_time":1956,"minecraft:walk_under_water_one_cm":1235,"minecraft:jump":675,"minecraft:walk_on_water_one_cm":10095,"minecraft:fall_one_cm":17740},"minecraft:broken":{"minecraft:iron_helmet":1,"minecraft:wooden_hoe":1},"minecraft:killed":{"alexsmobs:raccoon":1,"minecraft:sheep":2,"alexsmobs:crocodile":1},"minecraft:crafted":{"minecraft:crafting_table":1,"biomesoplenty:redwood_planks":84,"minecraft:stone_axe":1,"minecraft:bread":9,"minecraft:wooden_hoe":1,"minecraft:purple_dye":362,"minecraft:stick":4,"minecraft:stone_pickaxe":1,"silentgear:netherwood_planks":4},"minecraft:used":{"minecraft:wheat_seeds":29,"minecraft:stone_pickaxe":10,"biomesoplenty:redwood_planks":20,"minecraft:chest":1,"minecraft:iron_sword":32,"biomesoplenty:lavender":1,"minecraft:dirt":3,"minecraft:crafting_table":1,"minecraft:red_bed":3,"silentgear:fluffy_seeds":2,"waystones:waystone":1,"minecraft:wooden_hoe":59,"minecraft:bread":8,"minecraft:stone_axe":2,"minecraft:bow":2,"minecraft:sweet_berries":7,"alexsmobs:animal_dictionary":1,"minecraft:egg":1,"minecraft:potato":15},"minecraft:mined":{"minecraft:podzol":1,"biomesoplenty:redwood_planks":1,"minecraft:red_bed":2,"silentgear:wild_fluffy_plant":4,"gravestone:gravestone":3,"minecraft:grass_block":1,"minecraft:chest":1,"minecraft:tall_grass":3,"biomesoplenty:sprout":1,"minecraft:wheat":28,"minecraft:sweet_berry_bush":1,"biomesoplenty:lavender":240,"silentgear:netherwood_log":1,"treechop:chopped_log":12,"minecraft:grass":80,"biomesoplenty:redwood_log":24,"biomesoplenty:redwood_leaves":119,"minecraft:dirt":1,"minecraft:stone":8,"minecraft:fern":1}},"DataVersion":2586}