{"stats":{"minecraft:picked_up":{"biomesoplenty:redwood_log":21,"biomesoplenty:lavender":375,"minecraft:feather":4,"minecraft:wheat":27,"minecraft:sweet_berries":16,"silentgear:fluffy_seeds":2,"minecraft:map":1,"silentgear:sinew":2,"minecraft:red_bed":2,"minecraft:dirt":4,"biomesoplenty:redwood_planks":1,"minecraft:gold_nugget":3,"minecraft:wheat_seeds":83,"waystones:waystone":1,"minecraft:iron_ingot":1,"minecraft:emerald":1,"silentgear:netherwood_log":1,"minecraft:bread":3,"biomesoplenty:redwood_sapling":3,"minecraft:chest":1,"minecraft:mutton":3,"minecraft:white_wool":2,"minecraft:cobblestone":8},"minecraft:custom":{"minecraft:time_since_rest":22773,"minecraft:waystone_activated":1,"minecraft:sprint_one_cm":107609,"minecraft:damage_taken":58,"minecraft:walk_one_cm":69245,"minecraft:mob_kills":3,"minecraft:damage_dealt":250,"minecraft:swim_one_cm":5841,"minecraft:interact_with_crafting_table":5,"minecraft:fly_one_cm":73534,"minecraft:open_chest":30,"minecraft:crouch_one_cm":1635,"minecraft:play_one_minute":35351,"minecraft:sneak_time":1772,"minecraft:walk_under_water_one_cm":147,"minecraft:jump":349,"minecraft:time_since_death":35351,"minecraft:walk_on_water_one_cm":1257,"minecraft:sleep_in_bed":1,"minecraft:climb_one_cm":7414,"minecraft:fall_one_cm":9335},"minecraft:broken":{"minecraft:wooden_hoe":1},"minecraft:killed":{"minecraft:sheep":2,"alexsmobs:raccoon":1},"minecraft:crafted":{"minecraft:wooden_hoe":1,"minecraft:purple_dye":362,"minecraft:crafting_table":1,"minecraft:stick":4,"biomesoplenty:redwood_planks":84,"minecraft:stone_pickaxe":1,"silentgear:netherwood_planks":4,"minecraft:stone_axe":1,"minecraft:bread":9},"minecraft:used":{"minecraft:wheat_seeds":29,"minecraft:wooden_hoe":59,"biomesoplenty:redwood_planks":20,"minecraft:bread":4,"minecraft:stone_pickaxe":9,"minecraft:chest":1,"minecraft:iron_sword":22,"biomesoplenty:lavender":1,"minecraft:stone_axe":2,"minecraft:dirt":3,"minecraft:bow":2,"minecraft:sweet_berries":7,"minecraft:crafting_table":1,"minecraft:red_bed":2,"silentgear:fluffy_seeds":2,"alexsmobs:animal_dictionary":1,"minecraft:potato":15},"minecraft:mined":{"biomesoplenty:redwood_planks":1,"minecraft:red_bed":1,"minecraft:wheat":28,"minecraft:sweet_berry_bush":1,"biomesoplenty:lavender":240,"silentgear:netherwood_log":1,"treechop:chopped_log":12,"silentgear:wild_fluffy_plant":2,"gravestone:gravestone":1,"minecraft:grass":76,"minecraft:grass_block":1,"minecraft:chest":1,"biomesoplenty:redwood_log":24,"biomesoplenty:redwood_leaves":119,"minecraft:dirt":1,"biomesoplenty:sprout":1,"minecraft:stone":8,"minecraft:podzol":1}},"DataVersion":2586}