{"stats":{"minecraft:dropped":{"inventorypets:pet_house":1,"iceandfire:blindfold":1,"gravestone:obituary":3,"apotheosis:armor_feet_book":1},"minecraft:picked_up":{"biomesoplenty:lavender":375,"biomesoplenty:redwood_log":21,"minecraft:enchanting_table":1,"silentgear:flax_seeds":1,"minecraft:wheat":27,"minecraft:feather":4,"iceandfire:sea_serpent_fang":8,"minecraft:chicken":1,"apotheosis:rare_tome":1,"apotheosis:weapon_book":1,"minecraft:leather":1,"gravestone:obituary":1,"silentgear:fluffy_seeds":4,"minecraft:string":2,"minecraft:map":1,"silentgear:sinew":2,"minecraft:dirt":4,"minecraft:red_bed":3,"minecraft:item_frame":1,"minecraft:wheat_seeds":86,"minecraft:gold_nugget":3,"apotheosis:scrap_tome":1,"minecraft:dark_prismarine_stairs":3,"minecraft:spruce_planks":2,"apotheosis:armor_feet_book":1,"minecraft:iron_ingot":1,"apotheosis:digger_book":1,"aquaculture:minnow":1,"minecraft:chest":1,"iceandfire:sea_serpent_scales_deepblue":4,"minecraft:piston":1,"minecraft:egg":1,"minecraft:book":27,"minecraft:sweet_berries":16,"apotheosis:null_book":2,"apotheosis:common_tome":1,"minecraft:dark_prismarine":1,"minecraft:tnt":3,"biomesoplenty:redwood_planks":39,"minecraft:diamond":2,"waystones:waystone":3,"aquaculture:carp":1,"minecraft:gold_ingot":2,"minecraft:bread":3,"silentgear:netherwood_log":1,"minecraft:emerald":1,"biomesoplenty:redwood_sapling":3,"minecraft:mutton":3,"minecraft:white_wool":2,"minecraft:cobblestone":9},"minecraft:killed_by":{"alexsmobs:crocodile":2},"minecraft:custom":{"minecraft:mob_kills":4,"minecraft:interact_with_crafting_table":8,"minecraft:open_barrel":2,"minecraft:play_one_minute":71351,"minecraft:time_since_death":1785,"minecraft:sleep_in_bed":2,"minecraft:climb_one_cm":14561,"minecraft:time_since_rest":1815,"minecraft:waystone_activated":3,"minecraft:sprint_one_cm":203190,"minecraft:damage_taken":1322,"minecraft:walk_one_cm":144629,"minecraft:trigger_trapped_chest":2,"minecraft:drop":6,"minecraft:damage_dealt":1287,"minecraft:swim_one_cm":67051,"minecraft:fly_one_cm":196427,"minecraft:open_chest":79,"minecraft:crouch_one_cm":2153,"minecraft:deaths":3,"minecraft:sneak_time":2171,"minecraft:walk_under_water_one_cm":1900,"minecraft:jump":864,"minecraft:walk_on_water_one_cm":12455,"minecraft:fall_one_cm":28248},"minecraft:broken":{"minecraft:iron_helmet":1,"minecraft:wooden_hoe":1},"minecraft:killed":{"alexsmobs:raccoon":1,"minecraft:sheep":2,"alexsmobs:crocodile":1},"minecraft:crafted":{"minecraft:crafting_table":2,"iceandfire:blindfold":1,"biomesoplenty:redwood_planks":84,"minecraft:stone_axe":1,"minecraft:bread":9,"inventorypets:pet_house":2,"minecraft:wooden_hoe":1,"minecraft:purple_dye":362,"minecraft:stick":4,"minecraft:stone_pickaxe":1,"silentgear:netherwood_planks":4,"inventorypets:nugget_ender":9},"minecraft:used":{"minecraft:wheat_seeds":29,"minecraft:enchanting_table":1,"minecraft:stone_pickaxe":16,"biomesoplenty:redwood_planks":28,"minecraft:spruce_planks":2,"minecraft:chest":1,"minecraft:iron_sword":33,"biomesoplenty:lavender":1,"minecraft:dirt":3,"minecraft:crafting_table":2,"minecraft:red_bed":3,"silentgear:fluffy_seeds":2,"waystones:waystone":2,"minecraft:wooden_hoe":59,"minecraft:bread":11,"minecraft:item_frame":1,"minecraft:stone_axe":30,"minecraft:bow":2,"minecraft:sweet_berries":19,"alexsmobs:animal_dictionary":1,"minecraft:egg":1,"minecraft:potato":15},"minecraft:mined":{"minecraft:podzol":1,"minecraft:dark_prismarine_stairs":3,"minecraft:dark_prismarine":1,"minecraft:spruce_planks":2,"biomesoplenty:redwood_planks":4,"minecraft:red_bed":2,"silentgear:wild_flax_plant":1,"silentgear:wild_fluffy_plant":4,"gravestone:gravestone":4,"minecraft:grass_block":1,"minecraft:chest":1,"minecraft:tall_grass":3,"biomesoplenty:sprout":1,"minecraft:infested_chiseled_stone_bricks":1,"minecraft:wheat":28,"minecraft:sweet_berry_bush":2,"biomesoplenty:lavender":240,"silentgear:netherwood_log":1,"minecraft:tnt":3,"treechop:chopped_log":12,"minecraft:grass":82,"minecraft:bookshelf":9,"biomesoplenty:redwood_log":24,"biomesoplenty:redwood_leaves":119,"minecraft:dirt":1,"minecraft:stone":8,"minecraft:fern":1,"minecraft:piston_head":1}},"DataVersion":2586}