{"stats":{"minecraft:picked_up":{"biomesoplenty:lavender":375,"minecraft:wheat":27,"minecraft:sweet_berries":16,"silentgear:fluffy_seeds":2,"minecraft:red_bed":2,"minecraft:dirt":2,"minecraft:wheat_seeds":83,"silentgear:netherwood_log":1,"minecraft:bread":3},"minecraft:custom":{"minecraft:time_since_rest":4773,"minecraft:sprint_one_cm":64390,"minecraft:damage_taken":58,"minecraft:walk_one_cm":49433,"minecraft:mob_kills":1,"minecraft:damage_dealt":90,"minecraft:interact_with_crafting_table":2,"minecraft:fly_one_cm":32856,"minecraft:open_chest":26,"minecraft:crouch_one_cm":6,"minecraft:play_one_minute":17351,"minecraft:sneak_time":5,"minecraft:jump":136,"minecraft:time_since_death":17351,"minecraft:walk_on_water_one_cm":555,"minecraft:sleep_in_bed":1,"minecraft:fall_one_cm":3197},"minecraft:broken":{"minecraft:wooden_hoe":1},"minecraft:killed":{"alexsmobs:raccoon":1},"minecraft:crafted":{"minecraft:wooden_hoe":1,"minecraft:purple_dye":362},"minecraft:used":{"minecraft:wheat_seeds":29,"minecraft:wooden_hoe":59,"minecraft:bread":2,"minecraft:iron_sword":18,"biomesoplenty:lavender":1,"minecraft:dirt":1,"minecraft:sweet_berries":1,"minecraft:red_bed":2,"silentgear:fluffy_seeds":2,"alexsmobs:animal_dictionary":1,"minecraft:potato":15},"minecraft:mined":{"minecraft:red_bed":1,"minecraft:wheat":28,"minecraft:sweet_berry_bush":1,"biomesoplenty:lavender":240,"silentgear:netherwood_log":1,"silentgear:wild_fluffy_plant":2,"gravestone:gravestone":1,"minecraft:grass":75,"minecraft:grass_block":1,"biomesoplenty:sprout":1}},"DataVersion":2586}