{"stats":{"minecraft:killed":{"minecraft:skeleton":3,"minecraft:cave_spider":1,"minecraft:cod":3},"minecraft:picked_up":{"minecraft:stick":7,"minecraft:crafting_table":3,"minecraft:sweet_berries":2,"biomesoplenty:fir_sapling":12,"biomesoplenty:fir_log":39,"minecraft:stone_brick_stairs":1,"gravestone:obituary":1,"minecraft:spruce_log":3,"minecraft:cobblestone_wall":1,"minecraft:string":1,"minecraft:dirt":1,"minecraft:bone":2,"minecraft:arrow":3,"minecraft:stone_bricks":3,"minecraft:wheat_seeds":13,"biomesoplenty:fir_planks":2,"minecraft:cod":3,"minecraft:coal":13,"minecraft:cobblestone":13},"minecraft:crafted":{"biomesoplenty:fir_planks":124,"minecraft:crafting_table":3,"minecraft:spruce_planks":12,"minecraft:stick":20,"minecraft:wooden_pickaxe":2,"minecraft:stone_pickaxe":2,"minecraft:wooden_axe":1,"minecraft:stone_axe":2},"minecraft:used":{"minecraft:wooden_axe":22,"minecraft:stone_pickaxe":18,"minecraft:wooden_pickaxe":15,"biomesoplenty:fir_planks":23,"minecraft:stone_axe":37,"minecraft:crafting_table":3,"minecraft:cod":3},"minecraft:custom":{"minecraft:time_since_rest":1626,"minecraft:sprint_one_cm":50649,"minecraft:damage_taken":1040,"minecraft:walk_one_cm":25899,"minecraft:mob_kills":7,"minecraft:drop":18,"minecraft:damage_dealt":999,"minecraft:interact_with_crafting_table":6,"minecraft:swim_one_cm":27641,"minecraft:fly_one_cm":168790,"minecraft:crouch_one_cm":3270,"minecraft:play_one_minute":17299,"minecraft:deaths":5,"minecraft:sneak_time":1702,"minecraft:walk_under_water_one_cm":3333,"minecraft:jump":532,"minecraft:walk_on_water_one_cm":4576,"minecraft:time_since_death":1591,"minecraft:fall_one_cm":10458},"minecraft:mined":{"minecraft:large_fern":2,"biomesoplenty:watergrass":3,"minecraft:cobblestone_wall":1,"minecraft:fire":1,"minecraft:sweet_berry_bush":1,"minecraft:spruce_log":3,"treechop:chopped_log":20,"minecraft:stone_brick_stairs":1,"biomesoplenty:fir_log":40,"minecraft:crafting_table":3,"gravestone:gravestone":1,"minecraft:grass":8,"minecraft:grass_block":1,"minecraft:coal_ore":13,"biomesoplenty:fir_planks":2,"biomesoplenty:fir_leaves":285,"minecraft:dirt":1,"minecraft:tall_grass":10,"minecraft:cobblestone":7,"minecraft:stone_bricks":3,"minecraft:stone":7,"minecraft:oak_leaves":4},"minecraft:dropped":{"minecraft:wheat_seeds":11,"gravestone:obituary":6,"minecraft:wooden_pickaxe":1},"minecraft:killed_by":{"alexsmobs:crocodile":4}},"DataVersion":2586}