{"stats":{"minecraft:killed":{"minecraft:cave_spider":1,"minecraft:iron_golem":1,"minecraft:cod":3,"minecraft:skeleton":3,"minecraft:pillager":1},"minecraft:picked_up":{"minecraft:iron_chestplate":1,"minecraft:crafting_table":4,"minecraft:golden_leggings":1,"biomesoplenty:fir_sapling":12,"biomesoplenty:fir_log":39,"minecraft:gunpowder":3,"minecraft:stone_brick_stairs":1,"minecraft:shield":1,"gravestone:obituary":2,"minecraft:brewing_stand":1,"minecraft:golden_boots":1,"minecraft:cobblestone_wall":1,"minecraft:dirt":1,"minecraft:string":1,"minecraft:iron_leggings":1,"minecraft:bone":2,"minecraft:stone_bricks":3,"minecraft:wheat_seeds":14,"biomesoplenty:fir_planks":2,"minecraft:bell":1,"minecraft:spruce_planks":12,"minecraft:iron_ingot":5,"minecraft:poppy":2,"minecraft:fletching_table":1,"alexsmobs:raccoon_tail":1,"minecraft:oak_planks":6,"minecraft:oak_slab":7,"minecraft:stick":7,"minecraft:sweet_berries":4,"minecraft:poisonous_potato":3,"minecraft:spruce_sapling":1,"minecraft:carrot":11,"minecraft:spruce_log":10,"minecraft:barrel":4,"minecraft:rotten_flesh":28,"minecraft:arrow":3,"minecraft:purple_bed":1,"minecraft:crossbow":2,"minecraft:coal":14,"minecraft:cod":3,"minecraft:cobblestone":13},"minecraft:crafted":{"minecraft:crafting_table":3,"minecraft:spruce_planks":40,"minecraft:wooden_pickaxe":2,"minecraft:stone_axe":2,"biomesoplenty:fir_planks":124,"minecraft:stick":20,"minecraft:stone_pickaxe":2,"minecraft:wooden_axe":1},"minecraft:used":{"minecraft:stone_pickaxe":20,"minecraft:oak_planks":2,"minecraft:spruce_planks":37,"minecraft:wooden_pickaxe":15,"biomesoplenty:fir_planks":23,"minecraft:crafting_table":3,"minecraft:carrot":8,"minecraft:crossbow":1,"minecraft:cod":3,"minecraft:wooden_axe":22,"minecraft:stone_axe":92,"minecraft:sweet_berries":8},"minecraft:custom":{"minecraft:mob_kills":10,"minecraft:interact_with_crafting_table":6,"minecraft:open_barrel":3,"minecraft:play_one_minute":29299,"minecraft:climb_one_cm":1931,"minecraft:time_since_death":9851,"minecraft:sleep_in_bed":1,"minecraft:time_since_rest":9880,"minecraft:sprint_one_cm":67763,"minecraft:damage_taken":1566,"minecraft:walk_one_cm":38426,"minecraft:drop":22,"minecraft:damage_dealt":2546,"minecraft:swim_one_cm":27641,"minecraft:fly_one_cm":182515,"minecraft:open_chest":2,"minecraft:crouch_one_cm":8548,"minecraft:deaths":6,"minecraft:sneak_time":4870,"minecraft:walk_under_water_one_cm":5913,"minecraft:boat_one_cm":10227,"minecraft:jump":612,"minecraft:walk_on_water_one_cm":6768,"minecraft:fall_one_cm":11543},"minecraft:mined":{"minecraft:oak_slab":4,"minecraft:spruce_planks":13,"biomesoplenty:watergrass":3,"minecraft:brewing_stand":1,"minecraft:crafting_table":4,"gravestone:gravestone":2,"minecraft:grass_block":1,"biomesoplenty:fir_planks":2,"minecraft:tall_grass":11,"minecraft:cobblestone":7,"minecraft:spruce_leaves":30,"minecraft:oak_planks":7,"minecraft:large_fern":2,"minecraft:purple_bed":1,"minecraft:cobblestone_wall":1,"minecraft:barrel":4,"minecraft:fire":1,"minecraft:sweet_berry_bush":2,"minecraft:spruce_log":10,"treechop:chopped_log":25,"minecraft:fletching_table":1,"biomesoplenty:fir_log":40,"minecraft:stone_brick_stairs":1,"minecraft:bell":1,"minecraft:grass":9,"minecraft:coal_ore":13,"biomesoplenty:fir_leaves":285,"minecraft:dirt":1,"minecraft:stone":7,"minecraft:stone_bricks":3,"minecraft:oak_leaves":7},"minecraft:dropped":{"minecraft:wheat_seeds":12,"minecraft:apple":7,"minecraft:golden_apple":1,"gravestone:obituary":7,"minecraft:wooden_pickaxe":1},"minecraft:killed_by":{"alexsmobs:crocodile":4,"minecraft:iron_golem":1}},"DataVersion":2586}