{"stats":{"minecraft:mined":{"minecraft:dark_prismarine_stairs":3,"minecraft:spruce_planks":23,"minecraft:white_bed":2,"minecraft:dark_oak_leaves":232,"minecraft:dark_oak_log":95,"minecraft:end_stone":4,"gravestone:gravestone":5,"minecraft:granite":1,"minecraft:grass_block":533,"minecraft:spruce_leaves":313,"minecraft:spawner":2,"biomesoplenty:jacaranda_log":103,"minecraft:spruce_sapling":1,"minecraft:furnace":2,"minecraft:iron_ore":14,"biomesoplenty:lavender":62,"minecraft:andesite":6,"minecraft:green_terracotta":1,"treechop:chopped_log":106,"biomesoplenty:redwood_log":20,"minecraft:vine":1,"minecraft:oak_stairs":1,"minecraft:stone":45,"biomesoplenty:jacaranda_leaves":480,"minecraft:gray_terracotta":1,"biomesoplenty:redwood_planks":9,"minecraft:polished_granite":1,"minecraft:crafting_table":6,"minecraft:torch":4,"minecraft:dark_oak_wood":3,"minecraft:oak_wood":2,"minecraft:melon":1,"biomesoplenty:stripped_jacaranda_log":1,"minecraft:tall_grass":1,"minecraft:cobblestone":9,"biomesoplenty:sprout":1,"minecraft:sugar_cane":2,"minecraft:wall_torch":1,"minecraft:spruce_log":125,"minecraft:light_gray_wool":2,"minecraft:grass":26,"minecraft:black_wool":1,"minecraft:coal_ore":19,"minecraft:oak_log":4,"biomesoplenty:redwood_leaves":76,"minecraft:lime_terracotta":6,"minecraft:dirt":346,"minecraft:cobweb":1,"minecraft:mossy_stone_bricks":3,"minecraft:oak_leaves":43,"minecraft:dark_prismarine":1,"minecraft:dark_oak_planks":3},"minecraft:broken":{"minecraft:iron_shovel":3,"minecraft:iron_axe":1},"minecraft:killed_by":{"alexsmobs:crocodile":2,"minecraft:skeleton":2},"minecraft:used":{"minecraft:iron_shovel":902,"biomesoplenty:redwood_planks":5,"minecraft:chest":4,"minecraft:spruce_planks":85,"minecraft:shield":365,"minecraft:iron_sword":161,"minecraft:bell":1,"minecraft:torch":6,"minecraft:dirt":122,"minecraft:granite":1,"minecraft:spruce_boat":3,"minecraft:dark_oak_planks":23,"minecraft:wooden_axe":9,"minecraft:iron_axe":275,"biomesoplenty:jacaranda_log":1,"minecraft:furnace":3,"minecraft:dark_prismarine_stairs":3,"minecraft:dark_oak_sapling":4,"minecraft:water_bucket":11,"minecraft:mossy_stone_bricks":2,"minecraft:stone_pickaxe":23,"minecraft:oak_planks":2,"minecraft:wooden_pickaxe":6,"biomesoplenty:lavender":1,"minecraft:lime_terracotta":2,"minecraft:crafting_table":9,"minecraft:white_bed":7,"minecraft:end_stone":4,"biomesoplenty:jacaranda_planks":14,"minecraft:dark_prismarine":1,"minecraft:black_wool":2,"minecraft:apple":1,"minecraft:bread":17,"minecraft:iron_pickaxe":90,"minecraft:polished_granite":1,"minecraft:spruce_sapling":5,"minecraft:diamond_sword":11,"minecraft:cooked_porkchop":9,"minecraft:andesite":4,"minecraft:bucket":12,"minecraft:ice":1,"minecraft:bone_meal":6},"minecraft:custom":{"minecraft:mob_kills":38,"minecraft:interact_with_crafting_table":29,"minecraft:bell_ring":30,"minecraft:leave_game":3,"minecraft:time_since_death":73719,"minecraft:climb_one_cm":27246,"minecraft:sprint_one_cm":311928,"minecraft:walk_one_cm":216998,"minecraft:damage_blocked_by_shield":925,"minecraft:drop":94,"minecraft:talked_to_villager":2,"minecraft:sneak_time":26863,"minecraft:deaths":5,"minecraft:walk_under_water_one_cm":3601,"minecraft:boat_one_cm":68863,"minecraft:jump":2492,"minecraft:walk_on_water_one_cm":31907,"minecraft:interact_with_furnace":18,"minecraft:play_one_minute":133234,"minecraft:sleep_in_bed":7,"minecraft:time_since_rest":2997,"minecraft:waystone_activated":3,"minecraft:damage_taken":2241,"minecraft:trigger_trapped_chest":3,"minecraft:damage_dealt":10211,"minecraft:swim_one_cm":34270,"minecraft:fly_one_cm":527951,"minecraft:open_chest":58,"minecraft:crouch_one_cm":74429,"minecraft:fall_one_cm":71334},"minecraft:crafted":{"minecraft:oak_planks":8,"minecraft:furnace":1,"minecraft:bone_meal":18,"minecraft:iron_axe":3,"minecraft:stone_pickaxe":1,"minecraft:chest":4,"minecraft:spruce_boat":2,"minecraft:dark_oak_planks":40,"minecraft:wheat":45,"biomesoplenty:jacaranda_planks":308,"minecraft:cooked_porkchop":10,"minecraft:crafting_table":2,"minecraft:spruce_planks":128,"biomesoplenty:redwood_planks":80,"minecraft:wooden_pickaxe":1,"minecraft:iron_helmet":1,"minecraft:iron_sword":1,"minecraft:bucket":1,"minecraft:bread":16,"minecraft:air":0,"minecraft:shield":2,"minecraft:stick":20,"minecraft:iron_ingot":38,"minecraft:iron_pickaxe":1,"minecraft:wooden_axe":1,"minecraft:iron_shovel":4,"minecraft:iron_leggings":1,"minecraft:white_bed":3,"minecraft:torch":8},"minecraft:dropped":{"minecraft:enchanted_book":1,"minecraft:water_bucket":1,"minecraft:iron_ingot":17,"minecraft:bread":13,"minecraft:wheat_seeds":5,"minecraft:crafting_table":5,"minecraft:cooked_porkchop":1,"minecraft:feather":6,"biomesoplenty:lavender":4,"minecraft:iron_helmet":1,"relics:ice_skates":3,"minecraft:honeycomb":1,"silentgear:sinew":1,"minecraft:stick":9,"minecraft:emerald":1,"minecraft:dirt":277,"minecraft:mutton":2,"minecraft:wooden_axe":3,"minecraft:map":2,"minecraft:iron_leggings":2,"gravestone:obituary":6,"minecraft:gold_nugget":6,"minecraft:iron_axe":1,"minecraft:lily_pad":1,"minecraft:white_wool":1,"minecraft:spruce_sapling":1,"minecraft:bone":3,"minecraft:green_terracotta":1,"minecraft:iron_nugget":21,"minecraft:rotten_flesh":7,"biomesoplenty:redwood_planks":113,"minecraft:white_bed":1,"minecraft:gray_terracotta":1,"minecraft:shield":1,"iceandfire:copper_sword":1,"minecraft:skeleton_skull":2,"minecraft:spruce_planks":7,"minecraft:mossy_stone_bricks":1,"minecraft:oak_sapling":2,"minecraft:chainmail_boots":1,"minecraft:spider_eye":5,"minecraft:bow":2,"minecraft:arrow":4,"minecraft:stone_pickaxe":3,"minecraft:wooden_pickaxe":6,"artifacts:scarf_of_invisibility":2},"minecraft:killed":{"minecraft:cave_spider":2,"minecraft:witch":1,"minecraft:spider":2,"minecraft:slime":1,"iceandfire:stymphalian_bird":1,"minecraft:skeleton":11,"hmag:ghost":1,"minecraft:pig":5,"hmag:hornet":1,"dungeonsmod:pice":1,"farlanders:titan":1,"minecraft:sheep":1,"minecraft:zombie":2,"alexsmobs:crocodile":3,"iceandfire:ghost":3},"minecraft:picked_up":{"minecraft:wooden_axe":2,"biomesoplenty:redwood_log":20,"minecraft:crafting_table":12,"minecraft:diamond_sword":1,"minecraft:wooden_pickaxe":4,"biomesoplenty:jacaranda_sapling":41,"minecraft:enchanted_book":1,"gravestone:obituary":4,"minecraft:shield":1,"silentgear:sinew":1,"minecraft:string":4,"minecraft:iron_axe":1,"minecraft:iron_leggings":1,"farlanders:ender_horn":3,"minecraft:diamond_leggings":1,"minecraft:gold_nugget":4,"minecraft:dark_prismarine_stairs":3,"minecraft:spruce_planks":25,"minecraft:iron_nugget":14,"minecraft:melon_slice":4,"minecraft:sugar_cane":3,"minecraft:furnace":2,"minecraft:dark_oak_sapling":11,"minecraft:stick":43,"minecraft:end_stone":4,"minecraft:torch":5,"minecraft:porkchop":10,"minecraft:green_terracotta":1,"minecraft:dark_oak_planks":2,"biomesoplenty:redwood_planks":121,"minecraft:diamond_chestplate":1,"biomesoplenty:jacaranda_log":103,"minecraft:arrow":7,"minecraft:rotten_flesh":8,"minecraft:hay_block":5,"minecraft:mutton":2,"minecraft:skeleton_skull":1,"minecraft:white_wool":1,"minecraft:cobblestone":57,"biomesoplenty:lavender":355,"relics:ice_skates":3,"minecraft:feather":6,"minecraft:water_bucket":1,"minecraft:andesite":4,"minecraft:ice":1,"minecraft:oak_log":2,"minecraft:lily_pad":9,"minecraft:map":1,"minecraft:dirt":880,"minecraft:polished_granite":1,"minecraft:bone":15,"minecraft:apple":2,"minecraft:gray_terracotta":1,"minecraft:bow":2,"minecraft:wheat_seeds":31,"minecraft:stone_pickaxe":2,"minecraft:iron_ingot":36,"minecraft:iron_ore":14,"minecraft:mossy_stone_bricks":3,"minecraft:honeycomb":1,"minecraft:iron_sword":1,"minecraft:lime_terracotta":2,"alexsmobs:crocodile_egg":2,"minecraft:spruce_sapling":12,"minecraft:white_bed":5,"minecraft:spruce_log":125,"minecraft:dark_oak_log":91,"minecraft:spider_eye":1,"artifacts:scarf_of_invisibility":2,"minecraft:dark_prismarine":1,"minecraft:spruce_boat":1,"minecraft:granite":1,"minecraft:emerald":1,"minecraft:bread":15,"minecraft:oak_sapling":3,"minecraft:black_wool":2,"minecraft:coal":19,"biomesoplenty:stripped_jacaranda_log":1}},"DataVersion":2586}