{"stats":{"minecraft:killed":{"minecraft:cave_spider":8,"minecraft:spider":19,"minecraft:cod":3,"minecraft:skeleton":12,"minecraft:silverfish":2,"alexsmobs:centipede_head":1,"goblintraders:goblin_trader":1,"evolved_rpg:frozen_crab":2,"farlanders:rebel":1,"minecraft:iron_golem":1,"lava_monster:lava_monster":1,"minecraft:pillager":3,"slimier-slimes:rock_slime":2,"alexsmobs:cockroach":1,"minecraft:zombie":6,"iceandfire:ghost":1,"minecraft:stray":4,"minecraft:wither_skeleton":21,"minecraft:cow":5},"minecraft:picked_up":{"minecraft:wooden_axe":1,"minecraft:crafting_table":5,"minecraft:iron_chestplate":1,"iceandfire:witherbone":5,"minecraft:stone_brick_stairs":1,"gravestone:obituary":7,"minecraft:brewing_stand":1,"minecraft:shield":3,"silentgear:sinew":2,"minecraft:string":25,"minecraft:red_nether_bricks":15,"minecraft:iron_leggings":3,"minecraft:cracked_stone_bricks":3,"biomesoplenty:fir_planks":64,"minecraft:spruce_planks":67,"minecraft:beef":9,"minecraft:cobblestone_slab":4,"minecraft:spruce_slab":3,"minecraft:poppy":2,"alexsmobs:raccoon_tail":1,"minecraft:light_gray_wool":3,"minecraft:iron_boots":3,"minecraft:furnace":1,"minecraft:tipped_arrow":2,"minecraft:stick":9,"minecraft:jukebox":1,"minecraft:torch":9,"minecraft:bowl":1,"minecraft:spruce_stairs":1,"slimier-slimes:light_gray_jelly":2,"minecraft:redstone":12,"minecraft:carrot":11,"relics:wool_mitten":2,"artifacts:snorkel":1,"minecraft:diamond_chestplate":2,"minecraft:arrow":21,"minecraft:rotten_flesh":34,"minecraft:nether_bricks":23,"minecraft:diamond_boots":5,"minecraft:hay_block":15,"minecraft:cobblestone":80,"minecraft:iron_bars":29,"minecraft:cod":3,"minecraft:white_wool":10,"iceandfire:sapphire_gem":1,"minecraft:magma_block":26,"minecraft:cooked_beef":2,"minecraft:andesite":9,"minecraft:leather":2,"minecraft:golden_leggings":1,"biomesoplenty:fir_sapling":12,"biomesoplenty:fir_log":39,"minecraft:oak_log":3,"minecraft:cobblestone_wall":1,"minecraft:golden_boots":1,"minecraft:gunpowder":3,"minecraft:dirt":3,"minecraft:polished_granite":5,"minecraft:bone":40,"minecraft:stone_bricks":4,"minecraft:bow":1,"minecraft:wheat_seeds":15,"minecraft:bell":1,"artifacts:kitty_slippers":1,"minecraft:iron_ingot":5,"minecraft:iron_ore":25,"minecraft:diamond_helmet":3,"minecraft:fletching_table":1,"slimier-slimes:blue_jelly":1,"minecraft:iron_sword":2,"minecraft:oak_planks":11,"minecraft:book":6,"minecraft:oak_slab":10,"minecraft:sweet_berries":7,"minecraft:poisonous_potato":3,"minecraft:blast_furnace":1,"minecraft:spruce_sapling":1,"minecraft:nether_brick_stairs":3,"minecraft:spruce_log":42,"minecraft:spider_eye":3,"minecraft:barrel":4,"minecraft:oak_wood":13,"minecraft:purple_bed":1,"waystones:waystone":1,"minecraft:chainmail_leggings":1,"minecraft:granite":5,"minecraft:crossbow":2,"evolved_rpg:everice_shard":3,"minecraft:coal":58},"minecraft:crafted":{"minecraft:oak_planks":64,"minecraft:cobblestone_slab":6,"minecraft:furnace":1,"minecraft:leather":8,"minecraft:iron_axe":1,"minecraft:spruce_slab":12,"minecraft:stone_pickaxe":2,"minecraft:chest":2,"sophisticatedbackpacks:iron_backpack":2,"minecraft:wheat":135,"minecraft:smoker":1,"minecraft:cooked_beef":8,"sophisticatedbackpacks:backpack":2,"minecraft:crafting_table":8,"minecraft:spruce_planks":148,"minecraft:iron_helmet":2,"minecraft:wooden_pickaxe":2,"minecraft:cooked_salmon":16,"sophisticatedbackpacks:gold_backpack":1,"minecraft:stone_axe":2,"minecraft:bread":46,"minecraft:air":0,"biomesoplenty:fir_planks":124,"minecraft:oak_boat":1,"minecraft:diamond_pickaxe":1,"minecraft:iron_ingot":40,"minecraft:stick":44,"minecraft:iron_pickaxe":1,"minecraft:wooden_axe":2,"minecraft:torch":60},"minecraft:custom":{"minecraft:mob_kills":109,"minecraft:interact_with_crafting_table":28,"minecraft:open_barrel":4,"goblintraders:trade_with_goblin":20,"minecraft:eat_cake_slice":7,"minecraft:time_since_death":89090,"minecraft:climb_one_cm":20068,"minecraft:sprint_one_cm":475442,"minecraft:walk_one_cm":525852,"minecraft:damage_blocked_by_shield":872,"minecraft:drop":101,"minecraft:deaths":9,"minecraft:sneak_time":39797,"minecraft:walk_under_water_one_cm":7614,"minecraft:boat_one_cm":10949,"minecraft:jump":1758,"minecraft:walk_on_water_one_cm":22274,"minecraft:interact_with_furnace":8,"minecraft:play_one_minute":197299,"minecraft:sleep_in_bed":2,"minecraft:time_since_rest":89119,"minecraft:waystone_activated":3,"minecraft:damage_absorbed":183,"minecraft:damage_taken":6657,"minecraft:trigger_trapped_chest":1,"minecraft:damage_dealt":21641,"minecraft:swim_one_cm":33917,"minecraft:fly_one_cm":321145,"minecraft:open_chest":109,"minecraft:crouch_one_cm":100911,"minecraft:interact_with_smoker":8,"minecraft:fall_one_cm":38715},"minecraft:used":{"sophisticatedbackpacks:iron_backpack":1,"minecraft:iron_bars":2,"minecraft:spruce_slab":12,"minecraft:spruce_planks":176,"minecraft:shield":21,"minecraft:iron_sword":142,"minecraft:cooked_salmon":15,"minecraft:torch":118,"minecraft:dirt":1,"minecraft:nether_bricks":1,"minecraft:spruce_stairs":1,"minecraft:carrot":19,"minecraft:nether_brick_stairs":1,"minecraft:wooden_axe":34,"minecraft:lava_bucket":1,"minecraft:iron_axe":158,"minecraft:light_gray_wool":3,"minecraft:magma_block":4,"minecraft:sweet_berries":11,"minecraft:furnace":1,"minecraft:cooked_beef":2,"minecraft:enchanted_golden_apple":1,"minecraft:stone_pickaxe":52,"minecraft:oak_planks":68,"minecraft:ender_pearl":1,"minecraft:wooden_pickaxe":15,"biomesoplenty:fir_planks":56,"minecraft:cobblestone_slab":7,"minecraft:golden_apple":1,"minecraft:white_wool":10,"minecraft:oak_slab":10,"minecraft:crafting_table":10,"minecraft:crossbow":12,"minecraft:cod":3,"hmag:spectral_soup":1,"minecraft:smoker":1,"minecraft:diamond_pickaxe":98,"minecraft:apple":14,"minecraft:bread":47,"minecraft:iron_pickaxe":215,"minecraft:polished_granite":2,"minecraft:stone_axe":128,"minecraft:diamond_sword":306,"minecraft:cobblestone":73,"minecraft:bucket":2,"minecraft:oak_boat":1},"minecraft:mined":{"biomesoplenty:watergrass":3,"minecraft:spruce_planks":54,"minecraft:mossy_cobblestone":1,"evolved_rpg:everice_ore":4,"minecraft:jack_o_lantern":1,"minecraft:red_nether_bricks":17,"iceandfire:frozen_cobblestone":8,"minecraft:brewing_stand":1,"minecraft:nether_bricks":25,"gravestone:gravestone":5,"minecraft:granite":6,"iceandfire:frozen_stone":6,"minecraft:grass_block":1,"slimier-slimes:light_gray_slimy_stone":2,"minecraft:spruce_leaves":35,"minecraft:spawner":39,"minecraft:large_fern":4,"minecraft:hay_block":15,"minecraft:magma_block":34,"minecraft:furnace":1,"minecraft:iron_ore":25,"minecraft:fire":7,"minecraft:barrel":4,"minecraft:andesite":10,"treechop:chopped_log":25,"minecraft:fletching_table":1,"minecraft:nether_brick_stairs":4,"minecraft:bell":1,"minecraft:bookshelf":2,"minecraft:vine":6,"minecraft:cobblestone_slab":3,"minecraft:iron_bars":24,"minecraft:stone":41,"minecraft:spruce_slab":2,"minecraft:white_wool":12,"minecraft:oak_slab":7,"minecraft:polished_granite":3,"minecraft:crafting_table":5,"minecraft:torch":4,"minecraft:blast_furnace":1,"minecraft:oak_wood":15,"biomesoplenty:fir_planks":4,"minecraft:tall_grass":11,"minecraft:cobblestone":52,"minecraft:oak_planks":12,"minecraft:bricks":1,"minecraft:wall_torch":3,"minecraft:spruce_stairs":1,"minecraft:purple_bed":1,"minecraft:cobblestone_wall":1,"minecraft:ice":2,"minecraft:sweet_berry_bush":3,"minecraft:jukebox":1,"minecraft:spruce_log":42,"minecraft:light_gray_wool":3,"minecraft:tnt":1,"minecraft:stone_brick_stairs":1,"biomesoplenty:fir_log":40,"minecraft:grass":11,"minecraft:coal_ore":48,"minecraft:oak_log":3,"biomesoplenty:fir_leaves":285,"minecraft:dirt":2,"minecraft:cracked_stone_bricks":5,"minecraft:stone_bricks":4,"minecraft:oak_leaves":7},"minecraft:broken":{"minecraft:iron_boots":1,"minecraft:stone_axe":1},"minecraft:dropped":{"minecraft:iron_ingot":3,"minecraft:iron_sword":3,"minecraft:wheat_seeds":12,"minecraft:cooked_beef":6,"minecraft:baked_potato":4,"minecraft:crafting_table":1,"minecraft:iron_helmet":1,"minecraft:cobblestone":6,"minecraft:apple":7,"minecraft:granite":5,"minecraft:cracked_stone_bricks":3,"silentgear:sinew":2,"minecraft:golden_apple":2,"minecraft:stick":6,"minecraft:wooden_axe":1,"minecraft:cooked_salmon":1,"minecraft:diamond_helmet":1,"minecraft:iron_leggings":2,"gravestone:obituary":16,"minecraft:iron_axe":1,"minecraft:iron_pickaxe":1,"relics:wool_mitten":1,"slimier-slimes:light_gray_jelly":2,"minecraft:redstone":18,"minecraft:bowl":1,"minecraft:wheat":1,"minecraft:iron_boots":1,"minecraft:carrot":4,"minecraft:nether_bricks":1,"minecraft:diamond_sword":1,"minecraft:cobblestone_slab":3,"minecraft:shield":3,"biomesoplenty:fir_planks":2,"minecraft:diamond_chestplate":1,"minecraft:spruce_planks":4,"minecraft:iron_chestplate":2,"minecraft:golden_leggings":1,"minecraft:stone_bricks":1,"minecraft:diamond_boots":2,"minecraft:spruce_log":1,"minecraft:spruce_slab":3,"minecraft:iron_bars":23,"minecraft:bow":1,"minecraft:wooden_pickaxe":1,"minecraft:magma_block":9,"minecraft:polished_granite":3},"minecraft:killed_by":{"minecraft:iron_golem":1,"alexsmobs:crocodile":4,"evolved_rpg:frozen_crab":1,"minecraft:zombie":1,"minecraft:vex":1}},"DataVersion":2586}