{"stats":{"minecraft:mined":{"minecraft:dark_prismarine_stairs":1,"minecraft:spruce_planks":23,"minecraft:white_bed":2,"minecraft:dark_oak_leaves":14,"minecraft:end_stone":4,"gravestone:gravestone":5,"minecraft:granite":1,"minecraft:grass_block":490,"minecraft:spruce_leaves":1,"minecraft:spawner":2,"biomesoplenty:jacaranda_log":98,"minecraft:furnace":2,"minecraft:iron_ore":14,"biomesoplenty:lavender":22,"minecraft:green_terracotta":1,"treechop:chopped_log":29,"biomesoplenty:redwood_log":20,"minecraft:vine":1,"minecraft:oak_stairs":1,"minecraft:stone":11,"biomesoplenty:jacaranda_leaves":480,"minecraft:gray_terracotta":1,"biomesoplenty:redwood_planks":9,"minecraft:polished_granite":1,"minecraft:crafting_table":6,"minecraft:dark_oak_wood":3,"minecraft:oak_wood":2,"minecraft:melon":1,"minecraft:tall_grass":1,"minecraft:cobblestone":9,"biomesoplenty:sprout":1,"minecraft:sugar_cane":2,"minecraft:spruce_log":5,"minecraft:light_gray_wool":2,"minecraft:grass":14,"minecraft:black_wool":1,"minecraft:oak_log":4,"biomesoplenty:redwood_leaves":76,"minecraft:lime_terracotta":6,"minecraft:dirt":314,"minecraft:cobweb":1,"minecraft:mossy_stone_bricks":3,"minecraft:oak_leaves":4,"minecraft:dark_oak_planks":3},"minecraft:broken":{"minecraft:iron_shovel":3},"minecraft:killed_by":{"alexsmobs:crocodile":2,"minecraft:skeleton":2},"minecraft:used":{"minecraft:iron_shovel":817,"biomesoplenty:redwood_planks":5,"minecraft:chest":4,"minecraft:spruce_planks":85,"minecraft:shield":365,"minecraft:iron_sword":102,"minecraft:bell":1,"minecraft:dirt":37,"minecraft:granite":1,"minecraft:spruce_boat":3,"minecraft:dark_oak_planks":23,"minecraft:wooden_axe":9,"minecraft:iron_axe":167,"minecraft:furnace":3,"minecraft:dark_prismarine_stairs":1,"minecraft:water_bucket":11,"minecraft:mossy_stone_bricks":2,"minecraft:stone_pickaxe":23,"minecraft:oak_planks":2,"minecraft:wooden_pickaxe":6,"biomesoplenty:lavender":1,"minecraft:lime_terracotta":2,"minecraft:crafting_table":9,"minecraft:white_bed":7,"minecraft:end_stone":4,"minecraft:black_wool":2,"minecraft:apple":1,"minecraft:bread":17,"minecraft:iron_pickaxe":28,"minecraft:polished_granite":1,"minecraft:cooked_porkchop":6,"minecraft:bucket":12},"minecraft:custom":{"minecraft:mob_kills":31,"minecraft:interact_with_crafting_table":28,"minecraft:bell_ring":30,"minecraft:leave_game":3,"minecraft:time_since_death":49719,"minecraft:climb_one_cm":19627,"minecraft:sprint_one_cm":270207,"minecraft:walk_one_cm":159430,"minecraft:damage_blocked_by_shield":925,"minecraft:drop":88,"minecraft:talked_to_villager":2,"minecraft:sneak_time":23250,"minecraft:deaths":5,"minecraft:walk_under_water_one_cm":3601,"minecraft:boat_one_cm":68863,"minecraft:jump":2075,"minecraft:walk_on_water_one_cm":31907,"minecraft:interact_with_furnace":17,"minecraft:play_one_minute":109234,"minecraft:sleep_in_bed":6,"minecraft:time_since_rest":17693,"minecraft:waystone_activated":2,"minecraft:damage_taken":2132,"minecraft:trigger_trapped_chest":3,"minecraft:damage_dealt":7622,"minecraft:swim_one_cm":34270,"minecraft:fly_one_cm":460875,"minecraft:open_chest":41,"minecraft:crouch_one_cm":64908,"minecraft:fall_one_cm":58811},"minecraft:crafted":{"minecraft:oak_planks":8,"minecraft:furnace":1,"minecraft:iron_axe":2,"minecraft:stone_pickaxe":1,"minecraft:chest":4,"minecraft:spruce_boat":2,"minecraft:dark_oak_planks":40,"minecraft:wheat":45,"biomesoplenty:jacaranda_planks":20,"minecraft:cooked_porkchop":10,"minecraft:crafting_table":2,"minecraft:spruce_planks":120,"biomesoplenty:redwood_planks":80,"minecraft:wooden_pickaxe":1,"minecraft:iron_helmet":1,"minecraft:iron_sword":1,"minecraft:bucket":1,"minecraft:bread":16,"minecraft:air":0,"minecraft:shield":2,"minecraft:stick":16,"minecraft:iron_ingot":38,"minecraft:iron_pickaxe":1,"minecraft:wooden_axe":1,"minecraft:iron_shovel":4,"minecraft:iron_leggings":1,"minecraft:white_bed":3},"minecraft:dropped":{"minecraft:enchanted_book":1,"minecraft:water_bucket":1,"minecraft:iron_ingot":17,"minecraft:bread":13,"minecraft:wheat_seeds":5,"minecraft:crafting_table":5,"minecraft:cooked_porkchop":1,"minecraft:feather":6,"biomesoplenty:lavender":4,"minecraft:iron_helmet":1,"relics:ice_skates":3,"silentgear:sinew":1,"minecraft:stick":9,"minecraft:emerald":1,"minecraft:mutton":2,"minecraft:wooden_axe":3,"minecraft:map":2,"minecraft:iron_leggings":2,"gravestone:obituary":6,"minecraft:gold_nugget":6,"minecraft:iron_axe":1,"minecraft:lily_pad":1,"minecraft:white_wool":1,"minecraft:spruce_sapling":1,"minecraft:bone":3,"minecraft:green_terracotta":1,"minecraft:iron_nugget":21,"minecraft:rotten_flesh":7,"biomesoplenty:redwood_planks":113,"minecraft:white_bed":1,"minecraft:gray_terracotta":1,"minecraft:shield":1,"iceandfire:copper_sword":1,"minecraft:skeleton_skull":2,"minecraft:spruce_planks":7,"minecraft:mossy_stone_bricks":1,"minecraft:oak_sapling":2,"minecraft:chainmail_boots":1,"minecraft:spider_eye":5,"minecraft:bow":2,"minecraft:arrow":4,"minecraft:stone_pickaxe":3,"minecraft:wooden_pickaxe":6,"artifacts:scarf_of_invisibility":2},"minecraft:killed":{"minecraft:cave_spider":2,"minecraft:witch":1,"minecraft:slime":1,"iceandfire:stymphalian_bird":1,"minecraft:skeleton":11,"hmag:ghost":1,"minecraft:pig":5,"farlanders:titan":1,"minecraft:sheep":1,"alexsmobs:crocodile":2,"iceandfire:ghost":3},"minecraft:picked_up":{"minecraft:wooden_axe":2,"biomesoplenty:redwood_log":20,"minecraft:crafting_table":12,"minecraft:wooden_pickaxe":4,"biomesoplenty:jacaranda_sapling":40,"minecraft:enchanted_book":1,"gravestone:obituary":4,"minecraft:shield":1,"silentgear:sinew":1,"minecraft:string":2,"minecraft:iron_axe":1,"minecraft:iron_leggings":1,"farlanders:ender_horn":3,"minecraft:gold_nugget":4,"minecraft:dark_prismarine_stairs":1,"minecraft:spruce_planks":25,"minecraft:iron_nugget":14,"minecraft:melon_slice":4,"minecraft:sugar_cane":3,"minecraft:furnace":2,"minecraft:stick":24,"minecraft:end_stone":4,"minecraft:porkchop":10,"minecraft:green_terracotta":1,"minecraft:dark_oak_planks":2,"biomesoplenty:redwood_planks":121,"biomesoplenty:jacaranda_log":98,"minecraft:arrow":7,"minecraft:rotten_flesh":7,"minecraft:hay_block":5,"minecraft:mutton":2,"minecraft:skeleton_skull":1,"minecraft:white_wool":1,"minecraft:cobblestone":23,"biomesoplenty:lavender":296,"relics:ice_skates":3,"minecraft:feather":6,"minecraft:water_bucket":1,"minecraft:oak_log":2,"minecraft:lily_pad":9,"minecraft:map":1,"minecraft:dirt":806,"minecraft:polished_granite":1,"minecraft:bone":15,"minecraft:apple":1,"minecraft:gray_terracotta":1,"minecraft:bow":2,"minecraft:wheat_seeds":29,"minecraft:stone_pickaxe":2,"minecraft:iron_ingot":36,"minecraft:iron_ore":14,"minecraft:mossy_stone_bricks":3,"minecraft:iron_sword":1,"minecraft:lime_terracotta":2,"alexsmobs:crocodile_egg":1,"minecraft:spruce_sapling":1,"minecraft:white_bed":5,"minecraft:spruce_log":5,"artifacts:scarf_of_invisibility":2,"minecraft:spruce_boat":1,"minecraft:granite":1,"minecraft:emerald":1,"minecraft:bread":15,"minecraft:oak_sapling":2,"minecraft:black_wool":2}},"DataVersion":2586}