{"stats":{"minecraft:picked_up":{"minecraft:crafting_table":1,"minecraft:stick":5,"minecraft:wheat_seeds":12,"biomesoplenty:fir_sapling":3,"biomesoplenty:fir_log":13,"gravestone:obituary":1,"minecraft:dirt":1},"minecraft:crafted":{"biomesoplenty:fir_planks":20,"minecraft:crafting_table":1,"minecraft:stick":4,"minecraft:wooden_axe":1},"minecraft:used":{"minecraft:wooden_axe":22,"minecraft:crafting_table":1},"minecraft:custom":{"minecraft:time_since_rest":1107,"minecraft:play_one_minute":5299,"minecraft:sprint_one_cm":17098,"minecraft:deaths":3,"minecraft:damage_taken":630,"minecraft:walk_one_cm":3451,"minecraft:sneak_time":43,"minecraft:walk_under_water_one_cm":207,"minecraft:drop":14,"minecraft:jump":211,"minecraft:damage_dealt":77,"minecraft:time_since_death":1078,"minecraft:walk_on_water_one_cm":1075,"minecraft:swim_one_cm":15141,"minecraft:interact_with_crafting_table":1,"minecraft:fall_one_cm":1881,"minecraft:fly_one_cm":71885},"minecraft:mined":{"gravestone:gravestone":1,"minecraft:grass":6,"minecraft:grass_block":1,"biomesoplenty:watergrass":2,"biomesoplenty:fir_leaves":80,"minecraft:tall_grass":9,"treechop:chopped_log":8,"biomesoplenty:fir_log":13,"minecraft:crafting_table":1},"minecraft:dropped":{"gravestone:obituary":4,"minecraft:wheat_seeds":10},"minecraft:killed_by":{"alexsmobs:crocodile":3}},"DataVersion":2586}