{"stats":{"minecraft:custom":{"minecraft:time_since_rest":5076,"minecraft:play_one_minute":5980,"minecraft:crouch_one_cm":1271,"minecraft:walk_one_cm":10998,"minecraft:sprint_one_cm":30487,"minecraft:damage_taken":230,"minecraft:deaths":1,"minecraft:sneak_time":727,"minecraft:walk_under_water_one_cm":294,"minecraft:drop":1,"minecraft:jump":192,"minecraft:walk_on_water_one_cm":530,"minecraft:damage_dealt":25,"minecraft:time_since_death":5041,"minecraft:climb_one_cm":606,"minecraft:open_chest":2,"minecraft:swim_one_cm":1384,"minecraft:interact_with_crafting_table":1,"minecraft:fall_one_cm":3181,"minecraft:fly_one_cm":48387,"minecraft:interact_with_furnace":1},"minecraft:picked_up":{"minecraft:stick":4,"minecraft:crafting_table":1,"minecraft:apple":1,"minecraft:oak_log":2,"minecraft:spruce_sapling":1,"minecraft:spruce_log":1,"minecraft:oak_sapling":1},"minecraft:crafted":{"minecraft:oak_planks":8,"minecraft:crafting_table":1,"minecraft:spruce_planks":4,"minecraft:stick":4,"minecraft:wooden_axe":1},"minecraft:killed_by":{"alexsmobs:crocodile":1},"minecraft:dropped":{"gravestone:obituary":1},"minecraft:mined":{"gravestone:gravestone":1,"minecraft:grass":3,"minecraft:oak_log":2,"minecraft:dark_oak_leaves":7,"biomesoplenty:sprout":1,"minecraft:spruce_log":1,"minecraft:oak_leaves":4,"minecraft:crafting_table":1,"minecraft:dark_oak_wood":3},"minecraft:used":{"minecraft:wooden_axe":5,"minecraft:crafting_table":1,"minecraft:spruce_planks":1,"minecraft:oak_planks":2}},"DataVersion":2586}