{"stats":{"minecraft:killed":{"minecraft:cave_spider":8,"minecraft:spider":18,"minecraft:cod":3,"minecraft:skeleton":11,"evolved_rpg:frozen_crab":2,"minecraft:iron_golem":1,"minecraft:pillager":3,"slimier-slimes:rock_slime":2,"minecraft:zombie":3,"iceandfire:ghost":1,"minecraft:stray":2,"minecraft:wither_skeleton":6,"minecraft:cow":5},"minecraft:picked_up":{"minecraft:wooden_axe":1,"minecraft:crafting_table":5,"minecraft:iron_chestplate":1,"iceandfire:witherbone":1,"minecraft:stone_brick_stairs":1,"gravestone:obituary":7,"minecraft:brewing_stand":1,"minecraft:shield":3,"silentgear:sinew":2,"minecraft:string":25,"minecraft:iron_leggings":1,"minecraft:cracked_stone_bricks":3,"biomesoplenty:fir_planks":2,"minecraft:spruce_planks":51,"minecraft:beef":9,"minecraft:cobblestone_slab":4,"minecraft:spruce_slab":3,"minecraft:poppy":2,"alexsmobs:raccoon_tail":1,"minecraft:light_gray_wool":3,"minecraft:furnace":1,"minecraft:tipped_arrow":1,"minecraft:stick":9,"minecraft:jukebox":1,"minecraft:torch":8,"minecraft:bowl":1,"minecraft:spruce_stairs":1,"slimier-slimes:light_gray_jelly":2,"minecraft:redstone":12,"minecraft:carrot":11,"relics:wool_mitten":2,"artifacts:snorkel":1,"minecraft:arrow":17,"minecraft:rotten_flesh":29,"minecraft:nether_bricks":2,"minecraft:diamond_boots":4,"minecraft:hay_block":15,"minecraft:cobblestone":54,"minecraft:iron_bars":25,"minecraft:cod":3,"minecraft:white_wool":10,"minecraft:magma_block":9,"minecraft:cooked_beef":2,"minecraft:leather":2,"minecraft:golden_leggings":1,"biomesoplenty:fir_sapling":12,"biomesoplenty:fir_log":39,"minecraft:oak_log":3,"minecraft:cobblestone_wall":1,"minecraft:golden_boots":1,"minecraft:gunpowder":3,"minecraft:dirt":2,"minecraft:polished_granite":5,"minecraft:bone":21,"minecraft:stone_bricks":4,"minecraft:bow":1,"minecraft:wheat_seeds":15,"minecraft:bell":1,"artifacts:kitty_slippers":1,"minecraft:iron_ingot":5,"minecraft:iron_ore":14,"minecraft:diamond_helmet":1,"minecraft:fletching_table":1,"slimier-slimes:blue_jelly":1,"minecraft:iron_sword":2,"minecraft:oak_planks":11,"minecraft:book":6,"minecraft:oak_slab":10,"minecraft:sweet_berries":7,"minecraft:poisonous_potato":3,"minecraft:spruce_sapling":1,"minecraft:nether_brick_stairs":1,"minecraft:spruce_log":42,"minecraft:spider_eye":3,"minecraft:barrel":4,"minecraft:oak_wood":13,"minecraft:purple_bed":1,"waystones:waystone":1,"minecraft:chainmail_leggings":1,"minecraft:granite":5,"minecraft:crossbow":2,"minecraft:coal":40},"minecraft:crafted":{"minecraft:oak_planks":64,"minecraft:cobblestone_slab":6,"minecraft:furnace":1,"minecraft:leather":8,"minecraft:iron_axe":1,"minecraft:spruce_slab":12,"minecraft:stone_pickaxe":2,"minecraft:chest":2,"sophisticatedbackpacks:iron_backpack":2,"minecraft:wheat":90,"minecraft:smoker":1,"minecraft:cooked_beef":8,"sophisticatedbackpacks:backpack":2,"minecraft:crafting_table":7,"minecraft:spruce_planks":148,"minecraft:wooden_pickaxe":2,"minecraft:cooked_salmon":16,"minecraft:stone_axe":2,"minecraft:bread":31,"minecraft:air":0,"biomesoplenty:fir_planks":124,"minecraft:oak_boat":1,"minecraft:diamond_pickaxe":1,"minecraft:iron_ingot":28,"minecraft:stick":44,"minecraft:iron_pickaxe":1,"minecraft:wooden_axe":2,"minecraft:torch":60},"minecraft:custom":{"minecraft:mob_kills":70,"minecraft:interact_with_crafting_table":24,"minecraft:open_barrel":3,"goblintraders:trade_with_goblin":14,"minecraft:eat_cake_slice":7,"minecraft:time_since_death":23090,"minecraft:climb_one_cm":14476,"minecraft:sprint_one_cm":277841,"minecraft:walk_one_cm":331340,"minecraft:damage_blocked_by_shield":666,"minecraft:drop":80,"minecraft:deaths":9,"minecraft:sneak_time":24097,"minecraft:walk_under_water_one_cm":6513,"minecraft:boat_one_cm":10949,"minecraft:jump":1372,"minecraft:walk_on_water_one_cm":9492,"minecraft:interact_with_furnace":8,"minecraft:play_one_minute":131299,"minecraft:sleep_in_bed":2,"minecraft:time_since_rest":23119,"minecraft:waystone_activated":2,"minecraft:damage_taken":4599,"minecraft:trigger_trapped_chest":1,"minecraft:damage_dealt":14264,"minecraft:swim_one_cm":30425,"minecraft:fly_one_cm":285399,"minecraft:open_chest":62,"minecraft:crouch_one_cm":46439,"minecraft:interact_with_smoker":7,"minecraft:fall_one_cm":31025},"minecraft:used":{"sophisticatedbackpacks:iron_backpack":1,"minecraft:iron_bars":2,"minecraft:spruce_slab":12,"minecraft:spruce_planks":114,"minecraft:shield":16,"minecraft:cooked_salmon":9,"minecraft:torch":88,"minecraft:dirt":1,"minecraft:nether_bricks":1,"minecraft:spruce_stairs":1,"minecraft:carrot":19,"minecraft:nether_brick_stairs":1,"minecraft:wooden_axe":34,"minecraft:iron_axe":113,"minecraft:light_gray_wool":3,"minecraft:sweet_berries":8,"minecraft:furnace":1,"minecraft:cooked_beef":2,"minecraft:stone_pickaxe":52,"minecraft:oak_planks":68,"minecraft:ender_pearl":1,"minecraft:wooden_pickaxe":15,"biomesoplenty:fir_planks":23,"minecraft:cobblestone_slab":7,"minecraft:white_wool":10,"minecraft:oak_slab":10,"minecraft:crafting_table":10,"minecraft:crossbow":7,"minecraft:cod":3,"hmag:spectral_soup":1,"minecraft:smoker":1,"minecraft:diamond_pickaxe":1,"minecraft:apple":7,"minecraft:bread":21,"minecraft:iron_pickaxe":134,"minecraft:polished_granite":2,"minecraft:stone_axe":128,"minecraft:diamond_sword":183,"minecraft:cobblestone":66,"minecraft:oak_boat":1},"minecraft:mined":{"biomesoplenty:watergrass":3,"minecraft:spruce_planks":36,"minecraft:mossy_cobblestone":1,"minecraft:red_nether_bricks":1,"minecraft:brewing_stand":1,"minecraft:nether_bricks":1,"gravestone:gravestone":5,"minecraft:granite":6,"minecraft:grass_block":1,"slimier-slimes:light_gray_slimy_stone":2,"minecraft:spruce_leaves":35,"minecraft:spawner":20,"minecraft:large_fern":4,"minecraft:hay_block":15,"minecraft:magma_block":10,"minecraft:furnace":1,"minecraft:iron_ore":14,"minecraft:fire":1,"minecraft:barrel":4,"treechop:chopped_log":25,"minecraft:fletching_table":1,"minecraft:nether_brick_stairs":2,"minecraft:bell":1,"minecraft:bookshelf":2,"minecraft:vine":5,"minecraft:cobblestone_slab":3,"minecraft:iron_bars":20,"minecraft:stone":19,"minecraft:spruce_slab":2,"minecraft:white_wool":12,"minecraft:oak_slab":7,"minecraft:polished_granite":3,"minecraft:crafting_table":5,"minecraft:torch":4,"minecraft:oak_wood":15,"biomesoplenty:fir_planks":2,"minecraft:tall_grass":11,"minecraft:cobblestone":40,"minecraft:oak_planks":12,"minecraft:bricks":1,"minecraft:wall_torch":2,"minecraft:spruce_stairs":1,"minecraft:purple_bed":1,"minecraft:cobblestone_wall":1,"minecraft:sweet_berry_bush":3,"minecraft:jukebox":1,"minecraft:spruce_log":42,"minecraft:light_gray_wool":3,"minecraft:tnt":1,"minecraft:stone_brick_stairs":1,"biomesoplenty:fir_log":40,"minecraft:grass":11,"minecraft:coal_ore":36,"minecraft:oak_log":3,"biomesoplenty:fir_leaves":285,"minecraft:dirt":1,"minecraft:cracked_stone_bricks":5,"minecraft:stone_bricks":4,"minecraft:oak_leaves":7},"minecraft:broken":{"minecraft:stone_axe":1},"minecraft:dropped":{"minecraft:iron_sword":3,"minecraft:wheat_seeds":12,"minecraft:cooked_beef":4,"minecraft:cobblestone":6,"minecraft:apple":7,"minecraft:granite":5,"minecraft:cracked_stone_bricks":3,"silentgear:sinew":2,"minecraft:golden_apple":1,"minecraft:stick":6,"minecraft:wooden_axe":1,"minecraft:cooked_salmon":1,"minecraft:iron_leggings":1,"gravestone:obituary":16,"minecraft:iron_axe":1,"slimier-slimes:light_gray_jelly":2,"minecraft:redstone":18,"minecraft:bowl":1,"minecraft:wheat":1,"minecraft:nether_bricks":1,"minecraft:cobblestone_slab":3,"minecraft:shield":3,"minecraft:spruce_planks":4,"minecraft:iron_chestplate":2,"minecraft:golden_leggings":1,"minecraft:stone_bricks":1,"minecraft:diamond_boots":2,"minecraft:spruce_log":1,"minecraft:spruce_slab":3,"minecraft:iron_bars":23,"minecraft:bow":1,"minecraft:wooden_pickaxe":1,"minecraft:magma_block":9,"minecraft:polished_granite":3},"minecraft:killed_by":{"minecraft:iron_golem":1,"alexsmobs:crocodile":4,"evolved_rpg:frozen_crab":1,"minecraft:zombie":1,"minecraft:vex":1}},"DataVersion":2586}