{"stats":{"minecraft:killed":{"minecraft:cave_spider":3,"minecraft:spider":2,"minecraft:cod":3,"minecraft:skeleton":6,"minecraft:iron_golem":1,"minecraft:pillager":3,"minecraft:cow":5},"minecraft:picked_up":{"minecraft:crafting_table":5,"minecraft:iron_chestplate":1,"minecraft:stone_brick_stairs":1,"gravestone:obituary":7,"minecraft:brewing_stand":1,"minecraft:shield":1,"silentgear:sinew":2,"minecraft:string":4,"minecraft:iron_leggings":1,"biomesoplenty:fir_planks":2,"minecraft:spruce_planks":23,"minecraft:beef":9,"minecraft:poppy":2,"alexsmobs:raccoon_tail":1,"minecraft:light_gray_wool":3,"minecraft:furnace":1,"minecraft:stick":9,"minecraft:jukebox":1,"minecraft:torch":1,"minecraft:spruce_stairs":1,"minecraft:carrot":11,"relics:wool_mitten":1,"minecraft:arrow":8,"minecraft:rotten_flesh":28,"minecraft:hay_block":5,"minecraft:cobblestone":24,"minecraft:iron_bars":1,"minecraft:cod":3,"minecraft:white_wool":10,"minecraft:leather":2,"minecraft:golden_leggings":1,"biomesoplenty:fir_sapling":12,"biomesoplenty:fir_log":39,"minecraft:oak_log":3,"minecraft:cobblestone_wall":1,"minecraft:golden_boots":1,"minecraft:gunpowder":3,"minecraft:dirt":2,"minecraft:polished_granite":2,"minecraft:bone":8,"minecraft:stone_bricks":4,"minecraft:wheat_seeds":14,"minecraft:bell":1,"minecraft:iron_ingot":5,"minecraft:iron_ore":11,"minecraft:fletching_table":1,"minecraft:oak_planks":11,"minecraft:oak_slab":10,"minecraft:sweet_berries":7,"minecraft:poisonous_potato":3,"minecraft:spruce_sapling":1,"minecraft:spruce_log":25,"minecraft:spider_eye":1,"minecraft:barrel":4,"minecraft:oak_wood":13,"minecraft:purple_bed":1,"waystones:waystone":1,"minecraft:granite":5,"minecraft:crossbow":2,"minecraft:coal":37},"minecraft:crafted":{"minecraft:oak_planks":64,"minecraft:furnace":1,"minecraft:leather":5,"minecraft:iron_axe":1,"minecraft:stone_pickaxe":2,"minecraft:chest":1,"sophisticatedbackpacks:iron_backpack":1,"minecraft:wheat":45,"minecraft:smoker":1,"sophisticatedbackpacks:backpack":1,"minecraft:crafting_table":3,"minecraft:spruce_planks":84,"minecraft:wooden_pickaxe":2,"minecraft:stone_axe":2,"minecraft:bread":16,"minecraft:air":0,"biomesoplenty:fir_planks":124,"minecraft:oak_boat":1,"minecraft:stick":32,"minecraft:iron_pickaxe":1,"minecraft:wooden_axe":1,"minecraft:torch":4},"minecraft:used":{"minecraft:spruce_planks":70,"minecraft:torch":13,"minecraft:dirt":1,"minecraft:spruce_stairs":1,"minecraft:carrot":19,"minecraft:wooden_axe":22,"minecraft:iron_axe":54,"minecraft:light_gray_wool":3,"minecraft:sweet_berries":8,"minecraft:furnace":1,"minecraft:stone_pickaxe":51,"minecraft:oak_planks":68,"minecraft:ender_pearl":1,"minecraft:wooden_pickaxe":15,"biomesoplenty:fir_planks":23,"minecraft:white_wool":10,"minecraft:oak_slab":10,"minecraft:crafting_table":6,"minecraft:crossbow":6,"minecraft:cod":3,"minecraft:smoker":1,"minecraft:apple":7,"minecraft:bread":7,"minecraft:iron_pickaxe":37,"minecraft:polished_granite":2,"minecraft:stone_axe":128,"minecraft:oak_boat":1},"minecraft:custom":{"minecraft:mob_kills":24,"minecraft:interact_with_crafting_table":16,"minecraft:open_barrel":3,"minecraft:time_since_death":19226,"minecraft:climb_one_cm":11935,"minecraft:sprint_one_cm":136130,"minecraft:walk_one_cm":87673,"minecraft:drop":37,"minecraft:deaths":7,"minecraft:sneak_time":15098,"minecraft:walk_under_water_one_cm":6513,"minecraft:boat_one_cm":10949,"minecraft:jump":1103,"minecraft:walk_on_water_one_cm":7400,"minecraft:interact_with_furnace":4,"minecraft:play_one_minute":65299,"minecraft:sleep_in_bed":2,"minecraft:time_since_rest":6782,"minecraft:waystone_activated":2,"minecraft:damage_taken":2439,"minecraft:damage_dealt":5131,"minecraft:swim_one_cm":30425,"minecraft:fly_one_cm":275808,"minecraft:open_chest":23,"minecraft:crouch_one_cm":27900,"minecraft:interact_with_smoker":4,"minecraft:fall_one_cm":29079},"minecraft:mined":{"biomesoplenty:watergrass":3,"minecraft:spruce_planks":24,"minecraft:brewing_stand":1,"gravestone:gravestone":3,"minecraft:granite":6,"minecraft:grass_block":1,"minecraft:spruce_leaves":34,"minecraft:spawner":6,"minecraft:large_fern":2,"minecraft:hay_block":5,"minecraft:furnace":1,"minecraft:iron_ore":11,"minecraft:fire":1,"minecraft:barrel":4,"treechop:chopped_log":25,"minecraft:fletching_table":1,"minecraft:bell":1,"minecraft:iron_bars":4,"minecraft:stone":8,"minecraft:white_wool":12,"minecraft:oak_slab":7,"minecraft:polished_granite":2,"minecraft:crafting_table":5,"minecraft:torch":1,"minecraft:oak_wood":15,"biomesoplenty:fir_planks":2,"minecraft:tall_grass":11,"minecraft:cobblestone":17,"minecraft:oak_planks":12,"minecraft:spruce_stairs":1,"minecraft:purple_bed":1,"minecraft:cobblestone_wall":1,"minecraft:sweet_berry_bush":3,"minecraft:jukebox":1,"minecraft:spruce_log":25,"minecraft:light_gray_wool":3,"minecraft:stone_brick_stairs":1,"biomesoplenty:fir_log":40,"minecraft:grass":11,"minecraft:coal_ore":36,"minecraft:oak_log":3,"biomesoplenty:fir_leaves":285,"minecraft:dirt":1,"minecraft:stone_bricks":4,"minecraft:oak_leaves":7},"minecraft:broken":{"minecraft:stone_axe":1},"minecraft:dropped":{"minecraft:wheat_seeds":12,"minecraft:apple":7,"minecraft:granite":5,"silentgear:sinew":2,"minecraft:golden_apple":1,"minecraft:stick":6,"gravestone:obituary":14,"minecraft:golden_leggings":1,"minecraft:stone_bricks":1,"minecraft:iron_bars":1,"minecraft:wooden_pickaxe":1},"minecraft:killed_by":{"minecraft:iron_golem":1,"alexsmobs:crocodile":4,"minecraft:vex":1}},"DataVersion":2586}