{"stats":{"minecraft:killed":{"minecraft:cave_spider":1,"minecraft:skeleton":1},"minecraft:custom":{"minecraft:interact_with_furnace":12,"minecraft:mob_kills":3,"minecraft:interact_with_crafting_table":17,"minecraft:play_one_minute":29980,"minecraft:time_since_death":9095,"minecraft:climb_one_cm":17126,"minecraft:time_since_rest":9126,"minecraft:waystone_activated":1,"minecraft:sprint_one_cm":101229,"minecraft:damage_taken":650,"minecraft:walk_one_cm":35352,"minecraft:drop":20,"minecraft:damage_dealt":420,"minecraft:swim_one_cm":6996,"minecraft:fly_one_cm":144092,"minecraft:open_chest":12,"minecraft:crouch_one_cm":6106,"minecraft:deaths":2,"minecraft:sneak_time":2965,"minecraft:walk_under_water_one_cm":339,"minecraft:jump":634,"minecraft:walk_on_water_one_cm":3950,"minecraft:fall_one_cm":23773},"minecraft:picked_up":{"minecraft:crafting_table":7,"minecraft:feather":6,"minecraft:water_bucket":1,"minecraft:oak_log":2,"minecraft:map":1,"minecraft:string":1,"minecraft:polished_granite":1,"minecraft:bone":3,"minecraft:apple":1,"minecraft:bow":1,"minecraft:spruce_planks":4,"minecraft:dark_prismarine_stairs":1,"minecraft:iron_ingot":36,"minecraft:iron_ore":14,"minecraft:mossy_stone_bricks":2,"minecraft:melon_slice":4,"minecraft:furnace":1,"minecraft:stick":6,"minecraft:spruce_sapling":1,"minecraft:spruce_log":5,"minecraft:hay_block":5,"minecraft:granite":1,"minecraft:bread":12,"minecraft:emerald":1,"minecraft:oak_sapling":1,"minecraft:cobblestone":11},"minecraft:crafted":{"minecraft:oak_planks":8,"minecraft:crafting_table":2,"minecraft:spruce_planks":72,"minecraft:wooden_pickaxe":1,"minecraft:iron_helmet":1,"minecraft:iron_sword":1,"minecraft:furnace":1,"minecraft:bucket":1,"minecraft:bread":16,"minecraft:air":0,"minecraft:shield":2,"minecraft:iron_axe":2,"minecraft:stick":12,"minecraft:iron_ingot":31,"minecraft:iron_pickaxe":1,"minecraft:stone_pickaxe":1,"minecraft:wooden_axe":1,"minecraft:iron_leggings":1,"minecraft:dark_oak_planks":24,"minecraft:wheat":45},"minecraft:killed_by":{"alexsmobs:crocodile":1},"minecraft:mined":{"minecraft:dark_prismarine_stairs":1,"minecraft:dark_oak_leaves":7,"minecraft:polished_granite":1,"minecraft:crafting_table":4,"gravestone:gravestone":2,"minecraft:granite":1,"minecraft:dark_oak_wood":3,"minecraft:melon":1,"minecraft:cobblestone":9,"minecraft:spruce_leaves":1,"biomesoplenty:sprout":1,"minecraft:furnace":1,"minecraft:iron_ore":14,"minecraft:spruce_log":5,"minecraft:grass":3,"minecraft:oak_log":2,"minecraft:stone":2,"minecraft:mossy_stone_bricks":2,"minecraft:oak_leaves":4},"minecraft:dropped":{"minecraft:enchanted_book":1,"minecraft:water_bucket":1,"minecraft:iron_ingot":17,"minecraft:bread":12,"minecraft:crafting_table":2,"minecraft:feather":6,"minecraft:stick":2,"minecraft:emerald":1,"minecraft:spruce_planks":4,"minecraft:wooden_axe":1,"minecraft:mossy_stone_bricks":1,"minecraft:map":1,"gravestone:obituary":2,"minecraft:iron_axe":1,"minecraft:bow":1,"minecraft:stone_pickaxe":1,"minecraft:wooden_pickaxe":2,"minecraft:bone":3},"minecraft:used":{"minecraft:mossy_stone_bricks":1,"minecraft:stone_pickaxe":23,"minecraft:oak_planks":2,"minecraft:spruce_planks":5,"minecraft:wooden_pickaxe":6,"minecraft:crafting_table":3,"minecraft:granite":1,"minecraft:wooden_axe":9,"minecraft:dark_oak_planks":5,"minecraft:apple":1,"minecraft:iron_axe":5,"minecraft:bread":4,"minecraft:iron_pickaxe":2,"minecraft:polished_granite":1,"minecraft:furnace":1,"minecraft:bucket":1,"minecraft:dark_prismarine_stairs":1}},"DataVersion":2586}