{"stats":{"minecraft:killed":{"minecraft:cave_spider":2,"hmag:ghost":1,"minecraft:witch":1,"minecraft:skeleton":9},"minecraft:custom":{"minecraft:interact_with_furnace":13,"minecraft:mob_kills":14,"minecraft:interact_with_crafting_table":18,"minecraft:play_one_minute":53980,"minecraft:time_since_death":10170,"minecraft:sleep_in_bed":2,"minecraft:climb_one_cm":18804,"minecraft:time_since_rest":1015,"minecraft:waystone_activated":1,"minecraft:sprint_one_cm":165581,"minecraft:damage_taken":1256,"minecraft:walk_one_cm":67469,"minecraft:drop":53,"minecraft:damage_dealt":2581,"minecraft:talked_to_villager":2,"minecraft:swim_one_cm":7574,"minecraft:fly_one_cm":239395,"minecraft:open_chest":15,"minecraft:crouch_one_cm":13554,"minecraft:deaths":4,"minecraft:sneak_time":7914,"minecraft:walk_under_water_one_cm":1203,"minecraft:jump":1152,"minecraft:walk_on_water_one_cm":7943,"minecraft:fall_one_cm":35511},"minecraft:picked_up":{"minecraft:wooden_axe":2,"minecraft:crafting_table":8,"minecraft:feather":6,"minecraft:water_bucket":1,"minecraft:wooden_pickaxe":4,"minecraft:enchanted_book":1,"minecraft:oak_log":2,"gravestone:obituary":2,"minecraft:shield":1,"minecraft:map":1,"minecraft:string":1,"minecraft:iron_axe":1,"minecraft:polished_granite":1,"minecraft:iron_leggings":1,"minecraft:bone":14,"minecraft:apple":1,"minecraft:gray_terracotta":1,"minecraft:bow":2,"minecraft:gold_nugget":4,"minecraft:spruce_planks":14,"minecraft:dark_prismarine_stairs":1,"minecraft:iron_ingot":36,"minecraft:stone_pickaxe":2,"minecraft:iron_ore":14,"minecraft:iron_nugget":14,"minecraft:mossy_stone_bricks":3,"minecraft:melon_slice":4,"minecraft:sugar_cane":3,"minecraft:furnace":1,"minecraft:end_stone":4,"minecraft:stick":6,"minecraft:lime_terracotta":2,"minecraft:white_bed":1,"minecraft:spruce_sapling":1,"minecraft:spruce_log":5,"artifacts:scarf_of_invisibility":2,"minecraft:green_terracotta":1,"minecraft:dark_oak_planks":2,"minecraft:arrow":7,"minecraft:hay_block":5,"minecraft:granite":1,"minecraft:bread":12,"minecraft:emerald":1,"minecraft:oak_sapling":2,"relics:ice_skates":3,"minecraft:black_wool":2,"minecraft:skeleton_skull":1,"minecraft:cobblestone":11},"minecraft:crafted":{"minecraft:oak_planks":8,"minecraft:crafting_table":2,"minecraft:spruce_planks":72,"minecraft:wooden_pickaxe":1,"minecraft:iron_helmet":1,"minecraft:iron_sword":1,"minecraft:furnace":1,"minecraft:bucket":1,"minecraft:bread":16,"minecraft:air":0,"minecraft:shield":2,"minecraft:iron_axe":2,"minecraft:stick":12,"minecraft:iron_ingot":38,"minecraft:iron_pickaxe":1,"minecraft:stone_pickaxe":1,"minecraft:wooden_axe":1,"minecraft:iron_leggings":1,"minecraft:dark_oak_planks":40,"minecraft:wheat":45},"minecraft:killed_by":{"alexsmobs:crocodile":1,"minecraft:skeleton":2},"minecraft:dropped":{"minecraft:enchanted_book":1,"minecraft:water_bucket":1,"minecraft:iron_ingot":17,"minecraft:bread":12,"minecraft:iron_nugget":21,"minecraft:crafting_table":2,"relics:ice_skates":3,"minecraft:iron_helmet":1,"minecraft:feather":6,"minecraft:stick":2,"minecraft:emerald":1,"minecraft:shield":1,"minecraft:skeleton_skull":1,"minecraft:spruce_planks":4,"minecraft:wooden_axe":3,"minecraft:mossy_stone_bricks":1,"minecraft:chainmail_boots":1,"minecraft:oak_sapling":2,"minecraft:map":2,"minecraft:iron_leggings":2,"gravestone:obituary":5,"minecraft:gold_nugget":6,"minecraft:iron_axe":1,"minecraft:bow":2,"minecraft:stone_pickaxe":3,"minecraft:wooden_pickaxe":6,"artifacts:scarf_of_invisibility":2,"minecraft:spruce_sapling":1,"minecraft:bone":3},"minecraft:mined":{"minecraft:dark_oak_planks":3,"minecraft:dark_prismarine_stairs":1,"minecraft:gray_terracotta":1,"minecraft:spruce_planks":11,"minecraft:white_bed":1,"minecraft:dark_oak_leaves":14,"minecraft:polished_granite":1,"minecraft:end_stone":4,"minecraft:crafting_table":5,"gravestone:gravestone":4,"minecraft:granite":1,"minecraft:dark_oak_wood":3,"minecraft:oak_wood":2,"minecraft:melon":1,"minecraft:cobblestone":9,"minecraft:spruce_leaves":1,"biomesoplenty:sprout":1,"minecraft:sugar_cane":2,"minecraft:spawner":2,"minecraft:furnace":1,"minecraft:iron_ore":14,"minecraft:green_terracotta":1,"minecraft:spruce_log":5,"minecraft:light_gray_wool":2,"minecraft:black_wool":1,"minecraft:grass":3,"minecraft:oak_log":4,"minecraft:oak_stairs":1,"minecraft:lime_terracotta":6,"minecraft:stone":2,"minecraft:mossy_stone_bricks":3,"minecraft:oak_leaves":4},"minecraft:used":{"minecraft:mossy_stone_bricks":2,"minecraft:stone_pickaxe":23,"minecraft:oak_planks":2,"minecraft:spruce_planks":60,"minecraft:wooden_pickaxe":6,"minecraft:iron_sword":24,"minecraft:lime_terracotta":2,"minecraft:crafting_table":4,"minecraft:end_stone":4,"minecraft:granite":1,"minecraft:wooden_axe":9,"minecraft:dark_oak_planks":23,"minecraft:black_wool":2,"minecraft:apple":1,"minecraft:iron_axe":39,"minecraft:bread":9,"minecraft:iron_pickaxe":18,"minecraft:polished_granite":1,"minecraft:furnace":1,"minecraft:bucket":5,"minecraft:dark_prismarine_stairs":1,"minecraft:water_bucket":4}},"DataVersion":2586}