{
  "minecraft:recipes/tools/fishing_rod": {
    "criteria": {
      "has_string": "2024-10-03 23:26:55 +0000"
    },
    "done": true
  },
  "smallships:recipes/lotr_green_oak_war_galley": {
    "criteria": {
      "in_water": "2024-10-03 23:25:39 +0000"
    },
    "done": true
  },
  "minecraft:recipes/decorations/smoker": {
    "criteria": {
      "has_furnace": "2024-10-03 23:30:42 +0000"
    },
    "done": true
  },
  "mcwfurnitures:recipes/dark_oak/dark_oak_plant_pot_left": {
    "criteria": {
      "has_planks": "2024-10-03 23:26:40 +0000"
    },
    "done": true
  },
  "minecraft:recipes/redstone/lever": {
    "criteria": {
      "has_cobblestone": "2024-10-03 23:28:39 +0000"
    },
    "done": true
  },
  "mcwfurnitures:recipes/spruce/spruce_desk_left": {
    "criteria": {
      "has_planks": "2024-10-03 23:22:56 +0000"
    },
    "done": true
  },
  "smallships:recipes/bop_hellbark_war_galley": {
    "criteria": {
      "in_water": "2024-10-03 23:25:39 +0000"
    },
    "done": true
  },
  "smallships:recipes/lotr_rotten_rowboat": {
    "criteria": {
      "in_water": "2024-10-03 23:25:39 +0000"
    },
    "done": true
  },
  "smallships:recipes/lotr_cherry_drakkar": {
    "criteria": {
      "in_water": "2024-10-03 23:25:39 +0000"
    },
    "done": true
  },
  "mcwfurnitures:recipes/dark_oak/dark_oak_dresser_5": {
    "criteria": {
      "has_planks": "2024-10-03 23:26:40 +0000"
    },
    "done": true
  },
  "minecraft:recipes/combat/iron_sword": {
    "criteria": {
      "has_iron_ingot": "2024-10-03 23:31:22 +0000"
    },
    "done": true
  },
  "mcwfurnitures:recipes/dark_oak/dark_oak_dresser_6": {
    "criteria": {
      "has_planks": "2024-10-03 23:26:40 +0000"
    },
    "done": true
  },
  "mcwfurnitures:recipes/dark_oak/dark_oak_dresser_3": {
    "criteria": {
      "has_planks": "2024-10-03 23:26:40 +0000"
    },
    "done": true
  },
  "naturescompass:natures_compass": {
    "criteria": {
      "has_recipe": "2024-10-03 23:22:56 +0000"
    },
    "done": true
  },
  "mcwfurnitures:recipes/dark_oak/dark_oak_dresser_4": {
    "criteria": {
      "has_planks": "2024-10-03 23:26:40 +0000"
    },
    "done": true
  },
  "minecraft:recipes/redstone/spruce_door": {
    "criteria": {
      "has_planks": "2024-10-03 23:23:33 +0000"
    },
    "done": true
  },
  "minecraft:recipes/building_blocks/chiseled_stone_bricks": {
    "criteria": {
      "has_stone_bricks": "2024-10-03 23:27:13 +0000"
    },
    "done": true
  },
  "minecraft:recipes/tools/iron_pickaxe": {
    "criteria": {
      "has_iron_ingot": "2024-10-03 23:31:22 +0000"
    },
    "done": true
  },
  "slimier-slimes:recipes/slimier-slimes/cyan_slime_block": {
    "criteria": {
      "has_slime_ball": "2024-10-03 23:33:10 +0000"
    },
    "done": true
  },
  "minecraft:recipes/redstone/spruce_fence_gate": {
    "criteria": {
      "has_planks": "2024-10-03 23:23:33 +0000"
    },
    "done": true
  },
  "minecraft:recipes/decorations/crafting_table": {
    "criteria": {
      "has_planks": "2024-10-03 23:23:29 +0000"
    },
    "done": true
  },
  "undergarden:recipes/decorations/smogstem_torch_ditchbulb": {
    "criteria": {
      "has_stick": "2024-10-03 23:23:32 +0000"
    },
    "done": true
  },
  "smallships:recipes/lotr_larch_brigg": {
    "criteria": {
      "in_water": "2024-10-03 23:25:39 +0000"
    },
    "done": true
  },
  "minecraft:recipes/building_blocks/polished_granite_stairs": {
    "criteria": {
      "has_polished_granite": "2024-10-03 23:28:41 +0000"
    },
    "done": true
  },
  "minecraft:recipes/misc/melon_seeds": {
    "criteria": {
      "has_melon": "2024-10-03 23:33:23 +0000"
    },
    "done": true
  },
  "minecraft:recipes/decorations/ladder": {
    "criteria": {
      "has_stick": "2024-10-03 23:23:32 +0000"
    },
    "done": true
  },
  "iceandfire:iceandfire/root": {
    "criteria": {
      "tick": "2024-10-03 23:21:55 +0000"
    },
    "done": true
  },
  "minecraft:recipes/building_blocks/dark_oak_slab": {
    "criteria": {
      "has_planks": "2024-10-03 23:27:10 +0000"
    },
    "done": true
  },
  "minecraft:recipes/decorations/chest": {
    "criteria": {
      "has_lots_of_items": "2024-10-03 23:24:12 +0000"
    },
    "done": true
  },
  "smallships:recipes/bop_palm_rowboat": {
    "criteria": {
      "in_water": "2024-10-03 23:25:39 +0000"
    },
    "done": true
  },
  "minecraft:recipes/redstone/spruce_button": {
    "criteria": {
      "has_planks": "2024-10-03 23:23:33 +0000"
    },
    "done": true
  },
  "minecraft:recipes/tools/wooden_shovel": {
    "criteria": {
      "has_stick": "2024-10-03 23:23:32 +0000"
    },
    "done": true
  },
  "smallships:recipes/bop_mahogany_brigg": {
    "criteria": {
      "in_water": "2024-10-03 23:25:39 +0000"
    },
    "done": true
  },
  "minecraft:recipes/decorations/torch": {
    "criteria": {
      "has_stone_pickaxe": "2024-10-03 23:28:55 +0000"
    },
    "done": true
  },
  "smallships:recipes/lotr_pine_brigg": {
    "criteria": {
      "in_water": "2024-10-03 23:25:39 +0000"
    },
    "done": true
  },
  "betterendforge:recipes/betterendforge/thallasium_pickaxe_smithing": {
    "criteria": {
      "has_stick": "2024-10-03 23:23:32 +0000"
    },
    "done": true
  },
  "minecraft:recipes/redstone/dark_oak_button": {
    "criteria": {
      "has_planks": "2024-10-03 23:27:10 +0000"
    },
    "done": true
  },
  "undergarden:recipes/undergarden_group/catalyst": {
    "criteria": {
      "has_iron": "2024-10-03 23:31:22 +0000"
    },
    "done": true
  },
  "smallships:recipes/lotr_mallorn_galley": {
    "criteria": {
      "in_water": "2024-10-03 23:25:39 +0000"
    },
    "done": true
  },
  "minecraft:recipes/tools/shears": {
    "criteria": {
      "has_iron_ingot": "2024-10-03 23:31:22 +0000"
    },
    "done": true
  },
  "betterendforge:recipes/betterendforge/terminite_hammer_smithing": {
    "criteria": {
      "has_stick": "2024-10-03 23:23:32 +0000"
    },
    "done": true
  },
  "smallships:recipes/spruce_brigg": {
    "criteria": {
      "in_water": "2024-10-03 23:25:39 +0000"
    },
    "done": true
  },
  "minecraft:recipes/misc/stick": {
    "criteria": {
      "has_planks": "2024-10-03 23:23:29 +0000"
    },
    "done": true
  },
  "smallships:recipes/lotr_cypress_drakkar": {
    "criteria": {
      "in_water": "2024-10-03 23:25:39 +0000"
    },
    "done": true
  },
  "smallships:recipes/bop_umbran_galley": {
    "criteria": {
      "in_water": "2024-10-03 23:25:39 +0000"
    },
    "done": true
  },
  "minecraft:recipes/misc/iron_ingot_from_blasting": {
    "criteria": {
      "has_iron_ore": "2024-10-03 23:28:58 +0000"
    },
    "done": true
  },
  "betterendforge:recipes/betterendforge/iron_hammer": {
    "criteria": {
      "has_iron_ingot": "2024-10-03 23:31:22 +0000"
    },
    "done": true
  },
  "betterendforge:recipes/betterendforge/granite_pedestal": {
    "criteria": {
      "has_granite_pillar": "2024-10-03 23:28:41 +0000"
    },
    "done": true
  },
  "mcwfurnitures:recipes/dark_oak/dark_oak_double_desk_right": {
    "criteria": {
      "has_planks": "2024-10-03 23:26:40 +0000"
    },
    "done": true
  },
  "smallships:recipes/lotr_lebethron_galley": {
    "criteria": {
      "in_water": "2024-10-03 23:25:39 +0000"
    },
    "done": true
  },
  "smallships:recipes/lotr_charred_war_galley": {
    "criteria": {
      "in_water": "2024-10-03 23:25:39 +0000"
    },
    "done": true
  },
  "minecraft:recipes/building_blocks/dark_oak_planks": {
    "criteria": {
      "has_log": "2024-10-03 23:26:40 +0000"
    },
    "done": true
  },
  "smallships:recipes/lotr_cherry_rowboat": {
    "criteria": {
      "in_water": "2024-10-03 23:25:39 +0000"
    },
    "done": true
  },
  "smallships:recipes/lotr_maple_rowboat": {
    "criteria": {
      "in_water": "2024-10-03 23:25:39 +0000"
    },
    "done": true
  },
  "smallships:recipes/bop_umbran_drakkar": {
    "criteria": {
      "in_water": "2024-10-03 23:25:39 +0000"
    },
    "done": true
  },
  "mcwfurnitures:recipes/oak/oak_cupboard_6": {
    "criteria": {
      "has_planks": "2024-10-03 23:23:15 +0000"
    },
    "done": true
  },
  "smallships:recipes/lotr_fir_war_galley": {
    "criteria": {
      "in_water": "2024-10-03 23:25:39 +0000"
    },
    "done": true
  },
  "minecraft:recipes/combat/iron_leggings": {
    "criteria": {
      "has_iron_ingot": "2024-10-03 23:31:22 +0000"
    },
    "done": true
  },
  "smallships:recipes/lotr_larch_war_galley": {
    "criteria": {
      "in_water": "2024-10-03 23:25:39 +0000"
    },
    "done": true
  },
  "mcwfurnitures:recipes/oak/oak_cupboard_5": {
    "criteria": {
      "has_planks": "2024-10-03 23:23:16 +0000"
    },
    "done": true
  },
  "minecraft:recipes/redstone/dark_oak_door": {
    "criteria": {
      "has_planks": "2024-10-03 23:27:10 +0000"
    },
    "done": true
  },
  "undergarden:recipes/undergarden_group/shard_torch": {
    "criteria": {
      "has_stick": "2024-10-03 23:23:32 +0000"
    },
    "done": true
  },
  "mcwfurnitures:recipes/oak/oak_cupboard_9": {
    "criteria": {
      "has_planks": "2024-10-03 23:23:16 +0000"
    },
    "done": true
  },
  "mcwfurnitures:recipes/oak/oak_cupboard_8": {
    "criteria": {
      "has_planks": "2024-10-03 23:23:15 +0000"
    },
    "done": true
  },
  "minecraft:recipes/combat/shield": {
    "criteria": {
      "has_iron_ingot": "2024-10-03 23:31:22 +0000"
    },
    "done": true
  },
  "mcwfurnitures:recipes/oak/oak_cupboard_7": {
    "criteria": {
      "has_planks": "2024-10-03 23:23:16 +0000"
    },
    "done": true
  },
  "minecraft:recipes/building_blocks/cobblestone_slab": {
    "criteria": {
      "has_cobblestone": "2024-10-03 23:28:39 +0000"
    },
    "done": true
  },
  "smallships:recipes/bop_redwood_drakkar": {
    "criteria": {
      "in_water": "2024-10-03 23:25:39 +0000"
    },
    "done": true
  },
  "smallships:recipes/birch_war_galley": {
    "criteria": {
      "in_water": "2024-10-03 23:25:39 +0000"
    },
    "done": true
  },
  "smallships:recipes/bop_umbran_cog": {
    "criteria": {
      "in_water": "2024-10-03 23:25:39 +0000"
    },
    "done": true
  },
  "mcwfurnitures:recipes/spruce/spruce_pult_2": {
    "criteria": {
      "has_planks": "2024-10-03 23:22:56 +0000"
    },
    "done": true
  },
  "minecraft:recipes/redstone/hopper": {
    "criteria": {
      "has_iron_ingot": "2024-10-03 23:31:22 +0000"
    },
    "done": true
  },
  "mcwfurnitures:recipes/spruce/spruce_pult_3": {
    "criteria": {
      "has_planks": "2024-10-03 23:22:56 +0000"
    },
    "done": true
  },
  "mcwfurnitures:recipes/dark_oak/dark_oak_modern_desk_right": {
    "criteria": {
      "has_planks": "2024-10-03 23:26:40 +0000"
    },
    "done": true
  },
  "mcwfurnitures:recipes/spruce/spruce_pult_4": {
    "criteria": {
      "has_planks": "2024-10-03 23:22:56 +0000"
    },
    "done": true
  },
  "smallships:recipes/lotr_green_oak_drakkar": {
    "criteria": {
      "in_water": "2024-10-03 23:25:39 +0000"
    },
    "done": true
  },
  "smallships:recipes/lotr_cypress_rowboat": {
    "criteria": {
      "in_water": "2024-10-03 23:25:39 +0000"
    },
    "done": true
  },
  "smallships:recipes/lotr_aspen_cog": {
    "criteria": {
      "in_water": "2024-10-03 23:25:39 +0000"
    },
    "done": true
  },
  "smallships:recipes/birch_brigg": {
    "criteria": {
      "in_water": "2024-10-03 23:25:39 +0000"
    },
    "done": true
  },
  "naturescompass:natures_compass_sapling": {
    "criteria": {
      "has_recipe": "2024-10-03 23:22:56 +0000"
    },
    "done": true
  },
  "mcwfurnitures:recipes/spruce/spruce_stool_chair": {
    "criteria": {
      "has_planks": "2024-10-03 23:22:56 +0000"
    },
    "done": true
  },
  "mcwfurnitures:recipes/spruce/spruce_pult_1": {
    "criteria": {
      "has_planks": "2024-10-03 23:22:56 +0000"
    },
    "done": true
  },
  "biomesoplenty:recipes/transportation/cherry_boat": {
    "criteria": {
      "in_water": "2024-10-03 23:25:39 +0000"
    },
    "done": true
  },
  "smallships:recipes/envi_cherry_galley": {
    "criteria": {
      "in_water": "2024-10-03 23:25:39 +0000"
    },
    "done": true
  },
  "biomesoplenty:recipes/transportation/fir_boat": {
    "criteria": {
      "in_water": "2024-10-03 23:25:39 +0000"
    },
    "done": true
  },
  "slimier-slimes:recipes/slimier-slimes/brown_slime_block": {
    "criteria": {
      "has_slime_ball": "2024-10-03 23:33:10 +0000"
    },
    "done": true
  },
  "smallships:recipes/lotr_cherry_war_galley": {
    "criteria": {
      "in_water": "2024-10-03 23:25:39 +0000"
    },
    "done": true
  },
  "sophisticatedbackpacks:recipes/sophisticatedbackpacks/blasting_upgrade": {
    "criteria": {
      "has_upgrade_base": "2024-10-03 23:21:55 +0000"
    },
    "done": true
  },
  "slimier-slimes:recipes/slimier-slimes/red_slime_block": {
    "criteria": {
      "has_slime_ball": "2024-10-03 23:33:10 +0000"
    },
    "done": true
  },
  "smallships:recipes/dark_oak_brigg": {
    "criteria": {
      "in_water": "2024-10-03 23:25:39 +0000"
    },
    "done": true
  },
  "sophisticatedbackpacks:recipes/sophisticatedbackpacks/auto_smoking_upgrade": {
    "criteria": {
      "has_smoking_upgrade": "2024-10-03 23:21:55 +0000"
    },
    "done": true
  },
  "minecraft:recipes/decorations/iron_bars": {
    "criteria": {
      "has_iron_ingot": "2024-10-03 23:31:22 +0000"
    },
    "done": true
  },
  "betterendforge:recipes/betterendforge/thallasium_sword_handle_smithing": {
    "criteria": {
      "has_stick": "2024-10-03 23:23:32 +0000"
    },
    "done": true
  },
  "smallships:recipes/lotr_mallorn_rowboat": {
    "criteria": {
      "in_water": "2024-10-03 23:25:39 +0000"
    },
    "done": true
  },
  "minecraft:recipes/decorations/mossy_stone_brick_wall": {
    "criteria": {
      "has_mossy_stone_bricks": "2024-10-03 23:27:13 +0000"
    },
    "done": true
  },
  "minecraft:story/obtain_armor": {
    "criteria": {
      "iron_boots": "2024-10-03 23:33:14 +0000"
    },
    "done": true
  },
  "betterendforge:recipes/betterendforge/terminite_pickaxe_smithing": {
    "criteria": {
      "has_stick": "2024-10-03 23:23:32 +0000"
    },
    "done": true
  },
  "corail_recycler:recipes/steel_disk": {
    "criteria": {
      "requirement_2": "2024-10-03 23:31:22 +0000"
    },
    "done": true
  },
  "mcwfurnitures:recipes/dark_oak/dark_oak_modern_desk_left": {
    "criteria": {
      "has_planks": "2024-10-03 23:26:40 +0000"
    },
    "done": true
  },
  "biomesoplenty:biomesoplenty/all_biomes": {
    "criteria": {
      "wetland_forest": "2024-10-03 23:23:57 +0000",
      "flower_meadow": "2024-10-03 23:22:35 +0000",
      "wetland": "2024-10-03 23:25:06 +0000",
      "meadow_forest": "2024-10-03 23:24:29 +0000",
      "meadow": "2024-10-03 23:21:55 +0000"
    },
    "done": false
  },
  "mcwfurnitures:recipes/oak/oak_dresser_box": {
    "criteria": {
      "has_planks": "2024-10-03 23:23:15 +0000"
    },
    "done": true
  },
  "smallships:recipes/dark_oak_cog": {
    "criteria": {
      "in_water": "2024-10-03 23:25:39 +0000"
    },
    "done": true
  },
  "smallships:recipes/lotr_pine_galley": {
    "criteria": {
      "in_water": "2024-10-03 23:25:39 +0000"
    },
    "done": true
  },
  "minecraft:recipes/building_blocks/spruce_planks": {
    "criteria": {
      "has_logs": "2024-10-03 23:22:56 +0000"
    },
    "done": true
  },
  "slimier-slimes:recipes/slimier-slimes/white_slime_block": {
    "criteria": {
      "has_slime_ball": "2024-10-03 23:33:10 +0000"
    },
    "done": true
  },
  "smallships:recipes/lotr_cedar_galley": {
    "criteria": {
      "in_water": "2024-10-03 23:25:39 +0000"
    },
    "done": true
  },
  "minecraft:recipes/building_blocks/cobblestone_slab_from_cobblestone_stonecutting": {
    "criteria": {
      "has_cobblestone": "2024-10-03 23:28:39 +0000"
    },
    "done": true
  },
  "sophisticatedbackpacks:recipes/sophisticatedbackpacks/smoking_upgrade_from_smelting_upgrade": {
    "criteria": {
      "has_smelting_upgrade": "2024-10-03 23:21:55 +0000"
    },
    "done": true
  },
  "smallships:recipes/bop_mahogany_galley": {
    "criteria": {
      "in_water": "2024-10-03 23:25:39 +0000"
    },
    "done": true
  },
  "mcwfurnitures:recipes/oak/oak_covered_desk_left": {
    "criteria": {
      "has_planks": "2024-10-03 23:23:15 +0000"
    },
    "done": true
  },
  "minecraft:recipes/building_blocks/oak_stairs": {
    "criteria": {
      "has_planks": "2024-10-03 23:23:29 +0000"
    },
    "done": true
  },
  "smallships:recipes/lotr_holly_brigg": {
    "criteria": {
      "in_water": "2024-10-03 23:25:39 +0000"
    },
    "done": true
  },
  "ironchest:recipes/ironchest/chests/copper_iron_chest": {
    "criteria": {
      "has_item": "2024-10-03 23:31:22 +0000"
    },
    "done": true
  },
  "minecraft:recipes/transportation/acacia_boat": {
    "criteria": {
      "in_water": "2024-10-03 23:25:39 +0000"
    },
    "done": true
  },
  "mcwfurnitures:recipes/oak/oak_dresser_9": {
    "criteria": {
      "has_planks": "2024-10-03 23:23:15 +0000"
    },
    "done": true
  },
  "mcwfurnitures:recipes/spruce/spruce_glass_desk_right": {
    "criteria": {
      "has_planks": "2024-10-03 23:22:56 +0000"
    },
    "done": true
  },
  "minecraft:recipes/redstone/iron_trapdoor": {
    "criteria": {
      "has_iron_ingot": "2024-10-03 23:31:22 +0000"
    },
    "done": true
  },
  "aquaculture:recipes/tools/iron_fillet_knife": {
    "criteria": {
      "has_items": "2024-10-03 23:31:22 +0000"
    },
    "done": true
  },
  "mcwfurnitures:recipes/oak/oak_dresser_7": {
    "criteria": {
      "has_planks": "2024-10-03 23:23:16 +0000"
    },
    "done": true
  },
  "aquaculture:recipes/tools/iron_fishing_rod": {
    "criteria": {
      "has_iron": "2024-10-03 23:31:22 +0000"
    },
    "done": true
  },
  "mcwfurnitures:recipes/dark_oak/dark_oak_plate": {
    "criteria": {
      "has_planks": "2024-10-03 23:26:40 +0000"
    },
    "done": true
  },
  "mcwfurnitures:recipes/oak/oak_dresser_6": {
    "criteria": {
      "has_planks": "2024-10-03 23:23:16 +0000"
    },
    "done": true
  },
  "mcwfurnitures:recipes/oak/oak_dresser_5": {
    "criteria": {
      "has_planks": "2024-10-03 23:23:15 +0000"
    },
    "done": true
  },
  "smallships:recipes/sail_item": {
    "criteria": {
      "in_water": "2024-10-03 23:25:39 +0000"
    },
    "done": true
  },
  "mcwfurnitures:recipes/oak/oak_dresser_4": {
    "criteria": {
      "has_planks": "2024-10-03 23:23:16 +0000"
    },
    "done": true
  },
  "mcwfurnitures:recipes/oak/oak_dresser_3": {
    "criteria": {
      "has_planks": "2024-10-03 23:23:16 +0000"
    },
    "done": true
  },
  "sophisticatedbackpacks:recipes/sophisticatedbackpacks/auto_blasting_upgrade_from_auto_smelting_upgrade": {
    "criteria": {
      "has_auto_smelting_upgrade": "2024-10-03 23:21:55 +0000"
    },
    "done": true
  },
  "minecraft:adventure/root": {
    "criteria": {
      "killed_by_something": "2024-10-03 23:22:40 +0000"
    },
    "done": true
  },
  "smallships:recipes/lotr_larch_rowboat": {
    "criteria": {
      "in_water": "2024-10-03 23:25:39 +0000"
    },
    "done": true
  },
  "mcwfurnitures:recipes/oak/oak_striped_chair": {
    "criteria": {
      "has_planks": "2024-10-03 23:23:15 +0000"
    },
    "done": true
  },
  "minecraft:recipes/building_blocks/white_wool_from_string": {
    "criteria": {
      "has_string": "2024-10-03 23:26:55 +0000"
    },
    "done": true
  },
  "mcwfurnitures:recipes/spruce/spruce_covered_desk_right": {
    "criteria": {
      "has_planks": "2024-10-03 23:22:56 +0000"
    },
    "done": true
  },
  "minecraft:adventure/kill_all_mobs": {
    "criteria": {
      "minecraft:cave_spider": "2024-10-03 23:33:04 +0000"
    },
    "done": false
  },
  "sworddisplay:recipes/sworddisplay/wooden_sword_case": {
    "criteria": {
      "has_core": "2024-10-03 23:23:29 +0000"
    },
    "done": true
  },
  "slimier-slimes:recipes/slimier-slimes/green_slime_block": {
    "criteria": {
      "has_slime_ball": "2024-10-03 23:33:10 +0000"
    },
    "done": true
  },
  "smallships:recipes/lotr_apple_brigg": {
    "criteria": {
      "in_water": "2024-10-03 23:25:39 +0000"
    },
    "done": true
  },
  "mcwfurnitures:recipes/spruce/spruce_chair": {
    "criteria": {
      "has_planks": "2024-10-03 23:22:56 +0000"
    },
    "done": true
  },
  "smallships:recipes/lotr_cypress_war_galley": {
    "criteria": {
      "in_water": "2024-10-03 23:25:39 +0000"
    },
    "done": true
  },
  "smallships:recipes/lotr_holly_drakkar": {
    "criteria": {
      "in_water": "2024-10-03 23:25:39 +0000"
    },
    "done": true
  },
  "mcwfurnitures:recipes/spruce/spruce_box_2": {
    "criteria": {
      "has_planks": "2024-10-03 23:22:56 +0000"
    },
    "done": true
  },
  "smallships:recipes/lotr_cypress_galley": {
    "criteria": {
      "in_water": "2024-10-03 23:25:39 +0000"
    },
    "done": true
  },
  "minecraft:recipes/brewing/glistering_melon_slice": {
    "criteria": {
      "has_melon": "2024-10-03 23:33:23 +0000"
    },
    "done": true
  },
  "smallships:recipes/lotr_charred_galley": {
    "criteria": {
      "in_water": "2024-10-03 23:25:39 +0000"
    },
    "done": true
  },
  "smallships:recipes/lotr_cherry_brigg": {
    "criteria": {
      "in_water": "2024-10-03 23:25:39 +0000"
    },
    "done": true
  },
  "mcwfurnitures:recipes/dark_oak/dark_oak_modern_chair": {
    "criteria": {
      "has_planks": "2024-10-03 23:26:40 +0000"
    },
    "done": true
  },
  "sworddisplay:recipes/sworddisplay/dark_oak_sword_case": {
    "criteria": {
      "has_core": "2024-10-03 23:27:10 +0000"
    },
    "done": true
  },
  "minecraft:recipes/redstone/dark_oak_fence_gate": {
    "criteria": {
      "has_planks": "2024-10-03 23:27:10 +0000"
    },
    "done": true
  },
  "minecraft:recipes/misc/iron_nugget_from_smelting": {
    "criteria": {
      "has_chainmail_helmet": "2024-10-03 23:32:42 +0000"
    },
    "done": true
  },
  "mcwfurnitures:recipes/oak/oak_plant_pot_left": {
    "criteria": {
      "has_planks": "2024-10-03 23:23:16 +0000"
    },
    "done": true
  },
  "sworddisplay:recipes/sworddisplay/spruce_sword_display": {
    "criteria": {
      "has_core": "2024-10-03 23:23:33 +0000"
    },
    "done": true
  },
  "smallships:recipes/lotr_maple_war_galley": {
    "criteria": {
      "in_water": "2024-10-03 23:25:39 +0000"
    },
    "done": true
  },
  "smallships:recipes/bop_jacaranda_war_galley": {
    "criteria": {
      "in_water": "2024-10-03 23:25:39 +0000"
    },
    "done": true
  },
  "mcwfurnitures:recipes/oak/oak_modern_desk_left": {
    "criteria": {
      "has_planks": "2024-10-03 23:23:16 +0000"
    },
    "done": true
  },
  "minecraft:recipes/decorations/granite_wall_from_granite_stonecutting": {
    "criteria": {
      "has_granite": "2024-10-03 23:28:42 +0000"
    },
    "done": true
  },
  "smallships:recipes/bop_magic_rowboat": {
    "criteria": {
      "in_water": "2024-10-03 23:25:39 +0000"
    },
    "done": true
  },
  "minecraft:recipes/decorations/chain": {
    "criteria": {
      "has_iron_ingot": "2024-10-03 23:31:22 +0000"
    },
    "done": true
  },
  "smallships:recipes/lotr_rotten_drakkar": {
    "criteria": {
      "in_water": "2024-10-03 23:25:39 +0000"
    },
    "done": true
  },
  "mcwfurnitures:recipes/dark_oak/dark_oak_dresser_9": {
    "criteria": {
      "has_planks": "2024-10-03 23:26:40 +0000"
    },
    "done": true
  },
  "minecraft:recipes/decorations/oak_fence": {
    "criteria": {
      "has_planks": "2024-10-03 23:23:29 +0000"
    },
    "done": true
  },
  "smallships:recipes/lotr_pine_rowboat": {
    "criteria": {
      "in_water": "2024-10-03 23:25:39 +0000"
    },
    "done": true
  },
  "mcwfurnitures:recipes/dark_oak/dark_oak_nightstand_11": {
    "criteria": {
      "has_planks": "2024-10-03 23:26:40 +0000"
    },
    "done": true
  },
  "mcwfurnitures:recipes/dark_oak/dark_oak_dresser_7": {
    "criteria": {
      "has_planks": "2024-10-03 23:26:40 +0000"
    },
    "done": true
  },
  "mcwfurnitures:recipes/dark_oak/dark_oak_nightstand_10": {
    "criteria": {
      "has_planks": "2024-10-03 23:26:40 +0000"
    },
    "done": true
  },
  "smallships:recipes/bop_palm_drakkar": {
    "criteria": {
      "in_water": "2024-10-03 23:25:39 +0000"
    },
    "done": true
  },
  "smallships:recipes/lotr_charred_cog": {
    "criteria": {
      "in_water": "2024-10-03 23:25:39 +0000"
    },
    "done": true
  },
  "mcwfurnitures:recipes/oak/oak_plate": {
    "criteria": {
      "has_planks": "2024-10-03 23:23:16 +0000"
    },
    "done": true
  },
  "betterendforge:recipes/betterendforge/terminite_sword_handle_smithing": {
    "criteria": {
      "has_stick": "2024-10-03 23:23:32 +0000"
    },
    "done": true
  },
  "minecraft:recipes/building_blocks/oak_slab": {
    "criteria": {
      "has_planks": "2024-10-03 23:23:29 +0000"
    },
    "done": true
  },
  "betterendforge:recipes/betterendforge/thallasium_hammer_smithing": {
    "criteria": {
      "has_stick": "2024-10-03 23:23:32 +0000"
    },
    "done": true
  },
  "smallships:recipes/bop_magic_galley": {
    "criteria": {
      "in_water": "2024-10-03 23:25:39 +0000"
    },
    "done": true
  },
  "smallships:recipes/bop_fir_drakkar": {
    "criteria": {
      "in_water": "2024-10-03 23:25:39 +0000"
    },
    "done": true
  },
  "minecraft:recipes/building_blocks/granite_stairs": {
    "criteria": {
      "has_granite": "2024-10-03 23:28:42 +0000"
    },
    "done": true
  },
  "smallships:recipes/spruce_drakkar": {
    "criteria": {
      "in_water": "2024-10-03 23:25:39 +0000",
      "has_the_recipe": "2024-10-03 23:25:39 +0000"
    },
    "done": true
  },
  "smallships:recipes/bop_willow_war_galley": {
    "criteria": {
      "in_water": "2024-10-03 23:25:39 +0000"
    },
    "done": true
  },
  "smallships:recipes/lotr_beech_brigg": {
    "criteria": {
      "in_water": "2024-10-03 23:25:39 +0000"
    },
    "done": true
  },
  "betterendforge:recipes/betterendforge/thallasium_shovel_smithing": {
    "criteria": {
      "has_stick": "2024-10-03 23:23:32 +0000"
    },
    "done": true
  },
  "biomesoplenty:recipes/transportation/umbran_boat": {
    "criteria": {
      "in_water": "2024-10-03 23:25:39 +0000"
    },
    "done": true
  },
  "smallships:recipes/lotr_aspen_brigg": {
    "criteria": {
      "in_water": "2024-10-03 23:25:39 +0000"
    },
    "done": true
  },
  "smallships:recipes/lotr_mirk_oak_rowboat": {
    "criteria": {
      "in_water": "2024-10-03 23:25:39 +0000"
    },
    "done": true
  },
  "smallships:recipes/oak_brigg": {
    "criteria": {
      "in_water": "2024-10-03 23:25:39 +0000"
    },
    "done": true
  },
  "smallships:recipes/jungle_galley": {
    "criteria": {
      "in_water": "2024-10-03 23:25:39 +0000"
    },
    "done": true
  },
  "smallships:recipes/lotr_larch_drakkar": {
    "criteria": {
      "in_water": "2024-10-03 23:25:39 +0000"
    },
    "done": true
  },
  "mcwfurnitures:recipes/oak/oak_covered_desk_right": {
    "criteria": {
      "has_planks": "2024-10-03 23:23:15 +0000"
    },
    "done": true
  },
  "mcwfurnitures:recipes/dark_oak/dark_oak_glass_desk_left": {
    "criteria": {
      "has_planks": "2024-10-03 23:26:40 +0000"
    },
    "done": true
  },
  "mcwfurnitures:recipes/oak/oak_furniture_7": {
    "criteria": {
      "has_planks": "2024-10-03 23:23:16 +0000"
    },
    "done": true
  },
  "mcwfurnitures:recipes/spruce/spruce_modern_chair": {
    "criteria": {
      "has_planks": "2024-10-03 23:22:56 +0000"
    },
    "done": true
  },
  "mcwfurnitures:recipes/oak/oak_furniture_6": {
    "criteria": {
      "has_planks": "2024-10-03 23:23:16 +0000"
    },
    "done": true
  },
  "smallships:recipes/lotr_lairelosse_galley": {
    "criteria": {
      "in_water": "2024-10-03 23:25:39 +0000"
    },
    "done": true
  },
  "mcwfurnitures:recipes/dark_oak/dark_oak_box_2": {
    "criteria": {
      "has_planks": "2024-10-03 23:26:40 +0000"
    },
    "done": true
  },
  "minecraft:recipes/building_blocks/iron_block": {
    "criteria": {
      "has_iron_ingot": "2024-10-03 23:31:22 +0000"
    },
    "done": true
  },
  "smallships:recipes/spruce_cog": {
    "criteria": {
      "in_water": "2024-10-03 23:25:39 +0000"
    },
    "done": true
  },
  "smallships:recipes/lotr_lairelosse_cog": {
    "criteria": {
      "in_water": "2024-10-03 23:25:39 +0000"
    },
    "done": true
  },
  "minecraft:recipes/building_blocks/spruce_wood": {
    "criteria": {
      "has_log": "2024-10-03 23:22:56 +0000"
    },
    "done": true
  },
  "mowziesmobs:root": {
    "criteria": {
      "custom_test_name": "2024-10-03 23:21:55 +0000"
    },
    "done": true
  },
  "smallships:recipes/oak_war_galley": {
    "criteria": {
      "in_water": "2024-10-03 23:25:39 +0000"
    },
    "done": true
  },
  "mcwfurnitures:recipes/dark_oak/dark_oak_chair": {
    "criteria": {
      "has_planks": "2024-10-03 23:26:40 +0000"
    },
    "done": true
  },
  "minecraft:recipes/combat/wooden_sword": {
    "criteria": {
      "has_stick": "2024-10-03 23:23:32 +0000"
    },
    "done": true
  },
  "smallships:recipes/envi_willow_cog": {
    "criteria": {
      "in_water": "2024-10-03 23:25:39 +0000"
    },
    "done": true
  },
  "minecraft:recipes/building_blocks/oak_planks": {
    "criteria": {
      "has_logs": "2024-10-03 23:23:16 +0000"
    },
    "done": true
  },
  "smallships:recipes/acacia_cog": {
    "criteria": {
      "in_water": "2024-10-03 23:25:39 +0000"
    },
    "done": true
  },
  "smallships:recipes/jungle_war_galley": {
    "criteria": {
      "in_water": "2024-10-03 23:25:39 +0000"
    },
    "done": true
  },
  "smallships:recipes/bop_hellbark_cog": {
    "criteria": {
      "in_water": "2024-10-03 23:25:39 +0000"
    },
    "done": true
  },
  "minecraft:recipes/tools/iron_axe": {
    "criteria": {
      "has_iron_ingot": "2024-10-03 23:31:22 +0000"
    },
    "done": true
  },
  "mcwfurnitures:recipes/dark_oak/dark_oak_covered_desk_left": {
    "criteria": {
      "has_planks": "2024-10-03 23:26:40 +0000"
    },
    "done": true
  },
  "mcwfurnitures:recipes/spruce/spruce_dresser_6": {
    "criteria": {
      "has_planks": "2024-10-03 23:22:56 +0000"
    },
    "done": true
  },
  "mcwfurnitures:recipes/spruce/spruce_dresser_5": {
    "criteria": {
      "has_planks": "2024-10-03 23:22:56 +0000"
    },
    "done": true
  },
  "smallships:recipes/lotr_beech_rowboat": {
    "criteria": {
      "in_water": "2024-10-03 23:25:39 +0000"
    },
    "done": true
  },
  "mcwfurnitures:recipes/spruce/spruce_dresser_4": {
    "criteria": {
      "has_planks": "2024-10-03 23:22:56 +0000"
    },
    "done": true
  },
  "smallships:recipes/lotr_beech_cog": {
    "criteria": {
      "in_water": "2024-10-03 23:25:39 +0000"
    },
    "done": true
  },
  "mcwfurnitures:recipes/spruce/spruce_dresser_3": {
    "criteria": {
      "has_planks": "2024-10-03 23:22:56 +0000"
    },
    "done": true
  },
  "sophisticatedbackpacks:recipes/sophisticatedbackpacks/blasting_upgrade_from_smelting_upgrade": {
    "criteria": {
      "has_smelting_upgrade": "2024-10-03 23:21:55 +0000"
    },
    "done": true
  },
  "smallships:recipes/lotr_larch_cog": {
    "criteria": {
      "in_water": "2024-10-03 23:25:39 +0000"
    },
    "done": true
  },
  "mcwfurnitures:recipes/oak/oak_furniture_3": {
    "criteria": {
      "has_planks": "2024-10-03 23:23:16 +0000"
    },
    "done": true
  },
  "mcwfurnitures:recipes/oak/oak_furniture_4": {
    "criteria": {
      "has_planks": "2024-10-03 23:23:16 +0000"
    },
    "done": true
  },
  "mcwfurnitures:recipes/spruce/spruce_furniture_7": {
    "criteria": {
      "has_planks": "2024-10-03 23:22:56 +0000"
    },
    "done": true
  },
  "mcwfurnitures:recipes/oak/oak_furniture_1": {
    "criteria": {
      "has_planks": "2024-10-03 23:23:16 +0000"
    },
    "done": true
  },
  "mcwfurnitures:recipes/spruce/spruce_furniture_6": {
    "criteria": {
      "has_planks": "2024-10-03 23:22:56 +0000"
    },
    "done": true
  },
  "mcwfurnitures:recipes/oak/oak_furniture_2": {
    "criteria": {
      "has_planks": "2024-10-03 23:23:16 +0000"
    },
    "done": true
  },
  "minecraft:recipes/redstone/tripwire_hook": {
    "criteria": {
      "has_string": "2024-10-03 23:26:55 +0000"
    },
    "done": true
  },
  "mcwfurnitures:recipes/spruce/spruce_furniture_4": {
    "criteria": {
      "has_planks": "2024-10-03 23:22:56 +0000"
    },
    "done": true
  },
  "minecraft:recipes/combat/iron_boots": {
    "criteria": {
      "has_iron_ingot": "2024-10-03 23:31:22 +0000"
    },
    "done": true
  },
  "mcwfurnitures:recipes/spruce/spruce_furniture_3": {
    "criteria": {
      "has_planks": "2024-10-03 23:22:56 +0000"
    },
    "done": true
  },
  "mcwfurnitures:recipes/spruce/spruce_furniture_2": {
    "criteria": {
      "has_planks": "2024-10-03 23:22:56 +0000"
    },
    "done": true
  },
  "mcwfurnitures:recipes/spruce/spruce_furniture_1": {
    "criteria": {
      "has_planks": "2024-10-03 23:22:56 +0000"
    },
    "done": true
  },
  "smallships:recipes/bop_willow_brigg": {
    "criteria": {
      "in_water": "2024-10-03 23:25:39 +0000"
    },
    "done": true
  },
  "minecraft:story/iron_tools": {
    "criteria": {
      "iron_pickaxe": "2024-10-03 23:35:07 +0000"
    },
    "done": true
  },
  "smallships:recipes/bop_dead_war_galley": {
    "criteria": {
      "in_water": "2024-10-03 23:25:39 +0000"
    },
    "done": true
  },
  "smallships:recipes/lotr_mallorn_cog": {
    "criteria": {
      "in_water": "2024-10-03 23:25:39 +0000"
    },
    "done": true
  },
  "smallships:recipes/bop_palm_war_galley": {
    "criteria": {
      "in_water": "2024-10-03 23:25:39 +0000"
    },
    "done": true
  },
  "mcwfurnitures:recipes/dark_oak/dark_oak_nightstand_4": {
    "criteria": {
      "has_planks": "2024-10-03 23:26:40 +0000"
    },
    "done": true
  },
  "mcwfurnitures:recipes/dark_oak/dark_oak_nightstand_3": {
    "criteria": {
      "has_planks": "2024-10-03 23:26:40 +0000"
    },
    "done": true
  },
  "minecraft:recipes/decorations/cartography_table": {
    "criteria": {
      "has_paper": "2024-10-03 23:33:10 +0000"
    },
    "done": true
  },
  "mcwfurnitures:recipes/dark_oak/dark_oak_nightstand_2": {
    "criteria": {
      "has_planks": "2024-10-03 23:26:40 +0000"
    },
    "done": true
  },
  "smallships:recipes/envi_wisteria_galley": {
    "criteria": {
      "in_water": "2024-10-03 23:25:39 +0000"
    },
    "done": true
  },
  "undergarden:recipes/undergarden_group/smogstem_boat": {
    "criteria": {
      "in_water": "2024-10-03 23:25:39 +0000"
    },
    "done": true
  },
  "mcwfurnitures:recipes/dark_oak/dark_oak_nightstand_8": {
    "criteria": {
      "has_planks": "2024-10-03 23:26:40 +0000"
    },
    "done": true
  },
  "smallships:recipes/bop_mahogany_cog": {
    "criteria": {
      "in_water": "2024-10-03 23:25:39 +0000"
    },
    "done": true
  },
  "mcwfurnitures:recipes/dark_oak/dark_oak_nightstand_6": {
    "criteria": {
      "has_planks": "2024-10-03 23:26:40 +0000"
    },
    "done": true
  },
  "mcwfurnitures:recipes/dark_oak/dark_oak_nightstand_5": {
    "criteria": {
      "has_planks": "2024-10-03 23:26:40 +0000"
    },
    "done": true
  },
  "smallships:recipes/oak_galley": {
    "criteria": {
      "in_water": "2024-10-03 23:25:39 +0000"
    },
    "done": true
  },
  "smallships:recipes/lotr_cypress_brigg": {
    "criteria": {
      "in_water": "2024-10-03 23:25:39 +0000"
    },
    "done": true
  },
  "minecraft:recipes/combat/crossbow": {
    "criteria": {
      "has_stick": "2024-10-03 23:23:32 +0000"
    },
    "done": true
  },
  "minecraft:recipes/combat/iron_chestplate": {
    "criteria": {
      "has_iron_ingot": "2024-10-03 23:31:22 +0000"
    },
    "done": true
  },
  "mcwfurnitures:recipes/dark_oak/dark_oak_nightstand_9": {
    "criteria": {
      "has_planks": "2024-10-03 23:26:40 +0000"
    },
    "done": true
  },
  "minecraft:recipes/redstone/spruce_pressure_plate": {
    "criteria": {
      "has_planks": "2024-10-03 23:23:33 +0000"
    },
    "done": true
  },
  "mcwfurnitures:recipes/dark_oak/dark_oak_cupboard_9": {
    "criteria": {
      "has_planks": "2024-10-03 23:26:40 +0000"
    },
    "done": true
  },
  "minecraft:recipes/redstone/dark_oak_trapdoor": {
    "criteria": {
      "has_planks": "2024-10-03 23:27:10 +0000"
    },
    "done": true
  },
  "mcwfurnitures:recipes/dark_oak/dark_oak_cupboard_8": {
    "criteria": {
      "has_planks": "2024-10-03 23:26:40 +0000"
    },
    "done": true
  },
  "smallships:recipes/bop_jacaranda_galley": {
    "criteria": {
      "in_water": "2024-10-03 23:25:39 +0000"
    },
    "done": true
  },
  "minecraft:recipes/decorations/oak_sign": {
    "criteria": {
      "has_oak_planks": "2024-10-03 23:23:29 +0000"
    },
    "done": true
  },
  "mcwfurnitures:recipes/dark_oak/dark_oak_cupboard_7": {
    "criteria": {
      "has_planks": "2024-10-03 23:26:40 +0000"
    },
    "done": true
  },
  "mcwfurnitures:recipes/spruce/spruce_nightstand": {
    "criteria": {
      "has_planks": "2024-10-03 23:22:56 +0000"
    },
    "done": true
  },
  "minecraft:recipes/redstone/oak_trapdoor": {
    "criteria": {
      "has_planks": "2024-10-03 23:23:29 +0000"
    },
    "done": true
  },
  "mcwfurnitures:recipes/dark_oak/dark_oak_cupboard_6": {
    "criteria": {
      "has_planks": "2024-10-03 23:26:40 +0000"
    },
    "done": true
  },
  "smallships:recipes/lotr_green_oak_cog": {
    "criteria": {
      "in_water": "2024-10-03 23:25:39 +0000"
    },
    "done": true
  },
  "minecraft:recipes/building_blocks/granite_stairs_from_granite_stonecutting": {
    "criteria": {
      "has_granite": "2024-10-03 23:28:42 +0000"
    },
    "done": true
  },
  "mcwfurnitures:recipes/dark_oak/dark_oak_cupboard_5": {
    "criteria": {
      "has_planks": "2024-10-03 23:26:40 +0000"
    },
    "done": true
  },
  "smallships:recipes/lotr_charred_rowboat": {
    "criteria": {
      "in_water": "2024-10-03 23:25:39 +0000"
    },
    "done": true
  },
  "silentgear:root": {
    "criteria": {
      "get_item": "2024-10-03 23:23:31 +0000"
    },
    "done": true
  },
  "mcwfurnitures:recipes/dark_oak/dark_oak_pult_1": {
    "criteria": {
      "has_planks": "2024-10-03 23:26:40 +0000"
    },
    "done": true
  },
  "smallships:recipes/lotr_maple_drakkar": {
    "criteria": {
      "in_water": "2024-10-03 23:25:39 +0000"
    },
    "done": true
  },
  "mcwfurnitures:recipes/drawer": {
    "criteria": {
      "has_planks": "2024-10-03 23:23:16 +0000"
    },
    "done": true
  },
  "minecraft:recipes/misc/iron_nugget_from_blasting": {
    "criteria": {
      "has_chainmail_helmet": "2024-10-03 23:32:42 +0000"
    },
    "done": true
  },
  "smallships:recipes/bop_cherry_brigg": {
    "criteria": {
      "in_water": "2024-10-03 23:25:39 +0000"
    },
    "done": true
  },
  "smallships:recipes/envi_wisteria_war_galley": {
    "criteria": {
      "in_water": "2024-10-03 23:25:39 +0000"
    },
    "done": true
  },
  "smallships:recipes/bop_dead_brigg": {
    "criteria": {
      "in_water": "2024-10-03 23:25:39 +0000"
    },
    "done": true
  },
  "minecraft:adventure/kill_a_mob": {
    "criteria": {
      "minecraft:cave_spider": "2024-10-03 23:33:04 +0000"
    },
    "done": true
  },
  "smallships:recipes/bop_cherry_drakkar": {
    "criteria": {
      "in_water": "2024-10-03 23:25:39 +0000"
    },
    "done": true
  },
  "sworddisplay:recipes/sworddisplay/wooden_sword_display": {
    "criteria": {
      "has_core": "2024-10-03 23:23:29 +0000"
    },
    "done": true
  },
  "smallships:recipes/bop_jacaranda_rowboat": {
    "criteria": {
      "in_water": "2024-10-03 23:25:39 +0000"
    },
    "done": true
  },
  "mcwfurnitures:recipes/dark_oak/dark_oak_pult_4": {
    "criteria": {
      "has_planks": "2024-10-03 23:26:40 +0000"
    },
    "done": true
  },
  "betterendforge:recipes/betterendforge/thallasium_hoe_smithing": {
    "criteria": {
      "has_stick": "2024-10-03 23:23:32 +0000"
    },
    "done": true
  },
  "mcwfurnitures:recipes/dark_oak/dark_oak_pult_3": {
    "criteria": {
      "has_planks": "2024-10-03 23:26:40 +0000"
    },
    "done": true
  },
  "mcwfurnitures:recipes/dark_oak/dark_oak_pult_2": {
    "criteria": {
      "has_planks": "2024-10-03 23:26:40 +0000"
    },
    "done": true
  },
  "minecraft:recipes/building_blocks/polished_granite_stairs_from_polished_granite_stonecutting": {
    "criteria": {
      "has_polished_granite": "2024-10-03 23:28:41 +0000"
    },
    "done": true
  },
  "smallships:recipes/lotr_green_oak_galley": {
    "criteria": {
      "in_water": "2024-10-03 23:25:39 +0000"
    },
    "done": true
  },
  "smallships:recipes/acacia_drakkar": {
    "criteria": {
      "in_water": "2024-10-03 23:25:39 +0000",
      "has_the_recipe": "2024-10-03 23:25:39 +0000"
    },
    "done": true
  },
  "minecraft:recipes/redstone/sticky_piston": {
    "criteria": {
      "has_slime_ball": "2024-10-03 23:33:10 +0000"
    },
    "done": true
  },
  "smallships:recipes/bop_mahogany_rowboat": {
    "criteria": {
      "in_water": "2024-10-03 23:25:39 +0000"
    },
    "done": true
  },
  "minecraft:recipes/building_blocks/stone": {
    "criteria": {
      "has_cobblestone": "2024-10-03 23:28:39 +0000"
    },
    "done": true
  },
  "smallships:recipes/lotr_lebethron_war_galley": {
    "criteria": {
      "in_water": "2024-10-03 23:25:39 +0000"
    },
    "done": true
  },
  "smallships:recipes/bop_palm_cog": {
    "criteria": {
      "in_water": "2024-10-03 23:25:39 +0000"
    },
    "done": true
  },
  "mcwfurnitures:recipes/spruce/spruce_desk_right": {
    "criteria": {
      "has_planks": "2024-10-03 23:22:56 +0000"
    },
    "done": true
  },
  "biomesoplenty:recipes/transportation/hellbark_boat": {
    "criteria": {
      "in_water": "2024-10-03 23:25:39 +0000"
    },
    "done": true
  },
  "smallships:recipes/envi_willow_drakkar": {
    "criteria": {
      "in_water": "2024-10-03 23:25:39 +0000"
    },
    "done": true
  },
  "mcwfurnitures:recipes/spruce/spruce_covered_desk_left": {
    "criteria": {
      "has_planks": "2024-10-03 23:22:56 +0000"
    },
    "done": true
  },
  "minecraft:adventure/adventuring_time": {
    "criteria": {
      "minecraft:dark_forest": "2024-10-03 23:25:19 +0000",
      "minecraft:river": "2024-10-03 23:25:15 +0000"
    },
    "done": false
  },
  "smallships:recipes/lotr_pear_war_galley": {
    "criteria": {
      "in_water": "2024-10-03 23:25:39 +0000"
    },
    "done": true
  },
  "ironchest:recipes/ironchest/chests/vanilla_iron_chest": {
    "criteria": {
      "has_iron_ingot": "2024-10-03 23:31:22 +0000"
    },
    "done": true
  },
  "minecraft:recipes/misc/book": {
    "criteria": {
      "has_paper": "2024-10-03 23:33:10 +0000"
    },
    "done": true
  },
  "smallships:recipes/bop_jacaranda_brigg": {
    "criteria": {
      "in_water": "2024-10-03 23:25:39 +0000"
    },
    "done": true
  },
  "mcwfurnitures:recipes/oak/oak_glass_desk_left": {
    "criteria": {
      "has_planks": "2024-10-03 23:23:16 +0000"
    },
    "done": true
  },
  "smallships:recipes/envi_willow_war_galley": {
    "criteria": {
      "in_water": "2024-10-03 23:25:39 +0000"
    },
    "done": true
  },
  "undergarden:recipes/undergarden_group/grongle_boat": {
    "criteria": {
      "in_water": "2024-10-03 23:25:39 +0000"
    },
    "done": true
  },
  "betterendforge:recipes/betterendforge/terminite_hoe_smithing": {
    "criteria": {
      "has_stick": "2024-10-03 23:23:32 +0000"
    },
    "done": true
  },
  "minecraft:recipes/combat/stone_sword": {
    "criteria": {
      "has_cobblestone": "2024-10-03 23:28:39 +0000"
    },
    "done": true
  },
  "minecraft:recipes/decorations/barrel": {
    "criteria": {
      "has_planks": "2024-10-03 23:23:29 +0000"
    },
    "done": true
  },
  "minecraft:recipes/decorations/cobblestone_wall": {
    "criteria": {
      "has_cobblestone": "2024-10-03 23:28:39 +0000"
    },
    "done": true
  },
  "minecraft:recipes/building_blocks/mossy_stone_brick_slab": {
    "criteria": {
      "has_mossy_stone_bricks": "2024-10-03 23:27:13 +0000"
    },
    "done": true
  },
  "smallships:recipes/envi_cherry_war_galley": {
    "criteria": {
      "in_water": "2024-10-03 23:25:39 +0000"
    },
    "done": true
  },
  "minecraft:recipes/brewing/fermented_spider_eye": {
    "criteria": {
      "has_spider_eye": "2024-10-03 23:33:14 +0000"
    },
    "done": true
  },
  "minecraft:recipes/tools/stone_pickaxe": {
    "criteria": {
      "has_cobblestone": "2024-10-03 23:28:39 +0000"
    },
    "done": true
  },
  "minecraft:recipes/decorations/smithing_table": {
    "criteria": {
      "has_iron_ingot": "2024-10-03 23:31:22 +0000"
    },
    "done": true
  },
  "minecraft:recipes/decorations/cobblestone_wall_from_cobblestone_stonecutting": {
    "criteria": {
      "has_cobblestone": "2024-10-03 23:28:39 +0000"
    },
    "done": true
  },
  "smallships:recipes/lotr_apple_drakkar": {
    "criteria": {
      "in_water": "2024-10-03 23:25:39 +0000"
    },
    "done": true
  },
  "slimier-slimes:recipes/slimier-slimes/gray_slime_block": {
    "criteria": {
      "has_slime_ball": "2024-10-03 23:33:10 +0000"
    },
    "done": true
  },
  "mcwfurnitures:recipes/oak/oak_box_2": {
    "criteria": {
      "has_planks": "2024-10-03 23:23:15 +0000"
    },
    "done": true
  },
  "smallships:recipes/envi_wisteria_brigg": {
    "criteria": {
      "in_water": "2024-10-03 23:25:39 +0000"
    },
    "done": true
  },
  "smallships:recipes/lotr_mallorn_war_galley": {
    "criteria": {
      "in_water": "2024-10-03 23:25:39 +0000"
    },
    "done": true
  },
  "mcwfurnitures:recipes/dark_oak/dark_oak_plant_pot_right": {
    "criteria": {
      "has_planks": "2024-10-03 23:26:40 +0000"
    },
    "done": true
  },
  "smallships:recipes/lotr_rotten_cog": {
    "criteria": {
      "in_water": "2024-10-03 23:25:39 +0000"
    },
    "done": true
  },
  "mcwfurnitures:recipes/oak/oak_plant_pot_right": {
    "criteria": {
      "has_planks": "2024-10-03 23:23:16 +0000"
    },
    "done": true
  },
  "smallships:recipes/lotr_mallorn_drakkar": {
    "criteria": {
      "in_water": "2024-10-03 23:25:39 +0000"
    },
    "done": true
  },
  "sworddisplay:recipes/sworddisplay/dark_oak_sword_display": {
    "criteria": {
      "has_core": "2024-10-03 23:27:10 +0000"
    },
    "done": true
  },
  "sophisticatedbackpacks:recipes/sophisticatedbackpacks/auto_blasting_upgrade": {
    "criteria": {
      "has_blasting_upgrade": "2024-10-03 23:21:55 +0000"
    },
    "done": true
  },
  "minecraft:recipes/decorations/lantern": {
    "criteria": {
      "has_iron_ingot": "2024-10-03 23:31:22 +0000"
    },
    "done": true
  },
  "mcwfurnitures:recipes/spruce/spruce_modern_desk_left": {
    "criteria": {
      "has_planks": "2024-10-03 23:22:56 +0000"
    },
    "done": true
  },
  "biomesoplenty:recipes/transportation/jacaranda_boat": {
    "criteria": {
      "in_water": "2024-10-03 23:25:39 +0000"
    },
    "done": true
  },
  "smallships:recipes/lotr_aspen_rowboat": {
    "criteria": {
      "in_water": "2024-10-03 23:25:39 +0000"
    },
    "done": true
  },
  "mcwfurnitures:recipes/dark_oak/dark_oak_dresser_box": {
    "criteria": {
      "has_planks": "2024-10-03 23:26:40 +0000"
    },
    "done": true
  },
  "mcwfurnitures:recipes/spruce/spruce_dresser_14": {
    "criteria": {
      "has_planks": "2024-10-03 23:22:56 +0000"
    },
    "done": true
  },
  "mcwfurnitures:recipes/spruce/spruce_dresser_12": {
    "criteria": {
      "has_planks": "2024-10-03 23:22:56 +0000"
    },
    "done": true
  },
  "mcwfurnitures:recipes/spruce/spruce_dresser_13": {
    "criteria": {
      "has_planks": "2024-10-03 23:22:56 +0000"
    },
    "done": true
  },
  "mcwfurnitures:recipes/spruce/spruce_dresser_11": {
    "criteria": {
      "has_planks": "2024-10-03 23:22:56 +0000"
    },
    "done": true
  },
  "ironchest:recipes/ironchest/upgrades/wood_to_copper_chest_upgrade": {
    "criteria": {
      "has_item": "2024-10-03 23:23:29 +0000"
    },
    "done": true
  },
  "mcwfurnitures:recipes/cabinet_door": {
    "criteria": {
      "has_planks": "2024-10-03 23:23:16 +0000"
    },
    "done": true
  },
  "minecraft:recipes/tools/stone_axe": {
    "criteria": {
      "has_cobblestone": "2024-10-03 23:28:39 +0000"
    },
    "done": true
  },
  "smallships:recipes/lotr_apple_galley": {
    "criteria": {
      "in_water": "2024-10-03 23:25:39 +0000"
    },
    "done": true
  },
  "mcwfurnitures:recipes/oak/oak_chair": {
    "criteria": {
      "has_planks": "2024-10-03 23:23:16 +0000"
    },
    "done": true
  },
  "farlanders:root": {
    "criteria": {
      "attack": "2024-10-03 23:22:35 +0000"
    },
    "done": true
  },
  "smallships:recipes/lotr_lairelosse_drakkar": {
    "criteria": {
      "in_water": "2024-10-03 23:25:39 +0000"
    },
    "done": true
  },
  "minecraft:recipes/building_blocks/cobblestone_stairs_from_cobblestone_stonecutting": {
    "criteria": {
      "has_cobblestone": "2024-10-03 23:28:39 +0000"
    },
    "done": true
  },
  "smallships:recipes/bop_cherry_cog": {
    "criteria": {
      "in_water": "2024-10-03 23:25:39 +0000"
    },
    "done": true
  },
  "biomesoplenty:recipes/transportation/willow_boat": {
    "criteria": {
      "in_water": "2024-10-03 23:25:39 +0000"
    },
    "done": true
  },
  "smallships:recipes/lotr_holly_galley": {
    "criteria": {
      "in_water": "2024-10-03 23:25:39 +0000"
    },
    "done": true
  },
  "smallships:recipes/lotr_fir_cog": {
    "criteria": {
      "in_water": "2024-10-03 23:25:39 +0000"
    },
    "done": true
  },
  "betterendforge:recipes/betterendforge/iron_chandelier": {
    "criteria": {
      "has_iron_ingot": "2024-10-03 23:31:22 +0000"
    },
    "done": true
  },
  "smallships:recipes/lotr_fir_rowboat": {
    "criteria": {
      "in_water": "2024-10-03 23:25:39 +0000"
    },
    "done": true
  },
  "slimier-slimes:recipes/slimier-slimes/yellow_slime_block": {
    "criteria": {
      "has_slime_ball": "2024-10-03 23:33:10 +0000"
    },
    "done": true
  },
  "smallships:recipes/envi_cherry_brigg": {
    "criteria": {
      "in_water": "2024-10-03 23:25:39 +0000"
    },
    "done": true
  },
  "smallships:recipes/envi_wisteria_drakkar": {
    "criteria": {
      "in_water": "2024-10-03 23:25:39 +0000"
    },
    "done": true
  },
  "minecraft:recipes/decorations/campfire": {
    "criteria": {
      "has_stick": "2024-10-03 23:23:32 +0000"
    },
    "done": true
  },
  "smallships:recipes/lotr_cedar_cog": {
    "criteria": {
      "in_water": "2024-10-03 23:25:39 +0000"
    },
    "done": true
  },
  "minecraft:recipes/food/bread": {
    "criteria": {
      "has_wheat": "2024-10-03 23:26:40 +0000"
    },
    "done": true
  },
  "mcwfurnitures:recipes/dark_oak/dark_oak_desk_right": {
    "criteria": {
      "has_planks": "2024-10-03 23:26:40 +0000"
    },
    "done": true
  },
  "smallships:recipes/lotr_maple_brigg": {
    "criteria": {
      "in_water": "2024-10-03 23:25:39 +0000"
    },
    "done": true
  },
  "biomesoplenty:recipes/transportation/mahogany_boat": {
    "criteria": {
      "in_water": "2024-10-03 23:25:39 +0000"
    },
    "done": true
  },
  "minecraft:recipes/misc/iron_nugget": {
    "criteria": {
      "has_iron_ingot": "2024-10-03 23:31:22 +0000"
    },
    "done": true
  },
  "apotheosis:give_book": {
    "criteria": {
      "tick": "2024-10-03 23:21:55 +0000"
    },
    "done": true
  },
  "silentgear:recipes/silentgear/stone_rod": {
    "criteria": {
      "has_item": "2024-10-03 23:28:39 +0000"
    },
    "done": true
  },
  "smallships:recipes/lotr_aspen_war_galley": {
    "criteria": {
      "in_water": "2024-10-03 23:25:39 +0000"
    },
    "done": true
  },
  "corail_recycler:recipes/diamond_disk": {
    "criteria": {
      "requirement_2": "2024-10-03 23:31:22 +0000"
    },
    "done": true
  },
  "smallships:recipes/lotr_holly_war_galley": {
    "criteria": {
      "in_water": "2024-10-03 23:25:39 +0000"
    },
    "done": true
  },
  "smallships:recipes/bop_fir_galley": {
    "criteria": {
      "in_water": "2024-10-03 23:25:39 +0000"
    },
    "done": true
  },
  "biomesoplenty:recipes/transportation/dead_boat": {
    "criteria": {
      "in_water": "2024-10-03 23:25:39 +0000"
    },
    "done": true
  },
  "smallships:recipes/bop_magic_war_galley": {
    "criteria": {
      "in_water": "2024-10-03 23:25:39 +0000"
    },
    "done": true
  },
  "smallships:recipes/lotr_beech_galley": {
    "criteria": {
      "in_water": "2024-10-03 23:25:39 +0000"
    },
    "done": true
  },
  "minecraft:recipes/transportation/spruce_boat": {
    "criteria": {
      "in_water": "2024-10-03 23:25:39 +0000"
    },
    "done": true
  },
  "aquaculture:recipes/tools/wooden_fillet_knife": {
    "criteria": {
      "has_items": "2024-10-03 23:23:32 +0000"
    },
    "done": true
  },
  "mcwfurnitures:recipes/dark_oak/dark_oak_dresser_12": {
    "criteria": {
      "has_planks": "2024-10-03 23:26:40 +0000"
    },
    "done": true
  },
  "smallships:recipes/bop_jacaranda_drakkar": {
    "criteria": {
      "in_water": "2024-10-03 23:25:39 +0000"
    },
    "done": true
  },
  "mcwfurnitures:recipes/dark_oak/dark_oak_dresser_13": {
    "criteria": {
      "has_planks": "2024-10-03 23:26:40 +0000"
    },
    "done": true
  },
  "mcwfurnitures:recipes/dark_oak/dark_oak_dresser_14": {
    "criteria": {
      "has_planks": "2024-10-03 23:26:40 +0000"
    },
    "done": true
  },
  "smallships:recipes/lotr_larch_galley": {
    "criteria": {
      "in_water": "2024-10-03 23:25:39 +0000"
    },
    "done": true
  },
  "mcwfurnitures:recipes/spruce/spruce_glass_desk_left": {
    "criteria": {
      "has_planks": "2024-10-03 23:22:56 +0000"
    },
    "done": true
  },
  "smallships:recipes/envi_cherry_drakkar": {
    "criteria": {
      "in_water": "2024-10-03 23:25:39 +0000"
    },
    "done": true
  },
  "mcwfurnitures:recipes/dark_oak/dark_oak_dresser_11": {
    "criteria": {
      "has_planks": "2024-10-03 23:26:40 +0000"
    },
    "done": true
  },
  "smallships:recipes/bop_umbran_brigg": {
    "criteria": {
      "in_water": "2024-10-03 23:25:39 +0000"
    },
    "done": true
  },
  "smallships:recipes/lotr_rotten_galley": {
    "criteria": {
      "in_water": "2024-10-03 23:25:39 +0000"
    },
    "done": true
  },
  "sworddisplay:recipes/sworddisplay/sword_display": {
    "criteria": {
      "has_core": "2024-10-03 23:31:22 +0000"
    },
    "done": true
  },
  "minecraft:recipes/building_blocks/polished_granite_from_granite_stonecutting": {
    "criteria": {
      "has_granite": "2024-10-03 23:28:42 +0000"
    },
    "done": true
  },
  "silentgear:recipes/silentgear/upgrade_base": {
    "criteria": {
      "has_item": "2024-10-03 23:23:29 +0000"
    },
    "done": true
  },
  "smallships:recipes/lotr_pine_war_galley": {
    "criteria": {
      "in_water": "2024-10-03 23:25:39 +0000"
    },
    "done": true
  },
  "smallships:recipes/bop_jacaranda_cog": {
    "criteria": {
      "in_water": "2024-10-03 23:25:39 +0000"
    },
    "done": true
  },
  "minecraft:husbandry/balanced_diet": {
    "criteria": {
      "apple": "2024-10-03 23:29:22 +0000",
      "bread": "2024-10-03 23:27:18 +0000"
    },
    "done": false
  },
  "minecraft:recipes/tools/wooden_hoe": {
    "criteria": {
      "has_stick": "2024-10-03 23:23:32 +0000"
    },
    "done": true
  },
  "mcwfurnitures:recipes/oak/oak_pult": {
    "criteria": {
      "has_planks": "2024-10-03 23:23:16 +0000"
    },
    "done": true
  },
  "smallships:recipes/lotr_apple_war_galley": {
    "criteria": {
      "in_water": "2024-10-03 23:25:39 +0000"
    },
    "done": true
  },
  "smallships:recipes/lotr_cedar_brigg": {
    "criteria": {
      "in_water": "2024-10-03 23:25:39 +0000"
    },
    "done": true
  },
  "minecraft:recipes/misc/bucket": {
    "criteria": {
      "has_iron_ingot": "2024-10-03 23:31:22 +0000"
    },
    "done": true
  },
  "smallships:recipes/lotr_rotten_brigg": {
    "criteria": {
      "in_water": "2024-10-03 23:25:39 +0000"
    },
    "done": true
  },
  "minecraft:recipes/building_blocks/cobblestone_stairs": {
    "criteria": {
      "has_cobblestone": "2024-10-03 23:28:39 +0000"
    },
    "done": true
  },
  "mcwfurnitures:recipes/oak/oak_pult_4": {
    "criteria": {
      "has_planks": "2024-10-03 23:23:16 +0000"
    },
    "done": true
  },
  "biomesoplenty:recipes/transportation/magic_boat": {
    "criteria": {
      "in_water": "2024-10-03 23:25:39 +0000"
    },
    "done": true
  },
  "mcwfurnitures:recipes/oak/oak_pult_3": {
    "criteria": {
      "has_planks": "2024-10-03 23:23:16 +0000"
    },
    "done": true
  },
  "mcwfurnitures:recipes/oak/oak_pult_2": {
    "criteria": {
      "has_planks": "2024-10-03 23:23:15 +0000"
    },
    "done": true
  },
  "smallships:recipes/jungle_drakkar": {
    "criteria": {
      "in_water": "2024-10-03 23:25:39 +0000"
    },
    "done": true
  },
  "mcwfurnitures:recipes/oak/oak_pult_1": {
    "criteria": {
      "has_planks": "2024-10-03 23:23:16 +0000"
    },
    "done": true
  },
  "smallships:recipes/bop_willow_galley": {
    "criteria": {
      "in_water": "2024-10-03 23:25:39 +0000"
    },
    "done": true
  },
  "minecraft:recipes/building_blocks/mossy_stone_brick_stairs_from_mossy_stone_brick_stonecutting": {
    "criteria": {
      "has_mossy_stone_bricks": "2024-10-03 23:27:13 +0000"
    },
    "done": true
  },
  "minecraft:recipes/decorations/granite_wall": {
    "criteria": {
      "has_granite": "2024-10-03 23:28:42 +0000"
    },
    "done": true
  },
  "smallships:recipes/dark_oak_drakkar": {
    "criteria": {
      "in_water": "2024-10-03 23:25:39 +0000",
      "has_the_recipe": "2024-10-03 23:25:39 +0000"
    },
    "done": true
  },
  "mcwfurnitures:recipes/dark_oak/dark_oak_furniture_3": {
    "criteria": {
      "has_planks": "2024-10-03 23:26:40 +0000"
    },
    "done": true
  },
  "smallships:recipes/lotr_pear_drakkar": {
    "criteria": {
      "in_water": "2024-10-03 23:25:39 +0000"
    },
    "done": true
  },
  "mcwfurnitures:recipes/dark_oak/dark_oak_furniture_4": {
    "criteria": {
      "has_planks": "2024-10-03 23:26:40 +0000"
    },
    "done": true
  },
  "mcwfurnitures:recipes/dark_oak/dark_oak_furniture_1": {
    "criteria": {
      "has_planks": "2024-10-03 23:26:40 +0000"
    },
    "done": true
  },
  "mcwfurnitures:recipes/dark_oak/dark_oak_furniture_2": {
    "criteria": {
      "has_planks": "2024-10-03 23:26:40 +0000"
    },
    "done": true
  },
  "mcwfurnitures:recipes/dark_oak/dark_oak_furniture_7": {
    "criteria": {
      "has_planks": "2024-10-03 23:26:40 +0000"
    },
    "done": true
  },
  "mcwfurnitures:recipes/oak/oak_desk_right": {
    "criteria": {
      "has_planks": "2024-10-03 23:23:15 +0000"
    },
    "done": true
  },
  "mcwfurnitures:recipes/dark_oak/dark_oak_furniture_6": {
    "criteria": {
      "has_planks": "2024-10-03 23:26:40 +0000"
    },
    "done": true
  },
  "smallships:recipes/bop_fir_brigg": {
    "criteria": {
      "in_water": "2024-10-03 23:25:39 +0000"
    },
    "done": true
  },
  "mcwfurnitures:recipes/dark_oak/dark_oak_striped_chair": {
    "criteria": {
      "has_planks": "2024-10-03 23:26:40 +0000"
    },
    "done": true
  },
  "mcwfurnitures:recipes/dark_oak/dark_oak_pult": {
    "criteria": {
      "has_planks": "2024-10-03 23:26:40 +0000"
    },
    "done": true
  },
  "minecraft:recipes/building_blocks/hay_block": {
    "criteria": {
      "has_wheat": "2024-10-03 23:26:40 +0000"
    },
    "done": true
  },
  "slimier-slimes:recipes/slimier-slimes/black_slime_block": {
    "criteria": {
      "has_slime_ball": "2024-10-03 23:33:10 +0000"
    },
    "done": true
  },
  "minecraft:recipes/combat/iron_helmet": {
    "criteria": {
      "has_iron_ingot": "2024-10-03 23:31:22 +0000"
    },
    "done": true
  },
  "smallships:recipes/bop_hellbark_rowboat": {
    "criteria": {
      "in_water": "2024-10-03 23:25:39 +0000"
    },
    "done": true
  },
  "minecraft:recipes/combat/bow": {
    "criteria": {
      "has_string": "2024-10-03 23:26:55 +0000"
    },
    "done": true
  },
  "mcwfurnitures:recipes/oak/oak_stool_chair": {
    "criteria": {
      "has_planks": "2024-10-03 23:23:16 +0000"
    },
    "done": true
  },
  "minecraft:recipes/redstone/oak_fence_gate": {
    "criteria": {
      "has_planks": "2024-10-03 23:23:29 +0000"
    },
    "done": true
  },
  "smallships:recipes/bop_redwood_war_galley": {
    "criteria": {
      "in_water": "2024-10-03 23:25:39 +0000"
    },
    "done": true
  },
  "mcwfurnitures:recipes/oak/oak_dresser_11": {
    "criteria": {
      "has_planks": "2024-10-03 23:23:16 +0000"
    },
    "done": true
  },
  "smallships:recipes/lotr_beech_war_galley": {
    "criteria": {
      "in_water": "2024-10-03 23:25:39 +0000"
    },
    "done": true
  },
  "smallships:recipes/bop_cherry_galley": {
    "criteria": {
      "in_water": "2024-10-03 23:25:39 +0000"
    },
    "done": true
  },
  "smallships:recipes/bop_willow_cog": {
    "criteria": {
      "in_water": "2024-10-03 23:25:39 +0000"
    },
    "done": true
  },
  "smallships:recipes/lotr_pear_cog": {
    "criteria": {
      "in_water": "2024-10-03 23:25:39 +0000"
    },
    "done": true
  },
  "smallships:recipes/envi_cherry_rowboat": {
    "criteria": {
      "in_water": "2024-10-03 23:25:39 +0000"
    },
    "done": true
  },
  "smallships:recipes/lotr_lebethron_cog": {
    "criteria": {
      "in_water": "2024-10-03 23:25:39 +0000"
    },
    "done": true
  },
  "smallships:recipes/lotr_apple_rowboat": {
    "criteria": {
      "in_water": "2024-10-03 23:25:39 +0000"
    },
    "done": true
  },
  "minecraft:story/mine_stone": {
    "criteria": {
      "get_stone": "2024-10-03 23:28:39 +0000"
    },
    "done": true
  },
  "minecraft:recipes/decorations/furnace": {
    "criteria": {
      "has_cobblestone": "2024-10-03 23:28:39 +0000"
    },
    "done": true
  },
  "minecraft:recipes/transportation/minecart": {
    "criteria": {
      "has_iron_ingot": "2024-10-03 23:31:22 +0000"
    },
    "done": true
  },
  "smallships:recipes/bop_hellbark_drakkar": {
    "criteria": {
      "in_water": "2024-10-03 23:25:39 +0000"
    },
    "done": true
  },
  "minecraft:recipes/misc/charcoal": {
    "criteria": {
      "has_log": "2024-10-03 23:22:56 +0000"
    },
    "done": true
  },
  "mcwfurnitures:recipes/oak/oak_nightstand_6": {
    "criteria": {
      "has_planks": "2024-10-03 23:23:16 +0000"
    },
    "done": true
  },
  "mcwfurnitures:recipes/oak/oak_nightstand_5": {
    "criteria": {
      "has_planks": "2024-10-03 23:23:15 +0000"
    },
    "done": true
  },
  "slimier-slimes:recipes/slimier-slimes/blue_slime_block": {
    "criteria": {
      "has_slime_ball": "2024-10-03 23:33:10 +0000"
    },
    "done": true
  },
  "mcwfurnitures:recipes/oak/oak_nightstand_8": {
    "criteria": {
      "has_planks": "2024-10-03 23:23:16 +0000"
    },
    "done": true
  },
  "minecraft:recipes/tools/iron_hoe": {
    "criteria": {
      "has_iron_ingot": "2024-10-03 23:31:22 +0000"
    },
    "done": true
  },
  "minecraft:recipes/tools/wooden_pickaxe": {
    "criteria": {
      "has_stick": "2024-10-03 23:23:32 +0000"
    },
    "done": true
  },
  "minecraft:recipes/building_blocks/mossy_stone_brick_stairs": {
    "criteria": {
      "has_mossy_stone_bricks": "2024-10-03 23:27:13 +0000"
    },
    "done": true
  },
  "mcwfurnitures:recipes/oak/oak_nightstand_9": {
    "criteria": {
      "has_planks": "2024-10-03 23:23:16 +0000"
    },
    "done": true
  },
  "minecraft:recipes/building_blocks/stone_brick_slab": {
    "criteria": {
      "has_stone_bricks": "2024-10-03 23:27:13 +0000"
    },
    "done": true
  },
  "minecraft:husbandry/root": {
    "criteria": {
      "consumed_item": "2024-10-03 23:27:18 +0000"
    },
    "done": true
  },
  "smallships:recipes/lotr_mallorn_brigg": {
    "criteria": {
      "in_water": "2024-10-03 23:25:39 +0000"
    },
    "done": true
  },
  "minecraft:recipes/transportation/birch_boat": {
    "criteria": {
      "in_water": "2024-10-03 23:25:39 +0000"
    },
    "done": true
  },
  "mcwfurnitures:recipes/spruce/spruce_dresser_9": {
    "criteria": {
      "has_planks": "2024-10-03 23:22:56 +0000"
    },
    "done": true
  },
  "smallships:recipes/acacia_war_galley": {
    "criteria": {
      "in_water": "2024-10-03 23:25:39 +0000"
    },
    "done": true
  },
  "smallships:recipes/acacia_rowboat": {
    "criteria": {
      "in_water": "2024-10-03 23:25:39 +0000"
    },
    "done": true
  },
  "smallships:recipes/jungle_cog": {
    "criteria": {
      "in_water": "2024-10-03 23:25:39 +0000"
    },
    "done": true
  },
  "mcwfurnitures:recipes/spruce/spruce_dresser_7": {
    "criteria": {
      "has_planks": "2024-10-03 23:22:56 +0000"
    },
    "done": true
  },
  "minecraft:recipes/building_blocks/polished_granite_slab_from_granite_stonecutting": {
    "criteria": {
      "has_granite": "2024-10-03 23:28:42 +0000"
    },
    "done": true
  },
  "mcwfurnitures:recipes/oak/oak_nightstand_2": {
    "criteria": {
      "has_planks": "2024-10-03 23:23:16 +0000"
    },
    "done": true
  },
  "mcwfurnitures:recipes/oak/oak_nightstand_4": {
    "criteria": {
      "has_planks": "2024-10-03 23:23:16 +0000"
    },
    "done": true
  },
  "smallships:recipes/lotr_pear_rowboat": {
    "criteria": {
      "in_water": "2024-10-03 23:25:39 +0000"
    },
    "done": true
  },
  "mcwfurnitures:recipes/oak/oak_nightstand_3": {
    "criteria": {
      "has_planks": "2024-10-03 23:23:16 +0000"
    },
    "done": true
  },
  "minecraft:recipes/tools/iron_shovel": {
    "criteria": {
      "has_iron_ingot": "2024-10-03 23:31:22 +0000"
    },
    "done": true
  },
  "smallships:recipes/jungle_rowboat": {
    "criteria": {
      "in_water": "2024-10-03 23:25:39 +0000"
    },
    "done": true
  },
  "smallships:recipes/lotr_fir_galley": {
    "criteria": {
      "in_water": "2024-10-03 23:25:39 +0000"
    },
    "done": true
  },
  "minecraft:recipes/building_blocks/dark_oak_wood": {
    "criteria": {
      "has_log": "2024-10-03 23:26:40 +0000"
    },
    "done": true
  },
  "smallships:recipes/lotr_pear_galley": {
    "criteria": {
      "in_water": "2024-10-03 23:25:39 +0000"
    },
    "done": true
  },
  "smallships:recipes/birch_cog": {
    "criteria": {
      "in_water": "2024-10-03 23:25:39 +0000"
    },
    "done": true
  },
  "smallships:recipes/birch_drakkar": {
    "criteria": {
      "in_water": "2024-10-03 23:25:39 +0000",
      "has_the_recipe": "2024-10-03 23:25:39 +0000"
    },
    "done": true
  },
  "mcwfurnitures:recipes/oak/oak_desk_left": {
    "criteria": {
      "has_planks": "2024-10-03 23:23:16 +0000"
    },
    "done": true
  },
  "smallships:recipes/lotr_fir_brigg": {
    "criteria": {
      "in_water": "2024-10-03 23:25:39 +0000"
    },
    "done": true
  },
  "smallships:recipes/acacia_brigg": {
    "criteria": {
      "in_water": "2024-10-03 23:25:39 +0000"
    },
    "done": true
  },
  "smallships:recipes/bop_redwood_galley": {
    "criteria": {
      "in_water": "2024-10-03 23:25:39 +0000"
    },
    "done": true
  },
  "smallships:recipes/bop_magic_brigg": {
    "criteria": {
      "in_water": "2024-10-03 23:25:39 +0000"
    },
    "done": true
  },
  "smallships:recipes/bop_fir_war_galley": {
    "criteria": {
      "in_water": "2024-10-03 23:25:39 +0000"
    },
    "done": true
  },
  "mcwfurnitures:recipes/oak/oak_modern_desk_right": {
    "criteria": {
      "has_planks": "2024-10-03 23:23:16 +0000"
    },
    "done": true
  },
  "aquaculture:recipes/tools/stone_fillet_knife": {
    "criteria": {
      "has_items": "2024-10-03 23:28:39 +0000"
    },
    "done": true
  },
  "smallships:recipes/dark_oak_galley": {
    "criteria": {
      "in_water": "2024-10-03 23:25:39 +0000"
    },
    "done": true
  },
  "smallships:recipes/lotr_aspen_drakkar": {
    "criteria": {
      "in_water": "2024-10-03 23:25:39 +0000"
    },
    "done": true
  },
  "smallships:recipes/envi_willow_rowboat": {
    "criteria": {
      "in_water": "2024-10-03 23:25:39 +0000"
    },
    "done": true
  },
  "minecraft:recipes/tools/stone_hoe": {
    "criteria": {
      "has_cobblestone": "2024-10-03 23:28:39 +0000"
    },
    "done": true
  },
  "minecraft:recipes/decorations/spruce_fence": {
    "criteria": {
      "has_planks": "2024-10-03 23:23:33 +0000"
    },
    "done": true
  },
  "smallships:recipes/lotr_lebethron_drakkar": {
    "criteria": {
      "in_water": "2024-10-03 23:25:39 +0000"
    },
    "done": true
  },
  "slimier-slimes:recipes/slimier-slimes/purple_slime_block": {
    "criteria": {
      "has_slime_ball": "2024-10-03 23:33:10 +0000"
    },
    "done": true
  },
  "minecraft:recipes/building_blocks/dark_oak_stairs": {
    "criteria": {
      "has_planks": "2024-10-03 23:27:10 +0000"
    },
    "done": true
  },
  "minecraft:recipes/building_blocks/polished_granite_slab_from_polished_granite_stonecutting": {
    "criteria": {
      "has_polished_granite": "2024-10-03 23:28:41 +0000"
    },
    "done": true
  },
  "smallships:recipes/bop_cherry_rowboat": {
    "criteria": {
      "in_water": "2024-10-03 23:25:39 +0000"
    },
    "done": true
  },
  "mcwfurnitures:recipes/oak/oak_double_desk_left": {
    "criteria": {
      "has_planks": "2024-10-03 23:23:16 +0000"
    },
    "done": true
  },
  "smallships:recipes/oak_rowboat": {
    "criteria": {
      "in_water": "2024-10-03 23:25:39 +0000"
    },
    "done": true
  },
  "smallships:recipes/bop_redwood_cog": {
    "criteria": {
      "in_water": "2024-10-03 23:25:39 +0000"
    },
    "done": true
  },
  "slimier-slimes:recipes/slimier-slimes/pink_slime_block": {
    "criteria": {
      "has_slime_ball": "2024-10-03 23:33:10 +0000"
    },
    "done": true
  },
  "smallships:recipes/lotr_lairelosse_rowboat": {
    "criteria": {
      "in_water": "2024-10-03 23:25:39 +0000"
    },
    "done": true
  },
  "minecraft:recipes/building_blocks/granite_slab": {
    "criteria": {
      "has_granite": "2024-10-03 23:28:42 +0000"
    },
    "done": true
  },
  "smallships:recipes/bop_fir_rowboat": {
    "criteria": {
      "in_water": "2024-10-03 23:25:39 +0000"
    },
    "done": true
  },
  "mcwfurnitures:recipes/dark_oak/dark_oak_double_desk_left": {
    "criteria": {
      "has_planks": "2024-10-03 23:26:40 +0000"
    },
    "done": true
  },
  "minecraft:recipes/decorations/dark_oak_sign": {
    "criteria": {
      "has_dark_oak_planks": "2024-10-03 23:27:10 +0000"
    },
    "done": true
  },
  "minecraft:recipes/building_blocks/spruce_stairs": {
    "criteria": {
      "has_planks": "2024-10-03 23:23:33 +0000"
    },
    "done": true
  },
  "mcwfurnitures:recipes/spruce/spruce_pult": {
    "criteria": {
      "has_planks": "2024-10-03 23:22:56 +0000"
    },
    "done": true
  },
  "smallships:recipes/lotr_rotten_war_galley": {
    "criteria": {
      "in_water": "2024-10-03 23:25:39 +0000"
    },
    "done": true
  },
  "smallships:recipes/lotr_mirk_oak_brigg": {
    "criteria": {
      "in_water": "2024-10-03 23:25:39 +0000"
    },
    "done": true
  },
  "smallships:recipes/oak_cog": {
    "criteria": {
      "in_water": "2024-10-03 23:25:39 +0000"
    },
    "done": true
  },
  "naturescompass:natures_compass_log": {
    "criteria": {
      "has_log": "2024-10-03 23:22:56 +0000"
    },
    "done": true
  },
  "smallships:recipes/envi_wisteria_cog": {
    "criteria": {
      "in_water": "2024-10-03 23:25:39 +0000"
    },
    "done": true
  },
  "minecraft:story/upgrade_tools": {
    "criteria": {
      "stone_pickaxe": "2024-10-03 23:28:55 +0000"
    },
    "done": true
  },
  "smallships:recipes/bop_dead_rowboat": {
    "criteria": {
      "in_water": "2024-10-03 23:25:39 +0000"
    },
    "done": true
  },
  "minecraft:recipes/building_blocks/polished_granite_stairs_from_granite_stonecutting": {
    "criteria": {
      "has_granite": "2024-10-03 23:28:42 +0000"
    },
    "done": true
  },
  "silentgear:recipes/silentgear/rough_rod": {
    "criteria": {
      "has_item": "2024-10-03 23:23:32 +0000"
    },
    "done": true
  },
  "minecraft:recipes/transportation/oak_boat": {
    "criteria": {
      "in_water": "2024-10-03 23:25:39 +0000"
    },
    "done": true
  },
  "mcwfurnitures:recipes/spruce/spruce_plant_pot_left": {
    "criteria": {
      "has_planks": "2024-10-03 23:22:56 +0000"
    },
    "done": true
  },
  "smallships:recipes/lotr_fir_drakkar": {
    "criteria": {
      "in_water": "2024-10-03 23:25:39 +0000"
    },
    "done": true
  },
  "smallships:recipes/dark_oak_war_galley": {
    "criteria": {
      "in_water": "2024-10-03 23:25:39 +0000"
    },
    "done": true
  },
  "minecraft:recipes/building_blocks/stone_brick_stairs": {
    "criteria": {
      "has_stone_bricks": "2024-10-03 23:27:13 +0000"
    },
    "done": true
  },
  "smallships:recipes/envi_wisteria_rowboat": {
    "criteria": {
      "in_water": "2024-10-03 23:25:39 +0000"
    },
    "done": true
  },
  "mcwfurnitures:recipes/spruce/spruce_cupboard_9": {
    "criteria": {
      "has_planks": "2024-10-03 23:22:56 +0000"
    },
    "done": true
  },
  "mcwfurnitures:recipes/spruce/spruce_cupboard_7": {
    "criteria": {
      "has_planks": "2024-10-03 23:22:56 +0000"
    },
    "done": true
  },
  "smallships:recipes/bop_magic_cog": {
    "criteria": {
      "in_water": "2024-10-03 23:25:39 +0000"
    },
    "done": true
  },
  "mcwfurnitures:recipes/spruce/spruce_cupboard_8": {
    "criteria": {
      "has_planks": "2024-10-03 23:22:56 +0000"
    },
    "done": true
  },
  "undergarden:recipes/undergarden_group/wigglewood_boat": {
    "criteria": {
      "in_water": "2024-10-03 23:25:39 +0000"
    },
    "done": true
  },
  "minecraft:recipes/tools/wooden_axe": {
    "criteria": {
      "has_stick": "2024-10-03 23:23:32 +0000"
    },
    "done": true
  },
  "mcwfurnitures:recipes/dark_oak/dark_oak_glass_desk_right": {
    "criteria": {
      "has_planks": "2024-10-03 23:26:40 +0000"
    },
    "done": true
  },
  "minecraft:recipes/decorations/spruce_sign": {
    "criteria": {
      "has_spruce_planks": "2024-10-03 23:23:33 +0000"
    },
    "done": true
  },
  "minecraft:recipes/decorations/mossy_stone_brick_wall_from_mossy_stone_brick_stonecutting": {
    "criteria": {
      "has_mossy_stone_bricks": "2024-10-03 23:27:13 +0000"
    },
    "done": true
  },
  "smallships:recipes/bop_hellbark_brigg": {
    "criteria": {
      "in_water": "2024-10-03 23:25:39 +0000"
    },
    "done": true
  },
  "mcwfurnitures:recipes/spruce/spruce_double_desk_right": {
    "criteria": {
      "has_planks": "2024-10-03 23:22:56 +0000"
    },
    "done": true
  },
  "smallships:recipes/lotr_pine_cog": {
    "criteria": {
      "in_water": "2024-10-03 23:25:39 +0000"
    },
    "done": true
  },
  "mcwfurnitures:recipes/spruce/spruce_cupboard_5": {
    "criteria": {
      "has_planks": "2024-10-03 23:22:56 +0000"
    },
    "done": true
  },
  "mcwfurnitures:recipes/spruce/spruce_cupboard_6": {
    "criteria": {
      "has_planks": "2024-10-03 23:22:56 +0000"
    },
    "done": true
  },
  "sworddisplay:recipes/sworddisplay/sword_case": {
    "criteria": {
      "has_core": "2024-10-03 23:31:22 +0000"
    },
    "done": true
  },
  "smallships:recipes/bop_umbran_war_galley": {
    "criteria": {
      "in_water": "2024-10-03 23:25:39 +0000"
    },
    "done": true
  },
  "mcwfurnitures:recipes/dark_oak/dark_oak_nightstand": {
    "criteria": {
      "has_planks": "2024-10-03 23:26:40 +0000"
    },
    "done": true
  },
  "smallships:recipes/bop_willow_rowboat": {
    "criteria": {
      "in_water": "2024-10-03 23:25:39 +0000"
    },
    "done": true
  },
  "minecraft:recipes/decorations/loom": {
    "criteria": {
      "has_string": "2024-10-03 23:26:55 +0000"
    },
    "done": true
  },
  "mcwfurnitures:recipes/dark_oak/dark_oak_dresser": {
    "criteria": {
      "has_planks": "2024-10-03 23:26:40 +0000"
    },
    "done": true
  },
  "biomesoplenty:recipes/transportation/palm_boat": {
    "criteria": {
      "in_water": "2024-10-03 23:25:39 +0000"
    },
    "done": true
  },
  "silentgear:recipes/silentgear/blueprint_paper": {
    "criteria": {
      "has_paper": "2024-10-03 23:33:10 +0000"
    },
    "done": true
  },
  "mcwfurnitures:recipes/oak/oak_dresser": {
    "criteria": {
      "has_planks": "2024-10-03 23:23:16 +0000"
    },
    "done": true
  },
  "smallships:recipes/lotr_cherry_galley": {
    "criteria": {
      "in_water": "2024-10-03 23:25:39 +0000"
    },
    "done": true
  },
  "mining_helmet:recipes/mining_helmet": {
    "criteria": {
      "has_iron": "2024-10-03 23:31:22 +0000"
    },
    "done": true
  },
  "biomesoplenty:recipes/transportation/redwood_boat": {
    "criteria": {
      "in_water": "2024-10-03 23:25:39 +0000"
    },
    "done": true
  },
  "smallships:recipes/spruce_galley": {
    "criteria": {
      "in_water": "2024-10-03 23:25:39 +0000"
    },
    "done": true
  },
  "slimier-slimes:recipes/slimier-slimes/light_blue_slime_block": {
    "criteria": {
      "has_slime_ball": "2024-10-03 23:33:10 +0000"
    },
    "done": true
  },
  "smallships:recipes/lotr_cedar_rowboat": {
    "criteria": {
      "in_water": "2024-10-03 23:25:39 +0000"
    },
    "done": true
  },
  "undergarden:undergarden/root": {
    "criteria": {
      "tick": "2024-10-03 23:21:55 +0000"
    },
    "done": true
  },
  "smallships:recipes/lotr_aspen_galley": {
    "criteria": {
      "in_water": "2024-10-03 23:25:39 +0000"
    },
    "done": true
  },
  "smallships:recipes/bop_fir_cog": {
    "criteria": {
      "in_water": "2024-10-03 23:25:39 +0000"
    },
    "done": true
  },
  "smallships:recipes/bop_willow_drakkar": {
    "criteria": {
      "in_water": "2024-10-03 23:25:39 +0000"
    },
    "done": true
  },
  "silentgear:recipes/silentgear/iron_rod": {
    "criteria": {
      "has_item": "2024-10-03 23:31:22 +0000"
    },
    "done": true
  },
  "undergarden:recipes/undergarden_group/slingshot": {
    "criteria": {
      "has_stick": "2024-10-03 23:23:32 +0000"
    },
    "done": true
  },
  "minecraft:recipes/tools/stone_shovel": {
    "criteria": {
      "has_cobblestone": "2024-10-03 23:28:39 +0000"
    },
    "done": true
  },
  "smallships:recipes/acacia_galley": {
    "criteria": {
      "in_water": "2024-10-03 23:25:39 +0000"
    },
    "done": true
  },
  "smallships:recipes/spruce_rowboat": {
    "criteria": {
      "in_water": "2024-10-03 23:25:39 +0000"
    },
    "done": true
  },
  "mining_dimension:recipes/decorations/teleporter": {
    "criteria": {
      "has_log": "2024-10-03 23:22:56 +0000"
    },
    "done": true
  },
  "smallships:recipes/lotr_maple_cog": {
    "criteria": {
      "in_water": "2024-10-03 23:25:39 +0000"
    },
    "done": true
  },
  "smallships:recipes/bop_mahogany_drakkar": {
    "criteria": {
      "in_water": "2024-10-03 23:25:39 +0000"
    },
    "done": true
  },
  "mcwfurnitures:recipes/dark_oak/dark_oak_stool_chair": {
    "criteria": {
      "has_planks": "2024-10-03 23:26:40 +0000"
    },
    "done": true
  },
  "minecraft:recipes/building_blocks/spruce_slab": {
    "criteria": {
      "has_planks": "2024-10-03 23:23:33 +0000"
    },
    "done": true
  },
  "mcwfurnitures:recipes/oak/oak_nightstand_10": {
    "criteria": {
      "has_planks": "2024-10-03 23:23:16 +0000"
    },
    "done": true
  },
  "minecraft:recipes/building_blocks/granite_slab_from_granite_stonecutting": {
    "criteria": {
      "has_granite": "2024-10-03 23:28:42 +0000"
    },
    "done": true
  },
  "smallships:recipes/bop_palm_galley": {
    "criteria": {
      "in_water": "2024-10-03 23:25:39 +0000"
    },
    "done": true
  },
  "mcwfurnitures:recipes/oak/oak_nightstand_11": {
    "criteria": {
      "has_planks": "2024-10-03 23:23:16 +0000"
    },
    "done": true
  },
  "mcwfurnitures:recipes/dark_oak/dark_oak_desk_left": {
    "criteria": {
      "has_planks": "2024-10-03 23:26:40 +0000"
    },
    "done": true
  },
  "smallships:recipes/birch_galley": {
    "criteria": {
      "in_water": "2024-10-03 23:25:39 +0000"
    },
    "done": true
  },
  "smallships:recipes/envi_willow_galley": {
    "criteria": {
      "in_water": "2024-10-03 23:25:39 +0000"
    },
    "done": true
  },
  "smallships:recipes/bop_palm_brigg": {
    "criteria": {
      "in_water": "2024-10-03 23:25:39 +0000"
    },
    "done": true
  },
  "betterendforge:recipes/betterendforge/terminite_shovel_smithing": {
    "criteria": {
      "has_stick": "2024-10-03 23:23:32 +0000"
    },
    "done": true
  },
  "smallships:recipes/lotr_apple_cog": {
    "criteria": {
      "in_water": "2024-10-03 23:25:39 +0000"
    },
    "done": true
  },
  "mcwfurnitures:recipes/dark_oak/dark_oak_covered_desk_right": {
    "criteria": {
      "has_planks": "2024-10-03 23:26:40 +0000"
    },
    "done": true
  },
  "minecraft:recipes/tools/lead": {
    "criteria": {
      "has_slime_ball": "2024-10-03 23:33:10 +0000"
    },
    "done": true
  },
  "mcwfurnitures:recipes/spruce/spruce_nightstand_11": {
    "criteria": {
      "has_planks": "2024-10-03 23:22:56 +0000"
    },
    "done": true
  },
  "mcwfurnitures:recipes/spruce/spruce_nightstand_10": {
    "criteria": {
      "has_planks": "2024-10-03 23:22:56 +0000"
    },
    "done": true
  },
  "minecraft:recipes/redstone/oak_pressure_plate": {
    "criteria": {
      "has_planks": "2024-10-03 23:23:29 +0000"
    },
    "done": true
  },
  "smallships:recipes/lotr_charred_brigg": {
    "criteria": {
      "in_water": "2024-10-03 23:25:39 +0000"
    },
    "done": true
  },
  "undergarden:recipes/decorations/undergarden_scaffolding": {
    "criteria": {
      "has_stick": "2024-10-03 23:23:32 +0000"
    },
    "done": true
  },
  "biomesoplenty:biomesoplenty/root": {
    "criteria": {
      "meadow": "2024-10-03 23:21:55 +0000"
    },
    "done": true
  },
  "smallships:recipes/bop_redwood_brigg": {
    "criteria": {
      "in_water": "2024-10-03 23:25:39 +0000"
    },
    "done": true
  },
  "smallships:recipes/lotr_green_oak_brigg": {
    "criteria": {
      "in_water": "2024-10-03 23:25:39 +0000"
    },
    "done": true
  },
  "betterendforge:recipes/betterendforge/terminite_axe_smithing": {
    "criteria": {
      "has_stick": "2024-10-03 23:23:32 +0000"
    },
    "done": true
  },
  "smallships:recipes/lotr_cedar_drakkar": {
    "criteria": {
      "in_water": "2024-10-03 23:25:39 +0000"
    },
    "done": true
  },
  "smallships:recipes/bop_dead_cog": {
    "criteria": {
      "in_water": "2024-10-03 23:25:39 +0000"
    },
    "done": true
  },
  "minecraft:recipes/building_blocks/oak_wood": {
    "criteria": {
      "has_log": "2024-10-03 23:23:16 +0000"
    },
    "done": true
  },
  "minecraft:story/root": {
    "criteria": {
      "crafting_table": "2024-10-03 23:23:31 +0000"
    },
    "done": true
  },
  "smallships:recipes/bop_cherry_war_galley": {
    "criteria": {
      "in_water": "2024-10-03 23:25:39 +0000"
    },
    "done": true
  },
  "smallships:recipes/bop_dead_galley": {
    "criteria": {
      "in_water": "2024-10-03 23:25:39 +0000"
    },
    "done": true
  },
  "mcwfurnitures:recipes/oak/oak_double_desk_right": {
    "criteria": {
      "has_planks": "2024-10-03 23:23:15 +0000"
    },
    "done": true
  },
  "sophisticatedbackpacks:recipes/sophisticatedbackpacks/smoking_upgrade": {
    "criteria": {
      "has_upgrade_base": "2024-10-03 23:21:55 +0000"
    },
    "done": true
  },
  "inventorypets:root": {
    "criteria": {
      "auto": "2024-10-03 23:21:55 +0000"
    },
    "done": true
  },
  "mcwfurnitures:recipes/oak/oak_dresser_12": {
    "criteria": {
      "has_planks": "2024-10-03 23:23:16 +0000"
    },
    "done": true
  },
  "mcwfurnitures:recipes/oak/oak_dresser_13": {
    "criteria": {
      "has_planks": "2024-10-03 23:23:16 +0000"
    },
    "done": true
  },
  "mcwfurnitures:recipes/oak/oak_dresser_14": {
    "criteria": {
      "has_planks": "2024-10-03 23:23:16 +0000"
    },
    "done": true
  },
  "corail_recycler:recipes/recycler": {
    "criteria": {
      "requirement_1": "2024-10-03 23:23:29 +0000"
    },
    "done": true
  },
  "slimier-slimes:recipes/slimier-slimes/lime_slime_block": {
    "criteria": {
      "has_slime_ball": "2024-10-03 23:33:10 +0000"
    },
    "done": true
  },
  "slimier-slimes:recipes/slimier-slimes/light_gray_slime_block": {
    "criteria": {
      "has_slime_ball": "2024-10-03 23:33:10 +0000"
    },
    "done": true
  },
  "ironchest:recipes/ironchest/upgrades/iron_to_gold_chest_upgrade": {
    "criteria": {
      "has_iron_ingot": "2024-10-03 23:31:22 +0000"
    },
    "done": true
  },
  "minecraft:recipes/building_blocks/polished_granite_slab": {
    "criteria": {
      "has_polished_granite": "2024-10-03 23:28:41 +0000"
    },
    "done": true
  },
  "mcwfurnitures:recipes/spruce/spruce_nightstand_9": {
    "criteria": {
      "has_planks": "2024-10-03 23:22:56 +0000"
    },
    "done": true
  },
  "smallships:recipes/lotr_beech_drakkar": {
    "criteria": {
      "in_water": "2024-10-03 23:25:39 +0000"
    },
    "done": true
  },
  "slimier-slimes:recipes/slimier-slimes/orange_slime_block": {
    "criteria": {
      "has_slime_ball": "2024-10-03 23:33:10 +0000"
    },
    "done": true
  },
  "minecraft:recipes/redstone/oak_button": {
    "criteria": {
      "has_planks": "2024-10-03 23:23:29 +0000"
    },
    "done": true
  },
  "mcwfurnitures:recipes/spruce/spruce_double_desk_left": {
    "criteria": {
      "has_planks": "2024-10-03 23:22:56 +0000"
    },
    "done": true
  },
  "betterendforge:recipes/betterendforge/thallasium_axe_smithing": {
    "criteria": {
      "has_stick": "2024-10-03 23:23:32 +0000"
    },
    "done": true
  },
  "smallships:recipes/lotr_holly_cog": {
    "criteria": {
      "in_water": "2024-10-03 23:25:39 +0000"
    },
    "done": true
  },
  "minecraft:recipes/misc/iron_ingot": {
    "criteria": {
      "has_iron_ore": "2024-10-03 23:28:58 +0000"
    },
    "done": true
  },
  "smallships:recipes/lotr_lairelosse_war_galley": {
    "criteria": {
      "in_water": "2024-10-03 23:25:39 +0000"
    },
    "done": true
  },
  "smallships:recipes/oak_drakkar": {
    "criteria": {
      "in_water": "2024-10-03 23:25:39 +0000",
      "has_the_recipe": "2024-10-03 23:25:39 +0000"
    },
    "done": true
  },
  "smallships:recipes/bop_umbran_rowboat": {
    "criteria": {
      "in_water": "2024-10-03 23:25:39 +0000"
    },
    "done": true
  },
  "smallships:recipes/lotr_lebethron_rowboat": {
    "criteria": {
      "in_water": "2024-10-03 23:25:39 +0000"
    },
    "done": true
  },
  "smallships:recipes/dark_oak_rowboat": {
    "criteria": {
      "in_water": "2024-10-03 23:25:39 +0000"
    },
    "done": true
  },
  "minecraft:recipes/redstone/dark_oak_pressure_plate": {
    "criteria": {
      "has_planks": "2024-10-03 23:27:10 +0000"
    },
    "done": true
  },
  "smallships:recipes/lotr_charred_drakkar": {
    "criteria": {
      "in_water": "2024-10-03 23:25:39 +0000"
    },
    "done": true
  },
  "mcwfurnitures:recipes/spruce/spruce_nightstand_8": {
    "criteria": {
      "has_planks": "2024-10-03 23:22:56 +0000"
    },
    "done": true
  },
  "mcwfurnitures:recipes/spruce/spruce_nightstand_5": {
    "criteria": {
      "has_planks": "2024-10-03 23:22:56 +0000"
    },
    "done": true
  },
  "mcwfurnitures:recipes/spruce/spruce_nightstand_6": {
    "criteria": {
      "has_planks": "2024-10-03 23:22:56 +0000"
    },
    "done": true
  },
  "minecraft:recipes/building_blocks/mossy_stone_brick_slab_from_mossy_stone_brick_stonecutting": {
    "criteria": {
      "has_mossy_stone_bricks": "2024-10-03 23:27:13 +0000"
    },
    "done": true
  },
  "mcwfurnitures:recipes/spruce/spruce_nightstand_3": {
    "criteria": {
      "has_planks": "2024-10-03 23:22:56 +0000"
    },
    "done": true
  },
  "mcwfurnitures:recipes/spruce/spruce_nightstand_4": {
    "criteria": {
      "has_planks": "2024-10-03 23:22:56 +0000"
    },
    "done": true
  },
  "minecraft:recipes/redstone/iron_door": {
    "criteria": {
      "has_iron_ingot": "2024-10-03 23:31:22 +0000"
    },
    "done": true
  },
  "mcwfurnitures:recipes/spruce/spruce_nightstand_2": {
    "criteria": {
      "has_planks": "2024-10-03 23:22:56 +0000"
    },
    "done": true
  },
  "mcwfurnitures:recipes/spruce/spruce_striped_chair": {
    "criteria": {
      "has_planks": "2024-10-03 23:22:56 +0000"
    },
    "done": true
  },
  "syp:recipes/misc/pet_bandage": {
    "criteria": {
      "has_paper": "2024-10-03 23:33:10 +0000"
    },
    "done": true
  },
  "mcwfurnitures:recipes/spruce/spruce_modern_desk_right": {
    "criteria": {
      "has_planks": "2024-10-03 23:22:56 +0000"
    },
    "done": true
  },
  "corail_recycler:tutorial/root": {
    "criteria": {
      "auto": "2024-10-03 23:21:55 +0000"
    },
    "done": true
  },
  "smallships:recipes/jungle_brigg": {
    "criteria": {
      "in_water": "2024-10-03 23:25:39 +0000"
    },
    "done": true
  },
  "minecraft:recipes/misc/iron_ingot_from_nuggets": {
    "criteria": {
      "has_iron_nugget": "2024-10-03 23:32:42 +0000"
    },
    "done": true
  },
  "smallships:recipes/lotr_green_oak_rowboat": {
    "criteria": {
      "in_water": "2024-10-03 23:25:39 +0000"
    },
    "done": true
  },
  "minecraft:recipes/redstone/oak_door": {
    "criteria": {
      "has_planks": "2024-10-03 23:23:29 +0000"
    },
    "done": true
  },
  "smallships:recipes/spruce_war_galley": {
    "criteria": {
      "in_water": "2024-10-03 23:25:39 +0000"
    },
    "done": true
  },
  "minecraft:recipes/transportation/jungle_boat": {
    "criteria": {
      "in_water": "2024-10-03 23:25:39 +0000"
    },
    "done": true
  },
  "smallships:recipes/bop_redwood_rowboat": {
    "criteria": {
      "in_water": "2024-10-03 23:25:39 +0000"
    },
    "done": true
  },
  "smallships:recipes/envi_willow_brigg": {
    "criteria": {
      "in_water": "2024-10-03 23:25:39 +0000"
    },
    "done": true
  },
  "mcwfurnitures:recipes/spruce/spruce_plate": {
    "criteria": {
      "has_planks": "2024-10-03 23:22:56 +0000"
    },
    "done": true
  },
  "ironchest:recipes/ironchest/upgrades/wood_to_iron_chest_upgrade": {
    "criteria": {
      "has_iron_ingot": "2024-10-03 23:31:22 +0000"
    },
    "done": true
  },
  "minecraft:recipes/redstone/heavy_weighted_pressure_plate": {
    "criteria": {
      "has_iron_ingot": "2024-10-03 23:31:22 +0000"
    },
    "done": true
  },
  "mcwfurnitures:recipes/spruce/spruce_dresser_box": {
    "criteria": {
      "has_planks": "2024-10-03 23:22:56 +0000"
    },
    "done": true
  },
  "minecraft:recipes/transportation/dark_oak_boat": {
    "criteria": {
      "in_water": "2024-10-03 23:25:39 +0000"
    },
    "done": true
  },
  "smallships:recipes/lotr_pine_drakkar": {
    "criteria": {
      "in_water": "2024-10-03 23:25:39 +0000"
    },
    "done": true
  },
  "sophisticatedbackpacks:recipes/sophisticatedbackpacks/auto_smoking_upgrade_from_auto_smelting_upgrade": {
    "criteria": {
      "has_auto_smelting_upgrade": "2024-10-03 23:21:55 +0000"
    },
    "done": true
  },
  "smallships:recipes/birch_rowboat": {
    "criteria": {
      "in_water": "2024-10-03 23:25:39 +0000"
    },
    "done": true
  },
  "smallships:recipes/bop_mahogany_war_galley": {
    "criteria": {
      "in_water": "2024-10-03 23:25:39 +0000"
    },
    "done": true
  },
  "smallships:recipes/bop_magic_drakkar": {
    "criteria": {
      "in_water": "2024-10-03 23:25:39 +0000"
    },
    "done": true
  },
  "smallships:recipes/bop_dead_drakkar": {
    "criteria": {
      "in_water": "2024-10-03 23:25:39 +0000"
    },
    "done": true
  },
  "smallships:recipes/lotr_cherry_cog": {
    "criteria": {
      "in_water": "2024-10-03 23:25:39 +0000"
    },
    "done": true
  },
  "mcwfurnitures:recipes/spruce/spruce_dresser": {
    "criteria": {
      "has_planks": "2024-10-03 23:22:56 +0000"
    },
    "done": true
  },
  "minecraft:recipes/building_blocks/polished_granite": {
    "criteria": {
      "has_stone": "2024-10-03 23:28:42 +0000"
    },
    "done": true
  },
  "smallships:recipes/lotr_cedar_war_galley": {
    "criteria": {
      "in_water": "2024-10-03 23:25:39 +0000"
    },
    "done": true
  },
  "minecraft:recipes/redstone/spruce_trapdoor": {
    "criteria": {
      "has_planks": "2024-10-03 23:23:33 +0000"
    },
    "done": true
  },
  "slimier-slimes:recipes/slimier-slimes/magenta_slime_block": {
    "criteria": {
      "has_slime_ball": "2024-10-03 23:33:10 +0000"
    },
    "done": true
  },
  "smallships:recipes/bop_hellbark_galley": {
    "criteria": {
      "in_water": "2024-10-03 23:25:39 +0000"
    },
    "done": true
  },
  "toolleveling:recipes/tool_leveling_table": {
    "criteria": {
      "has_enchanted_book": "2024-10-03 23:33:10 +0000"
    },
    "done": true
  },
  "mcwfurnitures:recipes/oak/oak_nightstand": {
    "criteria": {
      "has_planks": "2024-10-03 23:23:16 +0000"
    },
    "done": true
  },
  "smallships:recipes/lotr_holly_rowboat": {
    "criteria": {
      "in_water": "2024-10-03 23:25:39 +0000"
    },
    "done": true
  },
  "mcwfurnitures:recipes/spruce/spruce_plant_pot_right": {
    "criteria": {
      "has_planks": "2024-10-03 23:22:56 +0000"
    },
    "done": true
  },
  "sworddisplay:recipes/sworddisplay/spruce_sword_case": {
    "criteria": {
      "has_core": "2024-10-03 23:23:33 +0000"
    },
    "done": true
  },
  "smallships:recipes/lotr_pear_brigg": {
    "criteria": {
      "in_water": "2024-10-03 23:25:39 +0000"
    },
    "done": true
  },
  "minecraft:recipes/decorations/dark_oak_fence": {
    "criteria": {
      "has_planks": "2024-10-03 23:27:10 +0000"
    },
    "done": true
  },
  "smallships:recipes/envi_cherry_cog": {
    "criteria": {
      "in_water": "2024-10-03 23:25:39 +0000"
    },
    "done": true
  },
  "smallships:recipes/lotr_lairelosse_brigg": {
    "criteria": {
      "in_water": "2024-10-03 23:25:39 +0000"
    },
    "done": true
  },
  "smallships:recipes/lotr_lebethron_brigg": {
    "criteria": {
      "in_water": "2024-10-03 23:25:39 +0000"
    },
    "done": true
  },
  "mcwfurnitures:recipes/oak/oak_glass_desk_right": {
    "criteria": {
      "has_planks": "2024-10-03 23:23:16 +0000"
    },
    "done": true
  },
  "smallships:recipes/lotr_maple_galley": {
    "criteria": {
      "in_water": "2024-10-03 23:25:39 +0000"
    },
    "done": true
  },
  "minecraft:recipes/decorations/soul_campfire": {
    "criteria": {
      "has_stick": "2024-10-03 23:23:32 +0000"
    },
    "done": true
  },
  "minecraft:story/smelt_iron": {
    "criteria": {
      "iron": "2024-10-03 23:31:22 +0000"
    },
    "done": true
  },
  "silentgear:recipes/silentgear/sturdy_repair_kit": {
    "criteria": {
      "has_item": "2024-10-03 23:31:22 +0000"
    },
    "done": true
  },
  "smallships:recipes/lotr_cypress_cog": {
    "criteria": {
      "in_water": "2024-10-03 23:25:39 +0000"
    },
    "done": true
  },
  "minecraft:recipes/building_blocks/melon": {
    "criteria": {
      "has_melon": "2024-10-03 23:33:23 +0000"
    },
    "done": true
  },
  "mcwfurnitures:recipes/oak/oak_modern_chair": {
    "criteria": {
      "has_planks": "2024-10-03 23:23:15 +0000"
    },
    "done": true
  },
  "DataVersion": 2586
}